"Final Fantasy Card Name","Original MTG Name","Card Image","Card Set","Card Number","Print Variant","Available Variants","Treatment / Frame","Game Number","Rarity","Type Line","Color Identity","Owned","Non-Foil Qty","Foil Qty","Special Foil Qty","Total Quantity Owned","Condition","Price (USD)","Price (Foil)","Storage Location"
"Absolute Virtue","","=IMAGE(""https://cards.scryfall.io/normal/front/a/a/aa192912-c9ee-403f-8a46-a338c9edb4b9.jpg?1783906576"", 1)","FIN","0212","Basic/Non-foil","Non-Foil, Traditional Foil","Standard","FF11","Mythic","Legendary Creature — Avatar Warrior","UW","No",0,0,0,0,"Near Mint (NM)",2.45,4.15,""
"Absolute Virtue","","=IMAGE(""https://cards.scryfall.io/normal/front/6/6/6663e103-3356-46d3-80a0-32e28d6dfc95.jpg?1783906164"", 1)","PFIN","212s","Promo","Traditional Foil, Promo","Standard","FF11","Mythic","Legendary Creature — Avatar Warrior","UW","No",0,0,0,0,"Near Mint (NM)","",41.11,""
"Absolute Virtue","","=IMAGE(""https://cards.scryfall.io/normal/front/5/0/50716867-4370-4c2f-aae5-9d791a5d5a2e.jpg?1783906470"", 1)","FIN","0476","Basic/Non-foil","Non-Foil, Traditional Foil","Extended Art","FF11","Mythic","Legendary Creature — Avatar Warrior","UW","No",0,0,0,0,"Near Mint (NM)",12.42,29.27,""
"Adelbert Steiner","","=IMAGE(""https://cards.scryfall.io/normal/front/1/a/1a67a991-1e52-4676-a2e3-2bc7aa943ab3.jpg?1783906656"", 1)","FIN","0003","Basic/Non-foil","Non-Foil, Traditional Foil","Standard","FF9","Uncommon","Legendary Creature — Human Knight","W","No",0,0,0,0,"Near Mint (NM)",0.18,0.32,""
"Adelbert Steiner","","=IMAGE(""https://cards.scryfall.io/normal/front/8/1/817ffbb6-5e7c-4498-af65-9e3d0cc5bcd6.jpg?1783906493"", 1)","FIN","0422","Basic/Non-foil","Non-Foil, Traditional Foil","Extended Art","FF9","Uncommon","Legendary Creature — Human Knight","W","No",0,0,0,0,"Near Mint (NM)",1.67,15.04,""
"Hero of Light","Adeline, Resplendent Cathar","=IMAGE(""https://cards.scryfall.io/normal/front/0/b/0b9579d8-bc8f-4d74-bfc1-dcdd42568f79.jpg?1783906395"", 1)","FCA","0001","Basic/Non-foil","Non-Foil, Traditional Foil","Borderless","FF3","Rare","Legendary Creature — Human Knight","W","No",0,0,0,0,"Near Mint (NM)",4.75,25.21,""
"Adventurer's Airship","","=IMAGE(""https://cards.scryfall.io/normal/front/0/a/0a1d6dcd-bd41-4f57-a35b-6613811fe4d4.jpg?1783906558"", 1)","FIN","0252","Basic/Non-foil","Non-Foil, Traditional Foil","Standard","FF1","Common","Artifact — Vehicle","Colorless","No",0,0,0,0,"Near Mint (NM)",0.13,0.24,""
"Adventurer's Inn","","=IMAGE(""https://cards.scryfall.io/normal/front/f/0/f0da2ee1-986e-4cbf-92eb-d96fdb572ca5.jpg?1783906552"", 1)","FIN","0271","Basic/Non-foil","Non-Foil, Traditional Foil","Standard","FF3","Common","Land — Town","Colorless","No",0,0,0,0,"Near Mint (NM)",0.28,0.31,""
"Aerith Gainsborough","","=IMAGE(""https://cards.scryfall.io/normal/front/e/8/e86328b6-ded2-41df-8b6e-4a770e7b171e.jpg?1783906655"", 1)","FIN","0004","Basic/Non-foil","Non-Foil, Traditional Foil","Standard","FF7","Rare","Legendary Creature — Human Cleric","W","No",0,0,0,0,"Near Mint (NM)",2.42,2.93,""
"Aerith Gainsborough","","=IMAGE(""https://cards.scryfall.io/normal/front/f/7/f7bac30c-1401-4a3b-90ae-4ae1709a214a.jpg?1785258657"", 1)","PFIN","4s","Promo","Traditional Foil, Promo","Standard","FF7","Rare","Legendary Creature — Human Cleric","W","No",0,0,0,0,"Near Mint (NM)","",22.06,""
"Aerith Gainsborough","","=IMAGE(""https://cards.scryfall.io/normal/front/f/a/fa316d6e-9ea7-4496-a3f3-5023a6952473.jpg?1783906513"", 1)","FIN","0374","Basic/Non-foil","Non-Foil, Traditional Foil","Borderless","FF7","Rare","Legendary Creature — Human Cleric","W","No",0,0,0,0,"Near Mint (NM)",10.21,14.12,""
"Aerith Gainsborough","","=IMAGE(""https://cards.scryfall.io/normal/front/6/a/6a1796e1-30c5-4e55-bec8-7013512606b0.jpg?1783906493"", 1)","FIN","0423","Basic/Non-foil","Non-Foil, Traditional Foil","Extended Art","FF7","Rare","Legendary Creature — Human Cleric","W","No",0,0,0,0,"Near Mint (NM)",6.05,37.85,""
"Aerith Gainsborough","","=IMAGE(""https://cards.scryfall.io/normal/front/0/2/024a8033-fb41-40a4-b71d-0aa533e0f378.jpg?1783906451"", 1)","FIN","0519","Surge Foil","Surge Foil","Borderless","FF7","Rare","Legendary Creature — Human Cleric","W","No",0,0,0,0,"Near Mint (NM)","",84.26,""
"Aerith, Last Ancient","","=IMAGE(""https://cards.scryfall.io/normal/front/d/0/d041a51c-9a28-4b32-9da3-0f06807959f1.jpg?1783906349"", 1)","FIC","0076","Surge Foil","Surge Foil","Standard","FF7","Rare","Legendary Creature — Human Cleric Druid","GW","No",0,0,0,0,"Near Mint (NM)",0.33,"",""
"Aerith, Last Ancient","","=IMAGE(""https://cards.scryfall.io/normal/front/a/a/aa1bd238-a9f5-4145-9668-eb49a3b4c2bf.jpg?1783904647"", 1)","FIC","0471","Wave Foil","Wave Foil","Borderless","FF7","Rare","Legendary Creature — Human Cleric Druid","GW","No",0,0,0,0,"Near Mint (NM)","",123.12,""
"Aerith, Last Ancient","","=IMAGE(""https://cards.scryfall.io/normal/front/8/2/82518d3f-9557-416b-9b4d-dfe3ffa57f88.jpg?1783906318"", 1)","FIC","0163","Basic/Non-foil","Non-Foil, Traditional Foil","Extended Art","FF7","Rare","Legendary Creature — Human Cleric Druid","GW","No",0,0,0,0,"Near Mint (NM)",1.56,10.23,""
"Aerith Rescue Mission","","=IMAGE(""https://cards.scryfall.io/normal/front/3/1/3123d16c-e1e6-4659-a7a3-2ec6efc6bf08.jpg?1783906653"", 1)","FIN","0005","Basic/Non-foil","Non-Foil, Traditional Foil","Standard","FF7","Common","Sorcery","W","No",0,0,0,0,"Near Mint (NM)",0.2,0.28,""
"Aettir and Priwen","","=IMAGE(""https://cards.scryfall.io/normal/front/0/3/038710ca-c756-4e66-a9de-278e676c9f5b.jpg?1783906559"", 1)","FIN","0253","Basic/Non-foil","Non-Foil, Traditional Foil","Standard","FF14","Mythic","Legendary Artifact — Equipment","Colorless","No",0,0,0,0,"Near Mint (NM)",12.27,13.39,""
"Aettir and Priwen","","=IMAGE(""https://cards.scryfall.io/normal/front/d/7/d77bcdaf-eef4-485a-bf45-40d56815b62e.jpg?1783906151"", 1)","PFIN","253s","Promo","Traditional Foil, Promo","Standard","FF14","Mythic","Legendary Artifact — Equipment","Colorless","No",0,0,0,0,"Near Mint (NM)","",19.22,""
"Aettir and Priwen","","=IMAGE(""https://cards.scryfall.io/normal/front/2/c/2ceea116-6197-45ec-a5a9-73588744b8a0.jpg?1783906523"", 1)","FIN","0350","Basic/Non-foil","Non-Foil, Traditional Foil","Borderless","FF14","Mythic","Legendary Artifact — Equipment","Colorless","No",0,0,0,0,"Near Mint (NM)",18.16,40.2,""
"Ahriman","","=IMAGE(""https://cards.scryfall.io/normal/front/1/6/162a415c-5465-497e-8f4e-c6f09681641d.jpg?1783906624"", 1)","FIN","0087","Basic/Non-foil","Non-Foil, Traditional Foil","Standard","FF3","Common","Creature — Eye Horror","B","No",0,0,0,0,"Near Mint (NM)",0.17,0.2,""
"Airship Crash","","=IMAGE(""https://cards.scryfall.io/normal/front/e/c/ec91c4e4-711f-464d-bc83-e6813f4fdcdb.jpg?1783906592"", 1)","FIN","0171","Basic/Non-foil","Non-Foil, Traditional Foil","Standard","FF9","Common","Instant","G","No",0,0,0,0,"Near Mint (NM)",0.17,0.24,""
"Blessing of the Oracle","Akroma's Will","=IMAGE(""https://cards.scryfall.io/normal/front/f/c/fc9c542d-ff46-4193-9972-68287879a8a0.jpg?1783906388"", 1)","FCA","0021","Basic/Non-foil","Non-Foil, Traditional Foil","Borderless","FF15","Mythic","Instant","W","No",0,0,0,0,"Near Mint (NM)",34.14,135.12,""
"Al Bhed Salvagers","","=IMAGE(""https://cards.scryfall.io/normal/front/5/8/58ccdcfc-a669-480f-bded-4273cfaf2045.jpg?1783906624"", 1)","FIN","0088","Basic/Non-foil","Non-Foil, Traditional Foil","Standard","FF10","Uncommon","Creature — Human Artificer Warrior","B","No",0,0,0,0,"Near Mint (NM)",0.22,0.32,""
"Alisaie Leveilleur","","=IMAGE(""https://cards.scryfall.io/normal/front/b/a/ba96f831-02cb-4a74-a2e4-7f76444e3cd7.jpg?1783906371"", 1)","FIC","0009","Surge Foil","Surge Foil","Standard","FF14","Rare","Legendary Creature — Elf Wizard","W","No",0,0,0,0,"Near Mint (NM)",0.27,"",""
"Alisaie Leveilleur","","=IMAGE(""https://cards.scryfall.io/normal/front/d/e/de9e594c-fe46-4c24-8e64-a5929472453d.jpg?1783906330"", 1)","FIC","0129","Basic/Non-foil","Non-Foil, Traditional Foil","Extended Art","FF14","Rare","Legendary Creature — Elf Wizard","W","No",0,0,0,0,"Near Mint (NM)",3.16,11.71,""
"Alphinaud Leveilleur","","=IMAGE(""https://cards.scryfall.io/normal/front/6/5/65331e86-1ff3-45e4-b789-7afec4ca9bd5.jpg?1783906363"", 1)","FIC","0033","Surge Foil","Surge Foil","Standard","FF14","Rare","Legendary Creature — Elf Wizard","U","No",0,0,0,0,"Near Mint (NM)",0.21,"",""
"Alphinaud Leveilleur","","=IMAGE(""https://cards.scryfall.io/normal/front/3/7/37e4ab61-bf18-4f9f-ba78-3e08a21aaf4d.jpg?1783906327"", 1)","FIC","0140","Basic/Non-foil","Non-Foil, Traditional Foil","Extended Art","FF14","Rare","Legendary Creature — Elf Wizard","U","No",0,0,0,0,"Near Mint (NM)",1.18,6.18,""
"Altered Ego","","=IMAGE(""https://cards.scryfall.io/normal/front/f/d/fda23b02-c650-4092-a35d-ae330547c425.jpg?1783906255"", 1)","FIC","0317","Surge Foil","Surge Foil","Standard","FF10","Rare","Creature — Shapeshifter","GU","No",0,0,0,0,"Near Mint (NM)",0.24,"",""
"Amarant Coral","","=IMAGE(""https://cards.scryfall.io/normal/front/0/0/00ef8f06-dfcc-4ffa-a054-b0c81b39dcc0.jpg?1783904652"", 1)","FIC","0457","Basic/Non-foil","Non-Foil, Traditional Foil","Borderless","FF9","Rare","Legendary Creature — Human Monk","GR","No",0,0,0,0,"Near Mint (NM)",3.74,2.84,""
"Amarant Coral // Amarant Coral","","=IMAGE(""https://cards.scryfall.io/normal/front/8/e/8e0f0337-e8ad-4ac0-ad1c-97ce6a36adb1.jpg?1783904662"", 1)","AFIC","0016","Basic/Non-foil","Non-Foil, Traditional Foil","Art Card","FF9","Common","Card // Card","Colorless","No",0,0,0,0,"Near Mint (NM)","","",""
"Ambrosia Whiteheart","","=IMAGE(""https://cards.scryfall.io/normal/front/f/2/f2596767-7d19-4110-86ed-3cfc93ac7483.jpg?1783906654"", 1)","FIN","0006","Basic/Non-foil","Non-Foil, Traditional Foil","Standard","FF16","Uncommon","Legendary Creature — Bird","W","No",0,0,0,0,"Near Mint (NM)",0.22,0.3,""
"Ambrosia Whiteheart","","=IMAGE(""https://cards.scryfall.io/normal/front/2/e/2ecefb14-23a2-44f4-a3aa-63c246f744e1.jpg?1783906532"", 1)","FIN","0325","Basic/Non-foil","Non-Foil, Traditional Foil","Borderless","FF16","Uncommon","Legendary Creature — Bird","W","No",0,0,0,0,"Near Mint (NM)",0.51,0.65,""
"Ambrosia Whiteheart","","=IMAGE(""https://cards.scryfall.io/normal/front/f/c/fcd2f288-9d05-465a-bb3e-2a444a027096.jpg?1783906494"", 1)","FIN","0424","Basic/Non-foil","Non-Foil, Traditional Foil","Extended Art","FF16","Uncommon","Legendary Creature — Bird","W","No",0,0,0,0,"Near Mint (NM)",0.85,7.03,""
"Ancient Adamantoise","","=IMAGE(""https://cards.scryfall.io/normal/front/4/c/4c139f30-5ecd-48fd-ae7c-ec2cc98889ff.jpg?1783906591"", 1)","FIN","0172","Basic/Non-foil","Non-Foil, Traditional Foil","Standard","FF15","Mythic","Creature — Turtle","G","No",0,0,0,0,"Near Mint (NM)",3.06,5.4,""
"Ancient Adamantoise","","=IMAGE(""https://cards.scryfall.io/normal/front/7/9/7976e5ae-f2c3-467e-a4d5-b6c609d8aa26.jpg?1783906173"", 1)","PFIN","172s","Promo","Traditional Foil, Promo","Standard","FF15","Mythic","Creature — Turtle","G","No",0,0,0,0,"Near Mint (NM)","",33.45,""
"Dragon of Mount Gulg","Ancient Copper Dragon","=IMAGE(""https://cards.scryfall.io/normal/front/f/6/f6cbc754-8aed-4c32-857c-ea639943b5d2.jpg?1783906392"", 1)","FCA","0012","Basic/Non-foil","Non-Foil, Traditional Foil","Borderless","FF1","Mythic","Creature — Elder Dragon","R","No",0,0,0,0,"Near Mint (NM)",107.62,433.61,""
"Angelo","","=IMAGE(""https://cards.scryfall.io/normal/front/5/4/54347961-0a41-4f62-b47e-2afa0ca07b21.jpg?1783906131"", 1)","TFIN","0019","Basic/Non-foil","Non-Foil, Traditional Foil","Standard","FF8","Common","Token Legendary Creature — Dog","GW","No",0,0,0,0,"Near Mint (NM)","","",""
"Angel of the Ruins","","=IMAGE(""https://cards.scryfall.io/normal/front/f/d/fd9c99f0-390d-4ab1-ac0a-b18f1b0af12c.jpg?1783906295"", 1)","FIC","0229","Surge Foil","Surge Foil","Standard","FF6","Uncommon","Artifact Creature — Angel","W","No",0,0,0,0,"Near Mint (NM)",0.28,"",""
"Anger","","=IMAGE(""https://cards.scryfall.io/normal/front/4/8/484ade24-6c2c-4f7e-b561-da802a80e0bb.jpg?1783906264"", 1)","FIC","0289","Surge Foil","Surge Foil","Standard","FF6","Uncommon","Creature — Incarnation","R","No",0,0,0,0,"Near Mint (NM)",0.54,"",""
"An Offer You Can't Refuse","","=IMAGE(""https://cards.scryfall.io/normal/front/f/e/fe1023a2-c096-4c62-8627-e865b348ba02.jpg?1783906275"", 1)","FIC","0267","Surge Foil","Surge Foil","Standard","FF10","Uncommon","Instant","U","No",0,0,0,0,"Near Mint (NM)",3.03,"",""
"フェイタリズム","Arcane Denial","=IMAGE(""https://cards.scryfall.io/normal/front/8/a/8a5e5463-2451-48b7-a924-a81d2dd99671.jpg?1783906138"", 1)","RFIN","J2","Promo","Non-Foil, Traditional Foil, Promo","Borderless","FF14","Rare","Instant","U","No",0,0,0,0,"Near Mint (NM)",13.49,77.67,""
"Arcane Sanctum","","=IMAGE(""https://cards.scryfall.io/normal/front/8/2/82ce1102-a88c-46ff-9fc1-7153beb50b6a.jpg?1783906231"", 1)","FIC","0373","Surge Foil","Surge Foil","Standard","FF14","Uncommon","Land","BUW","No",0,0,0,0,"Near Mint (NM)",0.38,"",""
"Arcane Signet","","=IMAGE(""https://cards.scryfall.io/normal/front/9/c/9ce66ebc-b39f-4b40-9d95-981629a5dd06.jpg?1783906246"", 1)","FIC","0332","Surge Foil","Surge Foil","Standard","FF6","Common","Artifact","Colorless","No",0,0,0,0,"Near Mint (NM)",0.49,"",""
"Arcane Signet","","=IMAGE(""https://cards.scryfall.io/normal/front/f/4/f4f7cc5b-a52a-470b-8970-260b61c91ad5.jpg?1783906247"", 1)","FIC","0333","Surge Foil","Surge Foil","Standard","FF7","Common","Artifact","Colorless","No",0,0,0,0,"Near Mint (NM)",0.44,"",""
"Arcane Signet","","=IMAGE(""https://cards.scryfall.io/normal/front/9/d/9df4b5a2-95bf-4268-9d75-6065176651d1.jpg?1785650657"", 1)","FIC","0334","Surge Foil","Surge Foil","Standard","FF10","Common","Artifact","Colorless","No",0,0,0,0,"Near Mint (NM)",0.42,"",""
"Arcane Signet","","=IMAGE(""https://cards.scryfall.io/normal/front/4/c/4c861c4c-0520-46d9-b281-63a1188417dc.jpg?1783906247"", 1)","FIC","0335","Surge Foil","Surge Foil","Standard","FF14","Common","Artifact","Colorless","No",0,0,0,0,"Near Mint (NM)",0.47,"",""
"Archaeomancer's Map","","=IMAGE(""https://cards.scryfall.io/normal/front/c/6/c6ff5063-c93f-4b21-8d08-ab0e8e046d39.jpg?1783906295"", 1)","FIC","0230","Surge Foil","Surge Foil","Standard","FF14","Rare","Artifact","W","No",0,0,0,0,"Near Mint (NM)",1.09,"",""
"Archfiend of Depravity","","=IMAGE(""https://cards.scryfall.io/normal/front/a/a/aa0ba9cb-e45c-4c23-baab-38e01391ec6b.jpg?1783906272"", 1)","FIC","0273","Surge Foil","Surge Foil","Standard","FF6","Rare","Creature — Demon","B","No",0,0,0,0,"Near Mint (NM)",0.46,"",""
"Archmage Emeritus","","=IMAGE(""https://cards.scryfall.io/normal/front/e/8/e85c555a-f034-4c79-92d8-610527d16529.jpg?1783906279"", 1)","FIC","0261","Surge Foil","Surge Foil","Standard","FF14","Rare","Creature — Human Wizard","U","No",0,0,0,0,"Near Mint (NM)",0.6,"",""
"Ardbert, Warrior of Darkness","","=IMAGE(""https://cards.scryfall.io/normal/front/9/f/9fc1ac8a-bbd4-4d17-81d9-fd04876084b1.jpg?1783906348"", 1)","FIC","0077","Surge Foil","Surge Foil","Standard","FF14","Rare","Legendary Creature — Spirit Warrior","BW","No",0,0,0,0,"Near Mint (NM)",0.34,"",""
"Ardbert, Warrior of Darkness","","=IMAGE(""https://cards.scryfall.io/normal/front/8/6/866400d8-c94b-4b1a-ba5a-20f9d92476db.jpg?1783906318"", 1)","FIC","0164","Basic/Non-foil","Non-Foil, Traditional Foil","Extended Art","FF14","Rare","Legendary Creature — Spirit Warrior","BW","No",0,0,0,0,"Near Mint (NM)",2.49,10.29,""
"Ardyn, the Usurper","","=IMAGE(""https://cards.scryfall.io/normal/front/4/6/4627072e-9c72-4084-8021-690777342548.jpg?1785650696"", 1)","FIN","0089","Basic/Non-foil","Non-Foil, Traditional Foil","Standard","FF15","Rare","Legendary Creature — Elder Human Noble","B","No",0,0,0,0,"Near Mint (NM)",0.98,1.38,""
"Ardyn, the Usurper","","=IMAGE(""https://cards.scryfall.io/normal/front/4/7/47af882d-2036-4b66-bff0-31b7b8b89749.jpg?1785650703"", 1)","PFIN","89s","Promo","Traditional Foil, Promo","Standard","FF15","Rare","Legendary Creature — Elder Human Noble","B","No",0,0,0,0,"Near Mint (NM)","",7.34,""
"Ardyn, the Usurper","","=IMAGE(""https://cards.scryfall.io/normal/front/4/1/41ae833d-77ee-4876-8990-591ae0d800ab.jpg?1783906534"", 1)","FIN","0315","Basic/Non-foil","Non-Foil, Traditional Foil","Borderless","FF15","Rare","Legendary Creature — Elder Human Noble","B","No",0,0,0,0,"Near Mint (NM)",3.17,7.24,""
"Ardyn, the Usurper","","=IMAGE(""https://cards.scryfall.io/normal/front/3/5/35090ce1-6fb4-438c-88e9-dd116d550a92.jpg?1783906511"", 1)","FIN","0379","Basic/Non-foil","Non-Foil, Traditional Foil","Borderless","FF15","Rare","Legendary Creature — Elder Human Noble","B","No",0,0,0,0,"Near Mint (NM)",2.24,2.55,""
"Ardyn, the Usurper","","=IMAGE(""https://cards.scryfall.io/normal/front/c/4/c4c34b33-4b03-4225-ac22-a34efe173b42.jpg?1785650710"", 1)","FIN","0444","Basic/Non-foil","Non-Foil, Traditional Foil","Extended Art","FF15","Rare","Legendary Creature — Elder Human Noble","B","No",0,0,0,0,"Near Mint (NM)",2.27,10.74,""
"Ardyn, the Usurper","","=IMAGE(""https://cards.scryfall.io/normal/front/3/4/34bd7a66-afb1-4a6b-80b3-fce1bb361d88.jpg?1783906451"", 1)","FIN","0524","Surge Foil","Surge Foil","Borderless","FF15","Rare","Legendary Creature — Elder Human Noble","B","No",0,0,0,0,"Near Mint (NM)","",16.37,""
"A Realm Reborn","","=IMAGE(""https://cards.scryfall.io/normal/front/d/1/d1af74e4-38d5-44b5-85e1-4d13f6970453.jpg?1783906582"", 1)","FIN","0196","Basic/Non-foil","Non-Foil, Traditional Foil","Standard","FF14","Rare","Enchantment","G","No",0,0,0,0,"Near Mint (NM)",0.41,0.56,""
"A Realm Reborn","","=IMAGE(""https://cards.scryfall.io/normal/front/1/3/13f4b6f3-736f-4f33-9d05-9bfd0b05b214.jpg?1783904642"", 1)","FIN","0566","Wave Foil","Wave Foil","Borderless","FF14","Rare","Enchantment","G","No",0,0,0,0,"Near Mint (NM)","",34.58,""
"A Realm Reborn","","=IMAGE(""https://cards.scryfall.io/normal/front/6/1/610e4aad-f7d7-42af-81e3-408989f3f576.jpg?1783906168"", 1)","PFIN","196s","Promo","Traditional Foil, Promo","Standard","FF14","Rare","Enchantment","G","No",0,0,0,0,"Near Mint (NM)","",3.2,""
"A Realm Reborn","","=IMAGE(""https://cards.scryfall.io/normal/front/a/a/aa78ab04-6ddf-4a67-8bcf-0da4646a1e48.jpg?1783906527"", 1)","FIN","0344","Basic/Non-foil","Non-Foil, Traditional Foil","Borderless","FF14","Rare","Enchantment","G","No",0,0,0,0,"Near Mint (NM)",1.2,2.39,""
"Armory Automaton","","=IMAGE(""https://cards.scryfall.io/normal/front/9/9/99fbb6f1-0584-45c2-b4c5-0431447913d4.jpg?1783906242"", 1)","FIC","0336","Surge Foil","Surge Foil","Standard","FF7","Rare","Artifact Creature — Construct","Colorless","No",0,0,0,0,"Near Mint (NM)",0.21,"",""
"Ash Barrens","","=IMAGE(""https://cards.scryfall.io/normal/front/7/7/77df073b-49dc-4743-82a3-d595bc938761.jpg?1783906229"", 1)","FIC","0374","Surge Foil","Surge Foil","Standard","FF6","Common","Land","Colorless","No",0,0,0,0,"Near Mint (NM)",0.33,"",""
"Ashe, Princess of Dalmasca","","=IMAGE(""https://cards.scryfall.io/normal/front/f/f/ffe0596f-ef99-4862-9386-0fe455259995.jpg?1783906653"", 1)","FIN","0007","Basic/Non-foil","Non-Foil, Traditional Foil","Standard","FF12","Uncommon","Legendary Creature — Human Rebel Noble","W","No",0,0,0,0,"Near Mint (NM)",0.25,0.27,""
"Ashe, Princess of Dalmasca","","=IMAGE(""https://cards.scryfall.io/normal/front/9/b/9b103e50-8bac-41d4-966e-a5d42132bc12.jpg?1783906492"", 1)","FIN","0425","Basic/Non-foil","Non-Foil, Traditional Foil","Extended Art","FF12","Uncommon","Legendary Creature — Human Rebel Noble","W","No",0,0,0,0,"Near Mint (NM)",2.39,16.07,""
"Astrologian's Planisphere","","=IMAGE(""https://cards.scryfall.io/normal/front/b/f/bfa4e927-1d6f-4a64-9801-7d168a5ef3f6.jpg?1783906640"", 1)","FIN","0046","Basic/Non-foil","Non-Foil, Traditional Foil","Standard","FF14","Rare","Artifact — Equipment","U","No",0,0,0,0,"Near Mint (NM)",0.31,0.61,""
"Astrologian's Planisphere","","=IMAGE(""https://cards.scryfall.io/normal/front/a/0/a0f6e2d7-58b5-4a7d-8c42-e25185cd173f.jpg?1783906430"", 1)","FIN","0581","Surge Foil","Surge Foil","Standard","FF14","Rare","Artifact — Equipment","U","No",0,0,0,0,"Near Mint (NM)","",4.32,""
"Astrologian's Planisphere","","=IMAGE(""https://cards.scryfall.io/normal/front/8/9/89e3ef53-ccb6-4b8e-a512-c9debf87eecf.jpg?1783906194"", 1)","PFIN","46s","Promo","Traditional Foil, Promo","Standard","FF14","Rare","Artifact — Equipment","U","No",0,0,0,0,"Near Mint (NM)","",5.83,""
"Astrologian's Planisphere // Astrologian's Planisphere","","=IMAGE(""https://cards.scryfall.io/normal/front/b/3/b3cdbce0-eba7-4be8-b6fc-b7fdd2a435eb.jpg?1783906425"", 1)","AFIN","0004","Basic/Non-foil","Non-Foil, Traditional Foil","Art Card","FF14","Common","Card // Card","Colorless","No",0,0,0,0,"Near Mint (NM)","","",""
"Sephiroth, the Savior","Atraxa, Grand Unifier","=IMAGE(""https://cards.scryfall.io/normal/front/b/e/be326fe9-4ed8-4f64-934c-9955edea5fdb.jpg?1783906381"", 1)","FCA","0049","Basic/Non-foil","Non-Foil, Traditional Foil","Borderless","FF7","Mythic","Legendary Creature — Phyrexian Angel","BGUW","No",0,0,0,0,"Near Mint (NM)",30.58,294.97,""
"Auron's Inspiration","","=IMAGE(""https://cards.scryfall.io/normal/front/7/7/77d82764-563c-4bc2-b568-625ec7215e0d.jpg?1783906653"", 1)","FIN","0008","Basic/Non-foil","Non-Foil, Traditional Foil","Standard","FF10","Uncommon","Instant","W","No",0,0,0,0,"Near Mint (NM)",0.16,0.24,""
"Auron, Venerated Guardian","","=IMAGE(""https://cards.scryfall.io/normal/front/c/b/cb82d614-13d8-40ec-9213-8e6852d37c9c.jpg?1783906371"", 1)","FIC","0010","Surge Foil","Surge Foil","Standard","FF10","Rare","Legendary Creature — Human Spirit Samurai","W","No",0,0,0,0,"Near Mint (NM)",0.28,"",""
"Auron, Venerated Guardian","","=IMAGE(""https://cards.scryfall.io/normal/front/1/2/12646217-db83-4b47-8f79-388c925dce77.jpg?1783906330"", 1)","FIC","0130","Basic/Non-foil","Non-Foil, Traditional Foil","Extended Art","FF10","Rare","Legendary Creature — Human Spirit Samurai","W","No",0,0,0,0,"Near Mint (NM)",1.32,7.27,""
"Austere Command","","=IMAGE(""https://cards.scryfall.io/normal/front/9/3/93e3dbd9-20f6-47a2-8246-c260b2ead9dc.jpg?1783906292"", 1)","FIC","0231","Surge Foil","Surge Foil","Standard","FF7","Rare","Sorcery","W","No",0,0,0,0,"Near Mint (NM)",0.33,"",""
"Authority of the Consuls","","=IMAGE(""https://cards.scryfall.io/normal/front/5/3/53e3fa87-8de0-4e3a-90bf-780dd0a9fb48.jpg?1783906294"", 1)","FIC","0232","Surge Foil","Surge Foil","Standard","FF14","Rare","Enchantment","W","No",0,0,0,0,"Near Mint (NM)",4.46,"",""
"Avalanche of Sector 7","","=IMAGE(""https://cards.scryfall.io/normal/front/2/0/20a87dbc-5deb-42ae-9097-806e9a27466f.jpg?1783906357"", 1)","FIC","0053","Surge Foil","Surge Foil","Standard","FF7","Rare","Legendary Creature — Human Rebel","R","No",0,0,0,0,"Near Mint (NM)",0.22,"",""
"Avalanche of Sector 7","","=IMAGE(""https://cards.scryfall.io/normal/front/9/c/9c7bf45f-88f4-4b5f-a816-ae096e177ff0.jpg?1783906322"", 1)","FIC","0150","Basic/Non-foil","Non-Foil, Traditional Foil","Extended Art","FF7","Rare","Legendary Creature — Human Rebel","R","No",0,0,0,0,"Near Mint (NM)",0.32,4.06,""
"Princess Sarah","Azusa, Lost but Seeking","=IMAGE(""https://cards.scryfall.io/normal/front/e/a/ea8e1f76-bd26-4037-8556-e348d50bfd95.jpg?1783906390"", 1)","FCA","0015","Basic/Non-foil","Non-Foil, Traditional Foil","Borderless","FF1","Rare","Legendary Creature — Human Monk","G","No",0,0,0,0,"Near Mint (NM)",10.63,46.17,""
"Balamb Garden, SeeD Academy // Balamb Garden, Airborne","","=IMAGE(""https://cards.scryfall.io/normal/front/0/0/001e9f20-5b15-41cb-bf82-46172decc235.jpg?1783906558"", 1)","FIN","0272","Basic/Non-foil","Non-Foil, Traditional Foil","Standard","FF8","Rare","Land — Town // Legendary Artifact — Vehicle","GU","No",0,0,0,0,"Near Mint (NM)",0.3,0.42,""
"Balamb Garden, SeeD Academy // Balamb Garden, Airborne","","=IMAGE(""https://cards.scryfall.io/normal/front/d/d/dd08f30d-6bb8-45b9-a79c-81ff9578803e.jpg?1783906156"", 1)","PFIN","272s","Promo","Traditional Foil, Promo","Standard","FF8","Rare","Land — Town // Legendary Artifact — Vehicle","GU","No",0,0,0,0,"Near Mint (NM)","",13.57,""
"Balamb Garden, SeeD Academy // Balamb Garden, Airborne","","=IMAGE(""https://cards.scryfall.io/normal/front/1/a/1a6c87dc-188c-4c75-9026-568263940b90.jpg?1783906526"", 1)","FIN","0354","Basic/Non-foil","Non-Foil, Traditional Foil","Borderless","FF8","Rare","Land — Town // Legendary Artifact — Vehicle","GU","No",0,0,0,0,"Near Mint (NM)",1.63,2.01,""
"Balamb T-Rexaur","","=IMAGE(""https://cards.scryfall.io/normal/front/e/5/e5857b1b-73bc-458e-b26b-7ed8bef785f3.jpg?1783906591"", 1)","FIN","0173","Basic/Non-foil","Non-Foil, Traditional Foil","Standard","FF8","Common","Creature — Dinosaur","G","No",0,0,0,0,"Near Mint (NM)",0.22,0.21,""
"Baleful Strix","","=IMAGE(""https://cards.scryfall.io/normal/front/4/a/4ae1ec4a-5367-4663-841b-4038ae30a690.jpg?1783906251"", 1)","FIC","0318","Surge Foil","Surge Foil","Standard","FF14","Rare","Artifact Creature — Bird","BU","No",0,0,0,0,"Near Mint (NM)",1.03,"",""
"Balthier and Fran","","=IMAGE(""https://cards.scryfall.io/normal/front/a/f/afcaed7d-7ea3-4f2a-a7f5-ee3315226369.jpg?1783906576"", 1)","FIN","0213","Basic/Non-foil","Non-Foil, Traditional Foil","Standard","FF12","Rare","Legendary Creature — Human Rabbit","GR","No",0,0,0,0,"Near Mint (NM)",0.26,0.37,""
"Balthier and Fran","","=IMAGE(""https://cards.scryfall.io/normal/front/d/d/dd4da0d3-29c0-4697-877a-a07e3dae3af6.jpg?1783906164"", 1)","PFIN","213s","Promo","Traditional Foil, Promo","Standard","FF12","Rare","Legendary Creature — Human Rabbit","GR","No",0,0,0,0,"Near Mint (NM)","",2.44,""
"Balthier and Fran","","=IMAGE(""https://cards.scryfall.io/normal/front/6/a/6aaba8b1-1fcb-4a73-894f-f32400352c8c.jpg?1783906533"", 1)","FIN","0319","Basic/Non-foil","Non-Foil, Traditional Foil","Borderless","FF12","Rare","Legendary Creature — Human Rabbit","GR","No",0,0,0,0,"Near Mint (NM)",1.55,3.05,""
"Balthier and Fran","","=IMAGE(""https://cards.scryfall.io/normal/front/c/8/c8198264-150f-4f95-9de1-cbc7fa456535.jpg?1783906503"", 1)","FIN","0393","Basic/Non-foil","Non-Foil, Traditional Foil","Borderless","FF12","Rare","Legendary Creature — Human Rabbit","GR","No",0,0,0,0,"Near Mint (NM)",1.28,1.52,""
"Balthier and Fran","","=IMAGE(""https://cards.scryfall.io/normal/front/8/c/8c9eaf03-0af1-496f-b3d9-37938a8dc6dd.jpg?1783906470"", 1)","FIN","0477","Basic/Non-foil","Non-Foil, Traditional Foil","Extended Art","FF12","Rare","Legendary Creature — Human Rabbit","GR","No",0,0,0,0,"Near Mint (NM)",0.88,8.76,""
"Balthier and Fran","","=IMAGE(""https://cards.scryfall.io/normal/front/a/b/ab6954bc-4fbc-4cb9-9c4d-1f46b3fe0085.jpg?1783906442"", 1)","FIN","0538","Surge Foil","Surge Foil","Borderless","FF12","Rare","Legendary Creature — Human Rabbit","GR","No",0,0,0,0,"Near Mint (NM)","",27.99,""
"Bane of Progress","","=IMAGE(""https://cards.scryfall.io/normal/front/5/f/5fc6876d-7441-42ac-b9a1-c10a0f6a387a.jpg?1783906264"", 1)","FIC","0299","Surge Foil","Surge Foil","Standard","FF10","Rare","Creature — Elemental","G","No",0,0,0,0,"Near Mint (NM)",0.35,"",""
"Banon, the Returners' Leader","","=IMAGE(""https://cards.scryfall.io/normal/front/6/3/63e84ece-b129-457d-84ed-b4280120f08b.jpg?1783906347"", 1)","FIC","0078","Surge Foil","Surge Foil","Standard","FF6","Rare","Legendary Creature — Human Cleric Rebel","RW","No",0,0,0,0,"Near Mint (NM)",0.26,"",""
"Banon, the Returners' Leader","","=IMAGE(""https://cards.scryfall.io/normal/front/9/f/9f860c20-cf00-449b-85cb-d53227162ccf.jpg?1783906317"", 1)","FIC","0165","Basic/Non-foil","Non-Foil, Traditional Foil","Extended Art","FF6","Rare","Legendary Creature — Human Cleric Rebel","RW","No",0,0,0,0,"Near Mint (NM)",1.67,2.23,""
"Bard's Bow","","=IMAGE(""https://cards.scryfall.io/normal/front/2/a/2ac03e90-1e16-453f-88e4-a0448db73403.jpg?1783906591"", 1)","FIN","0174","Basic/Non-foil","Non-Foil, Traditional Foil","Standard","FF14","Common","Artifact — Equipment","G","No",0,0,0,0,"Near Mint (NM)",0.14,0.18,""
"Baron, Airship Kingdom","","=IMAGE(""https://cards.scryfall.io/normal/front/6/e/6e4bf840-802d-47d5-bffd-8ba495e19cf6.jpg?1783906552"", 1)","FIN","0273","Basic/Non-foil","Non-Foil, Traditional Foil","Standard","FF4","Common","Land — Town","RU","No",0,0,0,0,"Near Mint (NM)",0.18,0.29,""
"Barret, Avalanche Leader","","=IMAGE(""https://cards.scryfall.io/normal/front/2/e/2e37fd36-84f0-4869-bfae-da4b97c9725d.jpg?1783906346"", 1)","FIC","0079","Surge Foil","Surge Foil","Standard","FF7","Rare","Legendary Creature — Human Rebel","GR","No",0,0,0,0,"Near Mint (NM)",0.19,"",""
"Barret, Avalanche Leader","","=IMAGE(""https://cards.scryfall.io/normal/front/b/3/b39a7df7-12b8-4537-9f17-25dfc6d2a5c6.jpg?1783904646"", 1)","FIC","0472","Wave Foil","Wave Foil","Borderless","FF7","Rare","Legendary Creature — Human Rebel","GR","No",0,0,0,0,"Near Mint (NM)","",24.84,""
"Barret, Avalanche Leader","","=IMAGE(""https://cards.scryfall.io/normal/front/6/e/6ee716c6-a4be-4237-bdef-f812baffa6d5.jpg?1783906316"", 1)","FIC","0166","Basic/Non-foil","Non-Foil, Traditional Foil","Extended Art","FF7","Rare","Legendary Creature — Human Rebel","GR","No",0,0,0,0,"Near Mint (NM)",0.45,2.47,""
"Barret Wallace","","=IMAGE(""https://cards.scryfall.io/normal/front/1/a/1a504dff-5857-4a61-ab99-616d5df7cf5a.jpg?1783906607"", 1)","FIN","0129","Basic/Non-foil","Non-Foil, Traditional Foil","Standard","FF7","Uncommon","Legendary Creature — Human Rebel","R","No",0,0,0,0,"Near Mint (NM)",0.18,0.23,""
"Barret Wallace","","=IMAGE(""https://cards.scryfall.io/normal/front/e/a/ea5b9fe8-2561-4176-adfd-3fb790250bbc.jpg?1783906425"", 1)","FIN","0584","Surge Foil","Surge Foil","Standard","FF7","Uncommon","Legendary Creature — Human Rebel","R","No",0,0,0,0,"Near Mint (NM)","",4.07,""
"Barret Wallace","","=IMAGE(""https://cards.scryfall.io/normal/front/3/c/3c8d6eaa-e6d1-4a52-98fb-9cb4d876cc0b.jpg?1783906477"", 1)","FIN","0457","Basic/Non-foil","Non-Foil, Traditional Foil","Extended Art","FF7","Uncommon","Legendary Creature — Human Rebel","R","No",0,0,0,0,"Near Mint (NM)",0.81,13.69,""
"Barret Wallace // Barret Wallace","","=IMAGE(""https://cards.scryfall.io/normal/front/8/0/8025c445-45cb-42ac-b24e-98dda6490c54.jpg?1783906421"", 1)","AFIN","0008","Basic/Non-foil","Non-Foil, Traditional Foil","Art Card","FF7","Common","Card // Card","Colorless","No",0,0,0,0,"Near Mint (NM)","","",""
"Bartz and Boko","","=IMAGE(""https://cards.scryfall.io/normal/front/d/8/d818d574-2832-4a7a-a13b-aa6e695fdaa5.jpg?1783906591"", 1)","FIN","0175","Basic/Non-foil","Non-Foil, Traditional Foil","Standard","FF5","Rare","Legendary Creature — Human Bird","G","No",0,0,0,0,"Near Mint (NM)",0.41,0.64,""
"Bartz and Boko","","=IMAGE(""https://cards.scryfall.io/normal/front/d/4/d4ac428e-8819-475b-b7cf-41083e0448b5.jpg?1783906172"", 1)","PFIN","175s","Promo","Traditional Foil, Promo","Standard","FF5","Rare","Legendary Creature — Human Bird","G","No",0,0,0,0,"Near Mint (NM)","",4.81,""
"Bartz and Boko","","=IMAGE(""https://cards.scryfall.io/normal/front/1/b/1b9a92f8-2044-4554-aec9-00b410dada35.jpg?1783906473"", 1)","FIN","0469","Basic/Non-foil","Non-Foil, Traditional Foil","Extended Art","FF5","Rare","Legendary Creature — Human Bird","G","No",0,0,0,0,"Near Mint (NM)",2.82,12.11,""
"Bastion of Remembrance","","=IMAGE(""https://cards.scryfall.io/normal/front/6/8/68846892-3cdb-4a17-aef7-dd7a3aed22ff.jpg?1783906272"", 1)","FIC","0274","Surge Foil","Surge Foil","Standard","FF14","Uncommon","Enchantment","B","No",0,0,0,0,"Near Mint (NM)",0.34,"",""
"Bastion Protector","","=IMAGE(""https://cards.scryfall.io/normal/front/0/e/0ed04a28-2984-4fa6-a11e-f508b7b5446e.jpg?1783906293"", 1)","FIC","0233","Surge Foil","Surge Foil","Standard","FF7","Rare","Creature — Human Soldier","W","No",0,0,0,0,"Near Mint (NM)",0.33,"",""
"Battlefield Forge","","=IMAGE(""https://cards.scryfall.io/normal/front/a/2/a2de3346-9647-4540-ba41-e67c24ddf141.jpg?1783906228"", 1)","FIC","0375","Surge Foil","Surge Foil","Standard","FF7","Rare","Land","RW","No",0,0,0,0,"Near Mint (NM)",0.35,"",""
"Battle Menu","","=IMAGE(""https://cards.scryfall.io/normal/front/2/4/240e1466-bd02-423d-b829-234dcd2bfab2.jpg?1783906653"", 1)","FIN","0009","Basic/Non-foil","Non-Foil, Traditional Foil","Standard","FF6","Uncommon","Instant","W","No",0,0,0,0,"Near Mint (NM)",0.28,0.27,""
"Beatrix, Loyal General","","=IMAGE(""https://cards.scryfall.io/normal/front/9/d/9da83b07-4978-4af7-be51-8aa8f35ec0bb.jpg?1783906435"", 1)","FIN","0554","Promo","Non-Foil","Standard","FF9","Rare","Legendary Creature — Human Soldier","W","No",0,0,0,0,"Near Mint (NM)",0.77,"",""
"Beatrix, Loyal General","","=IMAGE(""https://cards.scryfall.io/normal/front/a/b/ab1b24dd-ab23-41b0-a074-e77e8d9c5564.jpg?1783906491"", 1)","FIN","0426","Basic/Non-foil","Non-Foil, Traditional Foil","Extended Art","FF9","Rare","Legendary Creature — Human Soldier","W","No",0,0,0,0,"Near Mint (NM)",6.23,37.42,""
"Bedevil","","=IMAGE(""https://cards.scryfall.io/normal/front/2/8/284fe591-88e6-46f0-8b9c-9ec7d143a2d0.jpg?1783906253"", 1)","FIC","0319","Surge Foil","Surge Foil","Standard","FF6","Rare","Instant","BR","No",0,0,0,0,"Near Mint (NM)",0.31,"",""
"Behemoth Sledge","","=IMAGE(""https://cards.scryfall.io/normal/front/2/2/22b8fad5-bb39-4a1b-9f9b-c0c9cf8228bb.jpg?1783906255"", 1)","FIC","0320","Surge Foil","Surge Foil","Standard","FF7","Uncommon","Artifact — Equipment","GW","No",0,0,0,0,"Near Mint (NM)",0.27,"",""
"Big Score","","=IMAGE(""https://cards.scryfall.io/normal/front/6/7/67d41ba2-a908-4613-b275-6ffe4165e48a.jpg?1783906265"", 1)","FIC","0290","Surge Foil","Surge Foil","Standard","FF6","Common","Instant","R","No",0,0,0,0,"Near Mint (NM)",0.46,"",""
"Bird","","=IMAGE(""https://cards.scryfall.io/normal/front/1/f/1fbc471d-5948-47fc-b7cc-81cc13a4cd15.jpg?1783906133"", 1)","TFIN","0016","Basic/Non-foil","Non-Foil, Traditional Foil","Standard","FF6","Common","Token Creature — Bird","G","No",0,0,0,0,"Near Mint (NM)","","",""
"Bird","","=IMAGE(""https://cards.scryfall.io/normal/front/8/6/8632216a-33c3-4d16-bf25-42e41af53986.jpg?1783906133"", 1)","TFIN","0017","Basic/Non-foil","Non-Foil, Traditional Foil","Standard","FF2","Common","Token Creature — Bird","G","No",0,0,0,0,"Near Mint (NM)","","",""
"Bird","","=IMAGE(""https://cards.scryfall.io/normal/front/0/2/023cebe4-ebe4-4398-9fd7-d3507660040a.jpg?1783906141"", 1)","TFIC","0004","Surge Foil","Surge Foil","Standard","FF14","Common","Token Creature — Bird","U","No",0,0,0,0,"Near Mint (NM)","","",""
"Paradise Chocobo","Birds of Paradise","=IMAGE(""https://cards.scryfall.io/normal/front/9/f/9f8b95bd-c709-4259-b3fe-92119b92acae.jpg?1783904642"", 1)","FIC","0483","Promo","Traditional Foil, Promo","Borderless","FF14","Rare","Creature — Bird","G","No",0,0,0,0,"Near Mint (NM)","",17.85,""
"Black Mage's Rod","","=IMAGE(""https://cards.scryfall.io/normal/front/3/5/35e8f140-055f-4fc7-a765-fb030d828214.jpg?1783906622"", 1)","FIN","0090","Basic/Non-foil","Non-Foil, Traditional Foil","Standard","FF1","Common","Artifact — Equipment","B","No",0,0,0,0,"Near Mint (NM)",0.57,0.44,""
"Black Waltz No. 3","","=IMAGE(""https://cards.scryfall.io/normal/front/f/e/fe86e41b-b0f6-4aa1-8827-c095c721f304.jpg?1783906575"", 1)","FIN","0214","Basic/Non-foil","Non-Foil, Traditional Foil","Standard","FF9","Uncommon","Legendary Creature — Wizard","BR","No",0,0,0,0,"Near Mint (NM)",0.31,0.4,""
"Black Waltz No. 3","","=IMAGE(""https://cards.scryfall.io/normal/front/7/d/7d143a13-a627-4b64-9356-253a2f9ddf98.jpg?1783906469"", 1)","FIN","0478","Basic/Non-foil","Non-Foil, Traditional Foil","Extended Art","FF9","Uncommon","Legendary Creature — Wizard","BR","No",0,0,0,0,"Near Mint (NM)",5.57,36.75,""
"Blazing Bomb","","=IMAGE(""https://cards.scryfall.io/normal/front/7/0/70f47277-ca47-428a-808f-0fb32e820a71.jpg?1783906606"", 1)","FIN","0130","Basic/Non-foil","Non-Foil, Traditional Foil","Standard","FF9","Common","Creature — Elemental","R","No",0,0,0,0,"Near Mint (NM)",0.13,0.18,""
"Blitzball","","=IMAGE(""https://cards.scryfall.io/normal/front/9/2/92f4ad73-42bf-45c0-8bb6-0b44043c81ef.jpg?1783906558"", 1)","FIN","0254","Basic/Non-foil","Non-Foil, Traditional Foil","Standard","FF10","Common","Artifact","Colorless","No",0,0,0,0,"Near Mint (NM)",0.22,0.29,""
"Blitzball Shot","","=IMAGE(""https://cards.scryfall.io/normal/front/e/c/ec8ab637-3d7d-4712-9f83-8920f808f715.jpg?1783906590"", 1)","FIN","0176","Basic/Non-foil","Non-Foil, Traditional Foil","Standard","FF10","Common","Instant","G","No",0,0,0,0,"Near Mint (NM)",0.17,0.19,""
"Blitzball Stadium","","=IMAGE(""https://cards.scryfall.io/normal/front/7/7/771808d9-d0c8-418b-ab6c-1ae6fc07ca20.jpg?1783906363"", 1)","FIC","0034","Surge Foil","Surge Foil","Standard","FF10","Rare","Artifact","U","No",0,0,0,0,"Near Mint (NM)",0.2,"",""
"Blitzball Stadium","","=IMAGE(""https://cards.scryfall.io/normal/front/9/3/931c1983-f606-4dc2-8d0b-3a7160ee0d06.jpg?1783906335"", 1)","FIC","0111","Basic/Non-foil","Non-Foil, Traditional Foil","Extended Art","FF10","Rare","Artifact","U","No",0,0,0,0,"Near Mint (NM)",0.41,0.75,""
"Blue Mage's Cane","","=IMAGE(""https://cards.scryfall.io/normal/front/9/b/9b3cfc13-db4e-4ec3-8444-f715bcd43be6.jpg?1783906363"", 1)","FIC","0035","Surge Foil","Surge Foil","Standard","FF14","Rare","Artifact — Equipment","U","No",0,0,0,0,"Near Mint (NM)",0.27,"",""
"Blue Mage's Cane","","=IMAGE(""https://cards.scryfall.io/normal/front/1/b/1b3188ab-feb9-4486-bda0-1b80f128f7d2.jpg?1783906336"", 1)","FIC","0112","Basic/Non-foil","Non-Foil, Traditional Foil","Extended Art","FF14","Rare","Artifact — Equipment","U","No",0,0,0,0,"Near Mint (NM)",0.37,0.74,""
"Kefka's Tower","Bolas's Citadel","=IMAGE(""https://cards.scryfall.io/normal/front/2/4/24b2833e-6c08-4f33-8481-f65f2a063c60.jpg?1783906393"", 1)","FCA","0007","Basic/Non-foil","Non-Foil, Traditional Foil","Borderless","FF6","Rare","Legendary Artifact","B","No",0,0,0,0,"Near Mint (NM)",16.99,61.7,""
"Bonders' Enclave","","=IMAGE(""https://cards.scryfall.io/normal/front/a/b/abcd3daa-dd34-4d7d-b3ed-839f5e438cd7.jpg?1783906227"", 1)","FIC","0376","Surge Foil","Surge Foil","Standard","FF7","Rare","Land","Colorless","No",0,0,0,0,"Near Mint (NM)",0.38,"",""
"Endwalker","Brainstorm","=IMAGE(""https://cards.scryfall.io/normal/front/c/1/c14f8bce-d5b3-4d01-8346-8a4923ec03d9.jpg?1783906385"", 1)","FCA","0028","Basic/Non-foil","Non-Foil, Traditional Foil","Borderless","FF14","Uncommon","Instant","U","No",0,0,0,0,"Near Mint (NM)",1.32,5.44,""
"Braska's Final Aeon // Braska's Final Aeon","","=IMAGE(""https://cards.scryfall.io/normal/front/2/d/2d9a5bfd-e0f2-44f9-9240-4081c6202e0a.jpg?1783906402"", 1)","AFIN","0039","Basic/Non-foil","Non-Foil, Traditional Foil","Art Card","FF10","Common","Card // Card","Colorless","No",0,0,0,0,"Near Mint (NM)","","",""
"Bred for the Hunt","","=IMAGE(""https://cards.scryfall.io/normal/front/a/0/a06fe501-0e25-46ee-8ed8-055f3bf636cd.jpg?1783906251"", 1)","FIC","0321","Surge Foil","Surge Foil","Standard","FF10","Uncommon","Enchantment","GU","No",0,0,0,0,"Near Mint (NM)",0.23,"",""
"Brilliant Wings","","=IMAGE(""https://cards.scryfall.io/normal/front/c/3/c358af5d-61e3-4c4d-9d7d-2f3e43210339.jpg?1783904653"", 1)","FIC","0454","Basic/Non-foil","Non-Foil, Traditional Foil","Borderless","FF9","Rare","Enchantment — Aura","W","No",0,0,0,0,"Near Mint (NM)",34.8,24.76,""
"Brilliant Wings // Brilliant Wings","","=IMAGE(""https://cards.scryfall.io/normal/front/c/8/c87ae25b-ae0b-4dd6-a6b9-726a2c38beba.jpg?1783904665"", 1)","AFIC","0013","Basic/Non-foil","Non-Foil, Traditional Foil","Art Card","FF9","Common","Card // Card","Colorless","No",0,0,0,0,"Near Mint (NM)","","",""
"Bronze Guardian","","=IMAGE(""https://cards.scryfall.io/normal/front/0/3/032dc879-bf2f-4626-8aac-4d5446421923.jpg?1783906292"", 1)","FIC","0234","Surge Foil","Surge Foil","Standard","FF7","Rare","Artifact Creature — Golem","W","No",0,0,0,0,"Near Mint (NM)",0.34,"",""
"Hugo Kupka","Bruse Tarl, Boorish Herder","=IMAGE(""https://cards.scryfall.io/normal/front/0/7/07889f56-740f-4d17-9b0e-8d8e9e327f31.jpg?1783906380"", 1)","FCA","0050","Basic/Non-foil","Non-Foil, Traditional Foil","Borderless","FF16","Rare","Legendary Creature — Human Ally","RW","No",0,0,0,0,"Near Mint (NM)",1.37,11.36,""
"Brushland","","=IMAGE(""https://cards.scryfall.io/normal/front/c/2/c2bc3f62-1e3a-4ec3-a83b-f6547d7c7b0d.jpg?1783906229"", 1)","FIC","0377","Surge Foil","Surge Foil","Standard","FF10","Rare","Land","GW","No",0,0,0,0,"Near Mint (NM)",0.44,"",""
"Bugenhagen, Wise Elder","","=IMAGE(""https://cards.scryfall.io/normal/front/9/9/99155fae-507a-4eab-918a-bdee021e2262.jpg?1783906352"", 1)","FIC","0066","Surge Foil","Surge Foil","Standard","FF7","Rare","Legendary Creature — Human Shaman","G","No",0,0,0,0,"Near Mint (NM)",0.44,"",""
"Bugenhagen, Wise Elder","","=IMAGE(""https://cards.scryfall.io/normal/front/d/f/df25ab56-3f87-4d63-915d-dacfbad17a4f.jpg?1783906319"", 1)","FIC","0159","Basic/Non-foil","Non-Foil, Traditional Foil","Extended Art","FF7","Rare","Legendary Creature — Human Shaman","G","No",0,0,0,0,"Near Mint (NM)",2.34,12.72,""
"Buster Sword","","=IMAGE(""https://cards.scryfall.io/normal/front/3/7/374d7383-a1a7-4eea-91f7-290180e14cc9.jpg?1783906560"", 1)","FIN","0255","Basic/Non-foil","Non-Foil, Traditional Foil","Standard","FF7","Mythic","Artifact — Equipment","Colorless","No",0,0,0,0,"Near Mint (NM)",52.85,52.59,""
"Buster Sword","","=IMAGE(""https://cards.scryfall.io/normal/front/b/f/bfa67320-b4cb-440b-b017-d7493ef8ad62.jpg?1783906152"", 1)","PFIN","255s","Promo","Traditional Foil, Promo","Standard","FF7","Mythic","Artifact — Equipment","Colorless","No",0,0,0,0,"Near Mint (NM)","",85.61,""
"Buster Sword","","=IMAGE(""https://cards.scryfall.io/normal/front/f/5/f57d0446-1eae-4b88-b65c-92a14a3f9cef.jpg?1783906523"", 1)","FIN","0351","Basic/Non-foil","Non-Foil, Traditional Foil","Borderless","FF7","Mythic","Artifact — Equipment","Colorless","No",0,0,0,0,"Near Mint (NM)",95.22,211.31,""
"Cactuar","","=IMAGE(""https://cards.scryfall.io/normal/front/d/5/d5273db4-6214-41e4-825a-612fca8bbe03.jpg?1783906590"", 1)","FIN","0177","Basic/Non-foil","Non-Foil, Traditional Foil","Standard","FF6","Uncommon","Creature — Plant","G","No",0,0,0,0,"Near Mint (NM)",0.24,0.31,""
"Cait Sith, Fortune Teller","","=IMAGE(""https://cards.scryfall.io/normal/front/3/e/3e0f6c53-6bbf-4d4c-bbbf-4dab22297527.jpg?1783906357"", 1)","FIC","0054","Surge Foil","Surge Foil","Standard","FF7","Rare","Legendary Artifact Creature — Cat Moogle","R","No",0,0,0,0,"Near Mint (NM)",0.3,"",""
"Cait Sith, Fortune Teller","","=IMAGE(""https://cards.scryfall.io/normal/front/2/6/26742bbb-38b1-43c1-8b33-80a79c8ddcce.jpg?1783906322"", 1)","FIC","0151","Basic/Non-foil","Non-Foil, Traditional Foil","Extended Art","FF7","Rare","Legendary Artifact Creature — Cat Moogle","R","No",0,0,0,0,"Near Mint (NM)",1.01,5.27,""
"Call the Mountain Chocobo","","=IMAGE(""https://cards.scryfall.io/normal/front/b/2/b2e1986c-2852-4843-bdc4-eddb727ba3d4.jpg?1783906607"", 1)","FIN","0131","Basic/Non-foil","Non-Foil, Traditional Foil","Standard","FF7","Common","Sorcery","R","No",0,0,0,0,"Near Mint (NM)",0.17,0.24,""
"Campsite Cuisine","","=IMAGE(""https://cards.scryfall.io/normal/front/e/c/ec6d3402-eed6-44be-a572-9ec0678af403.jpg?1783904649"", 1)","FIC","0464","Basic/Non-foil","Non-Foil, Traditional Foil","Borderless","FF15","Rare","Enchantment","G","No",0,0,0,0,"Near Mint (NM)",14.41,10.73,""
"Campsite Cuisine // Campsite Cuisine","","=IMAGE(""https://cards.scryfall.io/normal/front/a/a/aa688d0e-4dd1-4d7e-a987-17b61496ad62.jpg?1783904661"", 1)","AFIC","0023","Basic/Non-foil","Non-Foil, Traditional Foil","Art Card","FF15","Common","Card // Card","Colorless","No",0,0,0,0,"Near Mint (NM)","","",""
"Canopy Vista","","=IMAGE(""https://cards.scryfall.io/normal/front/5/d/5d33aeaa-df27-4c41-9926-79e9dc6a9c69.jpg?1783906227"", 1)","FIC","0378","Surge Foil","Surge Foil","Standard","FF7","Rare","Land — Forest Plains","GW","No",0,0,0,0,"Near Mint (NM)",0.27,"",""
"Capital City","","=IMAGE(""https://cards.scryfall.io/normal/front/f/7/f73ce8ec-c916-48eb-ae20-c0d6d03d7145.jpg?1783906551"", 1)","FIN","0274","Basic/Non-foil","Non-Foil, Traditional Foil","Standard","FF16","Uncommon","Land — Town","Colorless","No",0,0,0,0,"Near Mint (NM)",0.53,0.31,""
"Vaan, Aspiring Sky Pirate","Captain Lannery Storm","=IMAGE(""https://cards.scryfall.io/normal/front/7/c/7c3aeedd-d41b-44c9-9b0a-e5952202f632.jpg?1783906383"", 1)","FCA","0038","Basic/Non-foil","Non-Foil, Traditional Foil","Borderless","FF12","Uncommon","Legendary Creature — Human Pirate","R","No",0,0,0,0,"Near Mint (NM)",0.26,0.41,""
"Cargo Ship","","=IMAGE(""https://cards.scryfall.io/normal/front/9/3/932b865c-bfe7-4bb7-82e9-2403cf0e0522.jpg?1783906640"", 1)","FIN","0047","Basic/Non-foil","Non-Foil, Traditional Foil","Standard","FF9","Uncommon","Artifact — Vehicle","U","No",0,0,0,0,"Near Mint (NM)",0.23,0.29,""
"Fal'Cie Paradise","Carpet of Flowers","=IMAGE(""https://cards.scryfall.io/normal/front/d/d/dd28c05c-9473-4df8-9bb3-70593f2c5a50.jpg?1783906382"", 1)","FCA","0044","Basic/Non-foil","Non-Foil, Traditional Foil","Borderless","FF13","Rare","Enchantment","G","No",0,0,0,0,"Near Mint (NM)",2.89,20.77,""
"Cecil, Dark Knight // Cecil, Redeemed Paladin","","=IMAGE(""https://cards.scryfall.io/normal/front/0/2/026e7167-d665-43d0-a51e-8df2d68cdb5e.jpg?1783906631"", 1)","FIN","0091","Basic/Non-foil","Non-Foil, Traditional Foil","Standard","FF4","Rare","Legendary Creature — Human Knight // Legendary Creature — Human Knight","BW","No",0,0,0,0,"Near Mint (NM)",1.15,1.24,""
"Cecil, Dark Knight // Cecil, Redeemed Paladin","","=IMAGE(""https://cards.scryfall.io/normal/front/5/7/579a2f93-6447-4b02-bbf7-b09ef91bd709.jpg?1783906190"", 1)","PFIN","91s","Promo","Traditional Foil, Promo","Standard","FF4","Rare","Legendary Creature — Human Knight // Legendary Creature — Human Knight","BW","No",0,0,0,0,"Near Mint (NM)","",11.44,""
"Cecil, Dark Knight // Cecil, Redeemed Paladin","","=IMAGE(""https://cards.scryfall.io/normal/front/d/8/d8c5c414-c7a0-489b-9cb8-1b910aa89b8e.jpg?1783906516"", 1)","FIN","0380","Basic/Non-foil","Non-Foil, Traditional Foil","Borderless","FF4","Rare","Legendary Creature — Human Knight // Legendary Creature — Human Knight","BW","No",0,0,0,0,"Near Mint (NM)",3.4,4.5,""
"Cecil, Dark Knight // Cecil, Redeemed Paladin","","=IMAGE(""https://cards.scryfall.io/normal/front/c/9/c976f89d-768a-4cee-b0ac-90f854bfe94f.jpg?1783906487"", 1)","FIN","0445","Basic/Non-foil","Non-Foil, Traditional Foil","Extended Art","FF4","Rare","Legendary Creature — Human Knight // Legendary Creature — Human Knight","BW","No",0,0,0,0,"Near Mint (NM)",2.57,16.56,""
"Cecil, Dark Knight // Cecil, Redeemed Paladin","","=IMAGE(""https://cards.scryfall.io/normal/front/7/d/7d95f911-91c3-41ee-a709-c579c723eede.jpg?1783906454"", 1)","FIN","0525","Surge Foil","Surge Foil","Borderless","FF4","Rare","Legendary Creature — Human Knight // Legendary Creature — Human Knight","BW","No",0,0,0,0,"Near Mint (NM)","",25.35,""
"Celes, Rune Knight","","=IMAGE(""https://cards.scryfall.io/normal/front/3/0/30584c53-533b-4dc7-b07c-8600164a99b3.jpg?1783906375"", 1)","FIC","0001","Basic/Non-foil","Non-Foil, Traditional Foil","Standard","FF6","Mythic","Legendary Creature — Human Wizard Knight","BRW","No",0,0,0,0,"Near Mint (NM)",1.59,0.36,""
"Celes, Rune Knight","","=IMAGE(""https://cards.scryfall.io/normal/front/7/3/736a3102-6f0f-47ba-9ca6-f7574ec85a10.jpg?1783906317"", 1)","FIC","0167","Basic/Non-foil","Non-Foil, Traditional Foil","Extended Art","FF6","Mythic","Legendary Creature — Human Wizard Knight","BRW","No",0,0,0,0,"Near Mint (NM)",2.7,7.88,""
"Celes, Rune Knight","","=IMAGE(""https://cards.scryfall.io/normal/front/d/3/d30dd823-9a04-4e3d-89c6-0fc5afc9efa4.jpg?1783906304"", 1)","FIC","0201","Basic/Non-foil","Non-Foil, Traditional Foil","Borderless","FF6","Mythic","Legendary Creature — Human Wizard Knight","BRW","No",0,0,0,0,"Near Mint (NM)",32.56,47.18,""
"Celes, Rune Knight","","=IMAGE(""https://cards.scryfall.io/normal/front/f/1/f1c9e178-24ec-41cb-a6e2-9e9222dec4c2.jpg?1783906303"", 1)","FIC","0209","Surge Foil","Surge Foil","Borderless","FF6","Mythic","Legendary Creature — Human Wizard Knight","BRW","No",0,0,0,0,"Near Mint (NM)","",237.88,""
"Celes, Rune Knight","","=IMAGE(""https://cards.scryfall.io/normal/front/8/a/8adf7d34-186d-4823-a746-150d71b53739.jpg?1783906297"", 1)","FIC","0220","Surge Foil","Surge Foil","Standard","FF6","Mythic","Legendary Creature — Human Wizard Knight","BRW","No",0,0,0,0,"Near Mint (NM)","",1.93,""
"Champions from Beyond","","=IMAGE(""https://cards.scryfall.io/normal/front/d/1/d1031ce5-063f-4c38-a6a9-abc15d254dfc.jpg?1783906370"", 1)","FIC","0011","Surge Foil","Surge Foil","Standard","FF14","Rare","Enchantment","W","No",0,0,0,0,"Near Mint (NM)",3.72,"",""
"Champions from Beyond","","=IMAGE(""https://cards.scryfall.io/normal/front/9/2/92ef9285-e2dc-40fc-86fa-6913bbc405db.jpg?1783906339"", 1)","FIC","0101","Basic/Non-foil","Non-Foil, Traditional Foil","Extended Art","FF14","Rare","Enchantment","W","No",0,0,0,0,"Near Mint (NM)",7.73,10.99,""
"Champion's Helm","","=IMAGE(""https://cards.scryfall.io/normal/front/a/2/a207957a-16e4-4830-a101-39bcd4a46e61.jpg?1785650623"", 1)","FIC","0337","Surge Foil","Surge Foil","Standard","FF7","Rare","Artifact — Equipment","Colorless","No",0,0,0,0,"Near Mint (NM)",1.31,"",""
"Chaos Shrine's Black Crystal","","=IMAGE(""https://cards.scryfall.io/normal/front/4/1/417d0d15-4c90-45dc-86f8-4c17fc2dd3f4.jpg?1783904656"", 1)","FIC","0445","Basic/Non-foil","Non-Foil, Traditional Foil","Borderless","FF1","Rare","Legendary Artifact","B","No",0,0,0,0,"Near Mint (NM)",4.1,4.01,""
"Chaos Shrine's Black Crystal // Chaos Shrine's Black Crystal","","=IMAGE(""https://cards.scryfall.io/normal/front/b/f/bf18dca9-de07-47f5-be86-fbea8b527411.jpg?1783904671"", 1)","AFIC","0004","Basic/Non-foil","Non-Foil, Traditional Foil","Art Card","FF1","Common","Card // Card","Colorless","No",0,0,0,0,"Near Mint (NM)","","",""
"Chaos Warp","","=IMAGE(""https://cards.scryfall.io/normal/front/a/3/a3579f5c-255d-4b01-9b84-9f5c72cb4178.jpg?1783906265"", 1)","FIC","0291","Surge Foil","Surge Foil","Standard","FF7","Rare","Instant","R","No",0,0,0,0,"Near Mint (NM)",0.37,"",""
"Chasm Skulker","","=IMAGE(""https://cards.scryfall.io/normal/front/8/8/886ce333-44d7-458e-a3bb-a58d1d7fc69b.jpg?1783906278"", 1)","FIC","0262","Surge Foil","Surge Foil","Standard","FF10","Rare","Creature — Squid Horror","U","No",0,0,0,0,"Near Mint (NM)",0.36,"",""
"Chocobo Camp","","=IMAGE(""https://cards.scryfall.io/normal/front/4/f/4fcd08ad-4dac-4236-9030-f59e473b3ec7.jpg?1783904649"", 1)","FIC","0462","Basic/Non-foil","Non-Foil, Traditional Foil","Borderless","FF15","Rare","Land","G","No",0,0,0,0,"Near Mint (NM)",8.48,7.41,""
"Chocobo Camp // Chocobo Camp","","=IMAGE(""https://cards.scryfall.io/normal/front/4/e/4ebf9196-ac3c-4b74-a5c6-af55f728b9fd.jpg?1783904664"", 1)","AFIC","0021","Basic/Non-foil","Non-Foil, Traditional Foil","Art Card","FF15","Common","Card // Card","Colorless","No",0,0,0,0,"Near Mint (NM)","","",""
"Chocobo Kick","","=IMAGE(""https://cards.scryfall.io/normal/front/f/f/ff8c8be0-8223-499c-8704-cb68e0a42ce2.jpg?1783906590"", 1)","FIN","0178","Basic/Non-foil","Non-Foil, Traditional Foil","Standard","FF4","Common","Sorcery","G","No",0,0,0,0,"Near Mint (NM)",0.19,0.24,""
"Chocobo Knights","","=IMAGE(""https://cards.scryfall.io/normal/front/e/8/e874e435-7ade-4299-9803-1358c0f07a8f.jpg?1783906370"", 1)","FIC","0012","Surge Foil","Surge Foil","Standard","FF10","Rare","Creature — Human Knight","W","No",0,0,0,0,"Near Mint (NM)",0.32,"",""
"Chocobo Knights","","=IMAGE(""https://cards.scryfall.io/normal/front/e/a/ea58b5ff-7c16-4edf-a27f-b05459c8923f.jpg?1783906340"", 1)","FIC","0102","Basic/Non-foil","Non-Foil, Traditional Foil","Extended Art","FF10","Rare","Creature — Human Knight","W","No",0,0,0,0,"Near Mint (NM)",0.92,1.6,""
"Chocobo Racetrack","","=IMAGE(""https://cards.scryfall.io/normal/front/1/5/1565813b-6912-42f4-bae0-22136a2d6a92.jpg?1783906590"", 1)","FIN","0179","Basic/Non-foil","Non-Foil, Traditional Foil","Standard","FF7","Uncommon","Artifact","G","No",0,0,0,0,"Near Mint (NM)",0.36,0.38,""
"Choco-Comet","","=IMAGE(""https://cards.scryfall.io/normal/front/8/d/8d8d3903-a7f4-4cd8-8d29-b4a173e4fbb2.jpg?1783906607"", 1)","FIN","0132","Basic/Non-foil","Non-Foil, Traditional Foil","Standard","FF12","Uncommon","Sorcery","R","No",0,0,0,0,"Near Mint (NM)",0.23,0.32,""
"Choco, Seeker of Paradise","","=IMAGE(""https://cards.scryfall.io/normal/front/4/0/409c305a-52dc-4538-8e72-efcd568eaf49.jpg?1783906575"", 1)","FIN","0215","Basic/Non-foil","Non-Foil, Traditional Foil","Standard","FF9","Rare","Legendary Creature — Bird","GUW","No",0,0,0,0,"Near Mint (NM)",0.44,0.64,""
"Choco, Seeker of Paradise","","=IMAGE(""https://cards.scryfall.io/normal/front/1/c/1ce688fa-1fdb-4acd-b9b0-bf7325a6b8e0.jpg?1783904641"", 1)","FIN","0569","Wave Foil","Wave Foil","Borderless","FF9","Rare","Legendary Creature — Bird","GUW","No",0,0,0,0,"Near Mint (NM)","",96.14,""
"Choco, Seeker of Paradise","","=IMAGE(""https://cards.scryfall.io/normal/front/c/3/c3ffcf44-9cab-4ee0-a5db-4b6366e99863.jpg?1783906164"", 1)","PFIN","215s","Promo","Traditional Foil, Promo","Standard","FF9","Rare","Legendary Creature — Bird","GUW","No",0,0,0,0,"Near Mint (NM)","",8.94,""
"Choco, Seeker of Paradise","","=IMAGE(""https://cards.scryfall.io/normal/front/6/b/6bf0cce3-ba72-4f7f-8b65-01e5dcd3299f.jpg?1783906469"", 1)","FIN","0479","Basic/Non-foil","Non-Foil, Traditional Foil","Extended Art","FF9","Rare","Legendary Creature — Bird","GUW","No",0,0,0,0,"Near Mint (NM)",4.88,23.94,""
"Choked Estuary","","=IMAGE(""https://cards.scryfall.io/normal/front/d/9/d9cf2b77-afb0-4c21-bc23-6942ec292035.jpg?1783906226"", 1)","FIC","0379","Surge Foil","Surge Foil","Standard","FF14","Rare","Land","BU","No",0,0,0,0,"Near Mint (NM)",0.37,"",""
"Crystal of Altar Cave","Chromatic Lantern","=IMAGE(""https://cards.scryfall.io/normal/front/d/1/d170adf6-eb5e-4094-9917-3b68be92e8b9.jpg?1783906376"", 1)","FCA","0061","Basic/Non-foil","Non-Foil, Traditional Foil","Borderless","FF3","Rare","Artifact","Colorless","No",0,0,0,0,"Near Mint (NM)",7.24,32.78,""
"Cid, Freeflier Pilot","","=IMAGE(""https://cards.scryfall.io/normal/front/a/f/afa9e3e6-a633-46ad-b52a-48574b2f3d07.jpg?1783906369"", 1)","FIC","0013","Surge Foil","Surge Foil","Standard","FF7","Rare","Legendary Creature — Human Warrior Pilot","W","No",0,0,0,0,"Near Mint (NM)",0.37,"",""
"Cid, Freeflier Pilot","","=IMAGE(""https://cards.scryfall.io/normal/front/7/3/73e1ba99-2a8b-43de-b03c-196a1907ca19.jpg?1783906330"", 1)","FIC","0131","Basic/Non-foil","Non-Foil, Traditional Foil","Extended Art","FF7","Rare","Legendary Creature — Human Warrior Pilot","W","No",0,0,0,0,"Near Mint (NM)",1.83,9.75,""
"Cid, Timeless Artificer","","=IMAGE(""https://cards.scryfall.io/normal/front/7/f/7fb99393-d2b6-40a6-8de7-317efdc4c50b.jpg?1783906575"", 1)","FIN","0216","Basic/Non-foil","Non-Foil, Traditional Foil","Standard","FF14","Uncommon","Legendary Creature — Human Artificer","UW","No",0,0,0,0,"Near Mint (NM)",5.52,16.63,""
"Cid, Timeless Artificer","","=IMAGE(""https://cards.scryfall.io/normal/front/a/3/a3e8d94e-050b-4571-ae12-1e80e6b63611.jpg?1783906500"", 1)","FIN","0407","Basic/Non-foil","Non-Foil, Traditional Foil","Standard","FF2","Uncommon","Legendary Creature — Human Artificer","UW","No",0,0,0,0,"Near Mint (NM)",3.83,6.09,""
"Cid, Timeless Artificer","","=IMAGE(""https://cards.scryfall.io/normal/front/a/9/a9801368-263b-4515-9027-4f1827e7214c.jpg?1783906498"", 1)","FIN","0408","Basic/Non-foil","Non-Foil, Traditional Foil","Standard","FF3","Uncommon","Legendary Creature — Human Artificer","UW","No",0,0,0,0,"Near Mint (NM)",3.33,6.74,""
"Cid, Timeless Artificer","","=IMAGE(""https://cards.scryfall.io/normal/front/2/b/2bbab097-acb3-480d-a433-e4f81dde62e4.jpg?1783906498"", 1)","FIN","0409","Basic/Non-foil","Non-Foil, Traditional Foil","Standard","FF4","Uncommon","Legendary Creature — Human Artificer","UW","No",0,0,0,0,"Near Mint (NM)",3.78,8.28,""
"Cid, Timeless Artificer","","=IMAGE(""https://cards.scryfall.io/normal/front/f/c/fc4d240f-8920-4f8d-82a2-4cd4da93d6fb.jpg?1783906498"", 1)","FIN","0410","Basic/Non-foil","Non-Foil, Traditional Foil","Standard","FF5","Uncommon","Legendary Creature — Human Artificer","UW","No",0,0,0,0,"Near Mint (NM)",2.78,8.11,""
"Cid, Timeless Artificer","","=IMAGE(""https://cards.scryfall.io/normal/front/8/2/8200a5e1-0c8b-45a4-b468-03e5067e9f81.jpg?1783906497"", 1)","FIN","0411","Basic/Non-foil","Non-Foil, Traditional Foil","Standard","FF6","Uncommon","Legendary Creature — Human Artificer","UW","No",0,0,0,0,"Near Mint (NM)",3.66,7.67,""
"Cid, Timeless Artificer","","=IMAGE(""https://cards.scryfall.io/normal/front/5/a/5a9b1404-3061-4979-81eb-e056bc212205.jpg?1783906497"", 1)","FIN","0412","Basic/Non-foil","Non-Foil, Traditional Foil","Standard","FF7","Uncommon","Legendary Creature — Human Artificer","UW","No",0,0,0,0,"Near Mint (NM)",4.33,14.5,""
"Cid, Timeless Artificer","","=IMAGE(""https://cards.scryfall.io/normal/front/c/c/cc027995-3d7c-4283-9e0e-eaef5727f2b8.jpg?1783906497"", 1)","FIN","0413","Basic/Non-foil","Non-Foil, Traditional Foil","Standard","FF8","Uncommon","Legendary Creature — Human Artificer","UW","No",0,0,0,0,"Near Mint (NM)",3.37,8.02,""
"Cid, Timeless Artificer","","=IMAGE(""https://cards.scryfall.io/normal/front/4/b/4bd892ea-b5bc-4b57-b317-741113381b50.jpg?1783906497"", 1)","FIN","0414","Basic/Non-foil","Non-Foil, Traditional Foil","Standard","FF9","Uncommon","Legendary Creature — Human Artificer","UW","No",0,0,0,0,"Near Mint (NM)",3.12,6.68,""
"Cid, Timeless Artificer","","=IMAGE(""https://cards.scryfall.io/normal/front/b/6/b6776f23-5f5b-4f0a-a00c-1ca8f03ffc5f.jpg?1783906496"", 1)","FIN","0415","Basic/Non-foil","Non-Foil, Traditional Foil","Standard","FF10","Uncommon","Legendary Creature — Human Artificer","UW","No",0,0,0,0,"Near Mint (NM)",3.8,9.35,""
"Cid, Timeless Artificer","","=IMAGE(""https://cards.scryfall.io/normal/front/e/5/e564eda2-36dd-4f44-b84b-d0c18a9bdb1e.jpg?1783906496"", 1)","FIN","0416","Basic/Non-foil","Non-Foil, Traditional Foil","Standard","FF11","Uncommon","Legendary Creature — Human Artificer","UW","No",0,0,0,0,"Near Mint (NM)",3.62,4.89,""
"Cid, Timeless Artificer","","=IMAGE(""https://cards.scryfall.io/normal/front/3/9/3952bbbb-6fe4-4d13-8825-e93df1d048e9.jpg?1783906495"", 1)","FIN","0417","Basic/Non-foil","Non-Foil, Traditional Foil","Standard","FF12","Uncommon","Legendary Creature — Human Artificer","UW","No",0,0,0,0,"Near Mint (NM)",3.79,10.0,""
"Cid, Timeless Artificer","","=IMAGE(""https://cards.scryfall.io/normal/front/0/1/0148fa7c-b6d6-458c-8cdd-a6c4e6dd4e59.jpg?1785650681"", 1)","FIN","0418","Basic/Non-foil","Non-Foil, Traditional Foil","Standard","FF13","Uncommon","Legendary Creature — Human Artificer","UW","No",0,0,0,0,"Near Mint (NM)",3.59,8.08,""
"Cid, Timeless Artificer","","=IMAGE(""https://cards.scryfall.io/normal/front/7/d/7d8b2dfc-ecaf-403b-932f-a5efc8b713e6.jpg?1783906493"", 1)","FIN","0419","Basic/Non-foil","Non-Foil, Traditional Foil","Standard","FF15","Uncommon","Legendary Creature — Human Artificer","UW","No",0,0,0,0,"Near Mint (NM)",3.4,10.02,""
"Cid, Timeless Artificer","","=IMAGE(""https://cards.scryfall.io/normal/front/2/c/2c1b48ba-b158-4b9d-802c-5cbfdf96dca5.jpg?1783906493"", 1)","FIN","0420","Basic/Non-foil","Non-Foil, Traditional Foil","Standard","FF16","Uncommon","Legendary Creature — Human Artificer","UW","No",0,0,0,0,"Near Mint (NM)",4.49,11.73,""
"Cid, Timeless Artificer","","=IMAGE(""https://cards.scryfall.io/normal/front/d/b/db9830c7-1f40-4ff2-8e99-7c6393d4a968.jpg?1783906468"", 1)","FIN","0480","Basic/Non-foil","Non-Foil, Traditional Foil","Extended Art","FF14","Uncommon","Legendary Creature — Human Artificer","UW","No",0,0,0,0,"Near Mint (NM)",3.92,11.26,""
"Cinder Glade","","=IMAGE(""https://cards.scryfall.io/normal/front/5/9/597dd04f-cb3d-4224-8e56-21f66485df47.jpg?1783906225"", 1)","FIC","0380","Surge Foil","Surge Foil","Standard","FF7","Rare","Land — Mountain Forest","GR","No",0,0,0,0,"Near Mint (NM)",0.28,"",""
"Circle of Power","","=IMAGE(""https://cards.scryfall.io/normal/front/c/9/c969bd0f-f174-4e2f-b95c-c9ccd5d0b8ba.jpg?1783906622"", 1)","FIN","0092","Basic/Non-foil","Non-Foil, Traditional Foil","Standard","FF14","Uncommon","Sorcery","B","No",0,0,0,0,"Near Mint (NM)",0.25,0.3,""
"Circle of Power","","=IMAGE(""https://cards.scryfall.io/normal/front/b/6/b6dc1f5a-a6cc-4ab4-8bb9-e216e24ca735.jpg?1783906426"", 1)","FIN","0583","Surge Foil","Surge Foil","Standard","FF14","Uncommon","Sorcery","B","No",0,0,0,0,"Near Mint (NM)","",4.7,""
"Clash of the Eikons","","=IMAGE(""https://cards.scryfall.io/normal/front/7/5/75c18134-f517-4a68-8640-0426b3cd4f6c.jpg?1783906590"", 1)","FIN","0180","Basic/Non-foil","Non-Foil, Traditional Foil","Standard","FF16","Uncommon","Sorcery","G","No",0,0,0,0,"Near Mint (NM)",0.25,0.26,""
"Clash of the Eikons","","=IMAGE(""https://cards.scryfall.io/normal/front/f/a/fa15ebf3-7ada-4e86-abc9-85dea83edb8c.jpg?1783906527"", 1)","FIN","0341","Basic/Non-foil","Non-Foil, Traditional Foil","Borderless","FF16","Uncommon","Sorcery","G","No",0,0,0,0,"Near Mint (NM)",0.39,0.42,""
"Cleansing Nova","","=IMAGE(""https://cards.scryfall.io/normal/front/8/1/81096eba-ad0a-4fa8-8d56-5a1ea9a9155b.jpg?1783906290"", 1)","FIC","0235","Surge Foil","Surge Foil","Standard","FF14","Rare","Sorcery","W","No",0,0,0,0,"Near Mint (NM)",0.3,"",""
"Clever Concealment","","=IMAGE(""https://cards.scryfall.io/normal/front/4/8/4836e220-5c89-49fc-8918-a51adf026ab4.jpg?1783906290"", 1)","FIC","0236","Surge Foil","Surge Foil","Standard","FF7","Rare","Instant","W","No",0,0,0,0,"Near Mint (NM)",4.37,"",""
"Clifftop Retreat","","=IMAGE(""https://cards.scryfall.io/normal/front/2/c/2cddc851-fef6-4a45-818c-97d3dfc4140d.jpg?1783906227"", 1)","FIC","0381","Surge Foil","Surge Foil","Standard","FF7","Rare","Land","RW","No",0,0,0,0,"Near Mint (NM)",0.33,"",""
"Clive, Ifrit's Dominant // Ifrit, Warden of Inferno","","=IMAGE(""https://cards.scryfall.io/normal/front/9/a/9a069e96-2786-493d-aca8-f70611435dbe.jpg?1783906611"", 1)","FIN","0133","Basic/Non-foil","Non-Foil, Traditional Foil","Standard","FF16","Mythic","Legendary Creature — Human Noble Warrior // Legendary Enchantment Creature — Saga Demon","R","No",0,0,0,0,"Near Mint (NM)",3.31,5.41,""
"Clive, Ifrit's Dominant // Ifrit, Warden of Inferno","","=IMAGE(""https://cards.scryfall.io/normal/front/4/2/421d443c-bd4c-4768-b801-5241f6b2658b.jpg?1783906186"", 1)","PFIN","133s","Promo","Traditional Foil, Promo","Standard","FF16","Mythic","Legendary Creature — Human Noble Warrior // Legendary Enchantment Creature — Saga Demon","R","No",0,0,0,0,"Near Mint (NM)","",17.22,""
"Clive, Ifrit's Dominant // Ifrit, Warden of Inferno","","=IMAGE(""https://cards.scryfall.io/normal/front/4/2/425d5bea-9c9a-4e8a-b4bc-02284fb9b5b4.jpg?1783906539"", 1)","FIN","0318","Basic/Non-foil","Non-Foil, Traditional Foil","Borderless","FF16","Mythic","Legendary Creature — Human Noble Warrior // Legendary Enchantment Creature — Saga Demon","R","No",0,0,0,0,"Near Mint (NM)",29.57,66.03,""
"Clive, Ifrit's Dominant // Ifrit, Warden of Inferno","","=IMAGE(""https://cards.scryfall.io/normal/front/f/a/faf87bad-253a-4c7a-9dd5-c575cb27db9f.jpg?1783906514"", 1)","FIN","0385","Basic/Non-foil","Non-Foil, Traditional Foil","Borderless","FF16","Mythic","Legendary Creature — Human Noble Warrior // Legendary Enchantment Creature — Saga Demon","R","No",0,0,0,0,"Near Mint (NM)",10.51,13.68,""
"Clive, Ifrit's Dominant // Ifrit, Warden of Inferno","","=IMAGE(""https://cards.scryfall.io/normal/front/c/d/cdf7fb4a-acb5-4fae-a44c-c437e5b82ec4.jpg?1783906482"", 1)","FIN","0458","Basic/Non-foil","Non-Foil, Traditional Foil","Extended Art","FF16","Mythic","Legendary Creature — Human Noble Warrior // Legendary Enchantment Creature — Saga Demon","R","No",0,0,0,0,"Near Mint (NM)",9.26,16.77,""
"Clive, Ifrit's Dominant // Ifrit, Warden of Inferno","","=IMAGE(""https://cards.scryfall.io/normal/front/5/7/57f83eb3-d9d3-4565-b898-4ba1da768172.jpg?1783906451"", 1)","FIN","0530","Surge Foil","Surge Foil","Borderless","FF16","Mythic","Legendary Creature — Human Noble Warrior // Legendary Enchantment Creature — Saga Demon","R","No",0,0,0,0,"Near Mint (NM)","",98.99,""
"Clive's Hideaway","","=IMAGE(""https://cards.scryfall.io/normal/front/5/e/5e43c36f-b8a2-4b2b-b2ea-57e6fa97521c.jpg?1783906550"", 1)","FIN","0275","Basic/Non-foil","Non-Foil, Traditional Foil","Standard","FF16","Rare","Land — Town","Colorless","No",0,0,0,0,"Near Mint (NM)",0.39,0.91,""
"Clive's Hideaway","","=IMAGE(""https://cards.scryfall.io/normal/front/3/e/3e99c91c-7bcb-4405-8cd4-87290710f8c0.jpg?1783906150"", 1)","PFIN","275s","Promo","Traditional Foil, Promo","Standard","FF16","Rare","Land — Town","Colorless","No",0,0,0,0,"Near Mint (NM)","",6.44,""
"Cloudbound Moogle","","=IMAGE(""https://cards.scryfall.io/normal/front/7/3/7387bca7-f496-45da-a0ac-6be049303a8f.jpg?1783906653"", 1)","FIN","0011","Basic/Non-foil","Non-Foil, Traditional Foil","Standard","FF14","Common","Creature — Moogle","W","No",0,0,0,0,"Near Mint (NM)",0.12,0.21,""
"Cloud, Ex-SOLDIER","","=IMAGE(""https://cards.scryfall.io/normal/front/0/7/07b4e4f8-6a31-4533-be51-668ce3ddc84f.jpg?1783906375"", 1)","FIC","0002","Basic/Non-foil","Non-Foil, Traditional Foil","Standard","FF7","Mythic","Legendary Creature — Human Soldier Mercenary","GRW","No",0,0,0,0,"Near Mint (NM)",1.61,0.53,""
"Cloud, Ex-SOLDIER","","=IMAGE(""https://cards.scryfall.io/normal/front/9/5/955189c4-cfbc-47be-9681-cfffab403443.jpg?1783906316"", 1)","FIC","0168","Basic/Non-foil","Non-Foil, Traditional Foil","Extended Art","FF7","Mythic","Legendary Creature — Human Soldier Mercenary","GRW","No",0,0,0,0,"Near Mint (NM)",5.2,16.33,""
"Cloud, Ex-SOLDIER","","=IMAGE(""https://cards.scryfall.io/normal/front/1/5/15ce92a3-0d51-4c8e-bbce-d225021b4c35.jpg?1783906303"", 1)","FIC","0202","Basic/Non-foil","Non-Foil, Traditional Foil","Borderless","FF7","Mythic","Legendary Creature — Human Soldier Mercenary","GRW","No",0,0,0,0,"Near Mint (NM)",68.56,99.82,""
"Cloud, Ex-SOLDIER","","=IMAGE(""https://cards.scryfall.io/normal/front/c/2/c22ebe7c-dcfe-4cb2-b6c4-2b4eaa1e635d.jpg?1783906302"", 1)","FIC","0210","Surge Foil","Surge Foil","Borderless","FF7","Mythic","Legendary Creature — Human Soldier Mercenary","GRW","No",0,0,0,0,"Near Mint (NM)","",484.69,""
"Cloud, Ex-SOLDIER","","=IMAGE(""https://cards.scryfall.io/normal/front/5/a/5a186ba3-94c1-4eab-8d4f-42a320bfa073.jpg?1783906297"", 1)","FIC","0221","Surge Foil","Surge Foil","Standard","FF7","Mythic","Legendary Creature — Human Soldier Mercenary","GRW","No",0,0,0,0,"Near Mint (NM)","",6.45,""
"Cloud, Ex-SOLDIER // Cloud, Ex-SOLDIER","","=IMAGE(""https://cards.scryfall.io/normal/front/1/8/18263a99-378d-45af-8bc1-7188ca2a83a5.jpg?1783906400"", 1)","AFIN","0050","Basic/Non-foil","Non-Foil, Traditional Foil","Art Card","FF7","Common","Card // Card","Colorless","No",0,0,0,0,"Near Mint (NM)","","",""
"Cloud, Midgar Mercenary","","=IMAGE(""https://cards.scryfall.io/normal/front/2/c/2cf7e8a3-fad7-413d-b17c-7519a9cf5fb5.jpg?1783906652"", 1)","FIN","0010","Basic/Non-foil","Non-Foil, Traditional Foil","Standard","FF7","Mythic","Legendary Creature — Human Soldier Mercenary","W","No",0,0,0,0,"Near Mint (NM)",23.64,27.06,""
"Cloud, Midgar Mercenary","","=IMAGE(""https://cards.scryfall.io/normal/front/b/3/b358dadc-9cc9-4baf-afec-3b50d0822609.jpg?1783904641"", 1)","FIN","0564","Wave Foil","Wave Foil","Borderless","FF7","Mythic","Legendary Creature — Human Soldier Mercenary","W","No",0,0,0,0,"Near Mint (NM)","",188.95,""
"Cloud, Midgar Mercenary","","=IMAGE(""https://cards.scryfall.io/normal/front/b/9/b9be30cf-a49b-4358-836f-40441ee92519.jpg?1783906199"", 1)","PFIN","10s","Promo","Traditional Foil, Promo","Standard","FF7","Mythic","Legendary Creature — Human Soldier Mercenary","W","No",0,0,0,0,"Near Mint (NM)","",69.36,""
"Cloud, Midgar Mercenary","","=IMAGE(""https://cards.scryfall.io/normal/front/5/d/5d8690ec-fded-4801-8eaf-5e5fe3d444ec.jpg?1783906513"", 1)","FIN","0375","Basic/Non-foil","Non-Foil, Traditional Foil","Borderless","FF7","Mythic","Legendary Creature — Human Soldier Mercenary","W","No",0,0,0,0,"Near Mint (NM)",40.18,63.69,""
"Cloud, Midgar Mercenary","","=IMAGE(""https://cards.scryfall.io/normal/front/8/6/86fd126f-7672-4d83-93df-c61184d2fcf4.jpg?1783906491"", 1)","FIN","0427","Basic/Non-foil","Non-Foil, Traditional Foil","Extended Art","FF7","Mythic","Legendary Creature — Human Soldier Mercenary","W","No",0,0,0,0,"Near Mint (NM)",30.94,49.73,""
"Cloud, Midgar Mercenary","","=IMAGE(""https://cards.scryfall.io/normal/front/f/0/f0b73ab0-b8eb-4a6f-a8d9-25d56fdf740a.jpg?1783906451"", 1)","FIN","0520","Surge Foil","Surge Foil","Borderless","FF7","Mythic","Legendary Creature — Human Soldier Mercenary","W","No",0,0,0,0,"Near Mint (NM)","",349.38,""
"Cloud of Darkness","","=IMAGE(""https://cards.scryfall.io/normal/front/a/2/a292094a-674a-401f-8776-ba5ebe57c946.jpg?1783906575"", 1)","FIN","0217","Basic/Non-foil","Non-Foil, Traditional Foil","Standard","FF3","Uncommon","Legendary Creature — Avatar","BG","No",0,0,0,0,"Near Mint (NM)",0.2,0.22,""
"Cloud of Darkness","","=IMAGE(""https://cards.scryfall.io/normal/front/c/5/c53b7098-02c6-4977-8871-334f3fd4ee1f.jpg?1783906468"", 1)","FIN","0481","Basic/Non-foil","Non-Foil, Traditional Foil","Extended Art","FF3","Uncommon","Legendary Creature — Avatar","BG","No",0,0,0,0,"Near Mint (NM)",0.69,8.08,""
"Cloud, Planet's Champion","","=IMAGE(""https://cards.scryfall.io/normal/front/a/6/a6d58067-337d-43dc-b4a3-c6acc701d450.jpg?1783906437"", 1)","FIN","0552","Promo","Traditional Foil","Standard","FF7","Mythic","Legendary Creature — Human Soldier Mercenary","RW","No",0,0,0,0,"Near Mint (NM)","",1.52,""
"Cloud, Planet's Champion","","=IMAGE(""https://cards.scryfall.io/normal/front/7/5/75180e47-064e-4dd6-adcf-d4fb497a445b.jpg?1783906469"", 1)","FIN","0482","Basic/Non-foil","Non-Foil","Extended Art","FF7","Mythic","Legendary Creature — Human Soldier Mercenary","RW","No",0,0,0,0,"Near Mint (NM)",18.23,"",""
"Cloud's Limit Break","","=IMAGE(""https://cards.scryfall.io/normal/front/1/e/1eb10082-4f0a-41f9-9a70-0d3c7ead249f.jpg?1783906371"", 1)","FIC","0014","Surge Foil","Surge Foil","Standard","FF7","Rare","Instant","W","No",0,0,0,0,"Near Mint (NM)",0.31,"",""
"Cloud's Limit Break","","=IMAGE(""https://cards.scryfall.io/normal/front/8/d/8d49825c-8264-40a5-9afc-c2601f95ec26.jpg?1783906338"", 1)","FIC","0103","Basic/Non-foil","Non-Foil, Traditional Foil","Extended Art","FF7","Rare","Instant","W","No",0,0,0,0,"Near Mint (NM)",0.67,1.5,""
"Cloud's Limit Break // Cloud's Limit Break","","=IMAGE(""https://cards.scryfall.io/normal/front/d/8/d82ba98b-869b-4f02-a086-b0fdcfb0a70e.jpg?1783906412"", 1)","AFIN","0023","Basic/Non-foil","Non-Foil, Traditional Foil","Art Card","FF7","Common","Card // Card","Colorless","No",0,0,0,0,"Near Mint (NM)","","",""
"Clue","","=IMAGE(""https://cards.scryfall.io/normal/front/6/e/6e886e0b-2ce7-4231-a47c-a39bda50e8fd.jpg?1783906140"", 1)","TFIC","0009","Surge Foil","Surge Foil","Standard","FF10","Common","Token Artifact — Clue","Colorless","No",0,0,0,0,"Near Mint (NM)","","",""
"Coeurl","","=IMAGE(""https://cards.scryfall.io/normal/front/7/6/7604b534-5480-42fa-bc36-bbae730f8582.jpg?1783906652"", 1)","FIN","0012","Basic/Non-foil","Non-Foil, Traditional Foil","Standard","FF15","Common","Creature — Cat Beast","W","No",0,0,0,0,"Near Mint (NM)",0.1,0.23,""
"Coin of Fate","","=IMAGE(""https://cards.scryfall.io/normal/front/c/d/cde3765f-e25c-4d16-b361-448167ed8736.jpg?1783906369"", 1)","FIC","0015","Surge Foil","Surge Foil","Standard","FF6","Rare","Artifact","W","No",0,0,0,0,"Near Mint (NM)",0.23,"",""
"Coin of Fate","","=IMAGE(""https://cards.scryfall.io/normal/front/6/5/652be579-44ad-4656-975b-5e336a9e21c8.jpg?1783906338"", 1)","FIC","0104","Basic/Non-foil","Non-Foil, Traditional Foil","Extended Art","FF6","Rare","Artifact","W","No",0,0,0,0,"Near Mint (NM)",0.31,0.62,""
"Coliseum Behemoth","","=IMAGE(""https://cards.scryfall.io/normal/front/9/0/900206f1-7dd6-4db9-a430-73e560fd196b.jpg?1783906589"", 1)","FIN","0181","Basic/Non-foil","Non-Foil, Traditional Foil","Standard","FF2","Uncommon","Creature — Beast","G","No",0,0,0,0,"Near Mint (NM)",0.22,0.21,""
"Collective Effort","","=IMAGE(""https://cards.scryfall.io/normal/front/a/f/af2dcc4d-f4bf-49e4-9103-9b4bc9545ae4.jpg?1783906289"", 1)","FIC","0237","Surge Foil","Surge Foil","Standard","FF10","Rare","Sorcery","W","No",0,0,0,0,"Near Mint (NM)",0.28,"",""
"Colossus Hammer","","=IMAGE(""https://cards.scryfall.io/normal/front/f/5/f50acbb6-b295-4aaa-bd75-7a94b704b945.jpg?1783906242"", 1)","FIC","0338","Surge Foil","Surge Foil","Standard","FF7","Uncommon","Artifact — Equipment","Colorless","No",0,0,0,0,"Near Mint (NM)",0.7,"",""
"Combat Tutorial","","=IMAGE(""https://cards.scryfall.io/normal/front/e/c/ec195607-ac30-4931-acfd-f9d8ac8b047f.jpg?1783906638"", 1)","FIN","0048","Basic/Non-foil","Non-Foil, Traditional Foil","Standard","FF10","Common","Sorcery","U","No",0,0,0,0,"Near Mint (NM)",0.24,0.29,""
"Combustible Gearhulk","","=IMAGE(""https://cards.scryfall.io/normal/front/0/7/07cc036d-f46e-490d-adbb-d6974c4e10fd.jpg?1783906264"", 1)","FIC","0292","Surge Foil","Surge Foil","Standard","FF6","Mythic","Artifact Creature — Construct","R","No",0,0,0,0,"Near Mint (NM)",0.3,"",""
"Balamb Garden","Command Beacon","=IMAGE(""https://cards.scryfall.io/normal/front/2/6/2670653e-fcaa-46e3-b3bf-cb8e8b981a9c.jpg?1783906374"", 1)","FCA","0064","Basic/Non-foil","Non-Foil, Traditional Foil","Borderless","FF8","Rare","Land","Colorless","No",0,0,0,0,"Near Mint (NM)",8.25,23.02,""
"Commander's Sphere","","=IMAGE(""https://cards.scryfall.io/normal/front/0/8/0851660f-fa02-4f08-b28b-10279c58d4e4.jpg?1783906242"", 1)","FIC","0339","Surge Foil","Surge Foil","Standard","FF6","Common","Artifact","Colorless","No",0,0,0,0,"Near Mint (NM)",0.31,"",""
"Command Tower","","=IMAGE(""https://cards.scryfall.io/normal/front/9/a/9ac9c12b-5135-4124-b01b-336560907940.jpg?1783906224"", 1)","FIC","0382","Surge Foil","Surge Foil","Standard","FF14","Common","Land","Colorless","No",0,0,0,0,"Near Mint (NM)",0.34,"",""
"Command Tower","","=IMAGE(""https://cards.scryfall.io/normal/front/4/a/4a2dfd72-a8f4-4e43-b5de-caf6a129a51a.jpg?1783906200"", 1)","FIC","0484","Surge Foil","Surge Foil","Standard","FF6","Common","Land","Colorless","No",0,0,0,0,"Near Mint (NM)",0.35,"",""
"Command Tower","","=IMAGE(""https://cards.scryfall.io/normal/front/a/a/aae0b3ae-ed57-4d17-8876-736aa22186cf.jpg?1783906200"", 1)","FIC","0485","Surge Foil","Surge Foil","Standard","FF7","Common","Land","Colorless","No",0,0,0,0,"Near Mint (NM)",0.31,"",""
"Command Tower","","=IMAGE(""https://cards.scryfall.io/normal/front/6/0/605b2218-0eab-4c9d-a5d8-7fab342137a0.jpg?1783906199"", 1)","FIC","0486","Surge Foil","Surge Foil","Standard","FF10","Common","Land","Colorless","No",0,0,0,0,"Near Mint (NM)",0.34,"",""
"Commune with Beavers","","=IMAGE(""https://cards.scryfall.io/normal/front/7/8/784287c2-43c5-4210-93ae-cdd33b9acb1b.jpg?1783906588"", 1)","FIN","0182","Basic/Non-foil","Non-Foil, Traditional Foil","Standard","FF2","Common","Sorcery","G","No",0,0,0,0,"Near Mint (NM)",0.21,0.26,""
"Conformer Shuriken","","=IMAGE(""https://cards.scryfall.io/normal/front/0/1/019615fa-4bec-41e8-9c4c-2c6f91bdefb2.jpg?1783906341"", 1)","FIC","0098","Surge Foil","Surge Foil","Standard","FF7","Rare","Legendary Artifact — Equipment","Colorless","No",0,0,0,0,"Near Mint (NM)",0.33,"",""
"Conformer Shuriken","","=IMAGE(""https://cards.scryfall.io/normal/front/0/c/0c184913-bde3-4310-af3f-58a7fba77041.jpg?1783906330"", 1)","FIC","0127","Basic/Non-foil","Non-Foil, Traditional Foil","Extended Art","FF7","Rare","Legendary Artifact — Equipment","Colorless","No",0,0,0,0,"Near Mint (NM)",1.35,3.11,""
"Conqueror's Flail","","=IMAGE(""https://cards.scryfall.io/normal/front/8/e/8e47061a-5505-4fe3-8caa-b0279b26e9b2.jpg?1783906241"", 1)","FIC","0340","Surge Foil","Surge Foil","Standard","FF7","Rare","Artifact — Equipment","Colorless","No",0,0,0,0,"Near Mint (NM)",0.78,"",""
"Contaminated Aquifer","","=IMAGE(""https://cards.scryfall.io/normal/front/b/f/bf544abb-c338-4da4-bb77-eddd3aaacc9a.jpg?1783906224"", 1)","FIC","0383","Surge Foil","Surge Foil","Standard","FF14","Common","Land — Island Swamp","BU","No",0,0,0,0,"Near Mint (NM)",0.31,"",""
"Copy","","=IMAGE(""https://cards.scryfall.io/normal/front/f/c/fcde6a95-37f1-4bb4-9cea-5b65dbc9c76a.jpg?1783906139"", 1)","TFIN","0001","Basic/Non-foil","Non-Foil, Traditional Foil","Standard","FF4","Common","Token","Colorless","No",0,0,0,0,"Near Mint (NM)","","",""
"Copy","","=IMAGE(""https://cards.scryfall.io/normal/front/8/1/81c9d442-d7d5-4911-b0b9-c3206faeab1d.jpg?1783906129"", 1)","TFIN","0025","Surge Foil","Surge Foil","Standard","FF4","Common","Token","Colorless","No",0,0,0,0,"Near Mint (NM)","","",""
"Coral Sword","","=IMAGE(""https://cards.scryfall.io/normal/front/1/3/13e81e32-7246-46b9-872e-cde77cedd197.jpg?1783906606"", 1)","FIN","0134","Basic/Non-foil","Non-Foil, Traditional Foil","Standard","FF5","Uncommon","Artifact — Equipment","R","No",0,0,0,0,"Near Mint (NM)",0.2,0.25,""
"Cornered by Black Mages","","=IMAGE(""https://cards.scryfall.io/normal/front/6/8/688fcf8a-0a44-416a-8086-83acf9a6fe69.jpg?1783906623"", 1)","FIN","0093","Basic/Non-foil","Non-Foil, Traditional Foil","Standard","FF9","Common","Sorcery","B","No",0,0,0,0,"Near Mint (NM)",0.28,0.33,""
"Wild Rose Rebellion","Counterspell","=IMAGE(""https://cards.scryfall.io/normal/front/e/1/e1e48b21-1a4f-4708-a4b4-e2e296df924c.jpg?1783906394"", 1)","FCA","0004","Basic/Non-foil","Non-Foil, Traditional Foil","Borderless","FF2","Uncommon","Instant","U","No",0,0,0,0,"Near Mint (NM)",2.2,5.13,""
"Coveted Jewel","","=IMAGE(""https://cards.scryfall.io/normal/front/5/b/5b4ce244-d34f-4e96-9fe5-a0a8cefb92c7.jpg?1783906242"", 1)","FIC","0341","Surge Foil","Surge Foil","Standard","FF14","Rare","Artifact","Colorless","No",0,0,0,0,"Near Mint (NM)",0.35,"",""
"Crackling Doom","","=IMAGE(""https://cards.scryfall.io/normal/front/e/7/e7674039-7640-4f70-84e9-d1fa76a59dbe.jpg?1783906257"", 1)","FIC","0322","Surge Foil","Surge Foil","Standard","FF6","Uncommon","Instant","BRW","No",0,0,0,0,"Near Mint (NM)",0.23,"",""
"Crossroads Village","","=IMAGE(""https://cards.scryfall.io/normal/front/6/4/64db46d4-f91f-49cc-971c-b8e19f0c4ea9.jpg?1783906550"", 1)","FIN","0276","Basic/Non-foil","Non-Foil, Traditional Foil","Standard","FF2","Common","Land — Town","Colorless","No",0,0,0,0,"Near Mint (NM)",0.15,0.28,""
"Crux of Fate","","=IMAGE(""https://cards.scryfall.io/normal/front/4/d/4d507db6-29a6-4816-8e37-5b6e318d740f.jpg?1783906273"", 1)","FIC","0275","Surge Foil","Surge Foil","Standard","FF14","Rare","Sorcery","B","No",0,0,0,0,"Near Mint (NM)",0.36,"",""
"To the Crystal Tower","Cryptic Command","=IMAGE(""https://cards.scryfall.io/normal/front/7/b/7b182d1f-be0f-4b97-bca3-083483f7713c.jpg?1783906387"", 1)","FCA","0029","Basic/Non-foil","Non-Foil, Traditional Foil","Borderless","FF3","Rare","Instant","U","No",0,0,0,0,"Near Mint (NM)",5.03,17.73,""
"Crystal Fragments // Summon: Alexander","","=IMAGE(""https://cards.scryfall.io/normal/front/5/f/5f51c853-949d-44e9-a3a2-02e1ce69a147.jpg?1783906657"", 1)","FIN","0013","Basic/Non-foil","Non-Foil, Traditional Foil","Standard","FF9","Uncommon","Artifact — Equipment // Enchantment Creature — Saga Construct","W","No",0,0,0,0,"Near Mint (NM)",0.24,0.25,""
"Crystal Fragments // Summon: Alexander","","=IMAGE(""https://cards.scryfall.io/normal/front/c/2/c2416ecc-bb6b-44f6-8fa6-61d168777f2e.jpg?1783906527"", 1)","FIN","0357","Basic/Non-foil","Non-Foil, Traditional Foil","Borderless","FF9","Uncommon","Artifact — Equipment // Enchantment Creature — Saga Construct","W","No",0,0,0,0,"Near Mint (NM)",0.49,0.6,""
"Cultivate","","=IMAGE(""https://cards.scryfall.io/normal/front/0/c/0c5f5297-fe94-44df-9004-427640196afd.jpg?1783906262"", 1)","FIC","0300","Surge Foil","Surge Foil","Standard","FF7","Common","Sorcery","G","No",0,0,0,0,"Near Mint (NM)",0.41,"",""
"Cut a Deal","","=IMAGE(""https://cards.scryfall.io/normal/front/b/4/b42f5488-949f-434a-a9cf-c98e070d6a7f.jpg?1783906290"", 1)","FIC","0238","Surge Foil","Surge Foil","Standard","FF14","Uncommon","Sorcery","W","No",0,0,0,0,"Near Mint (NM)",0.21,"",""
"Cyan, Vengeful Samurai","","=IMAGE(""https://cards.scryfall.io/normal/front/a/1/a1e779b4-32dd-406b-8b68-48f6df458005.jpg?1783906370"", 1)","FIC","0016","Surge Foil","Surge Foil","Standard","FF6","Rare","Legendary Creature — Human Samurai","W","No",0,0,0,0,"Near Mint (NM)",0.16,"",""
"Cyan, Vengeful Samurai","","=IMAGE(""https://cards.scryfall.io/normal/front/b/0/b0d7df49-9e4c-4724-8e76-441d84b6c01f.jpg?1783906328"", 1)","FIC","0132","Basic/Non-foil","Non-Foil, Traditional Foil","Extended Art","FF6","Rare","Legendary Creature — Human Samurai","W","No",0,0,0,0,"Near Mint (NM)",0.4,2.19,""
"Damning Verdict","","=IMAGE(""https://cards.scryfall.io/normal/front/8/d/8d82e20d-09c0-4b16-9b25-4790924aa0b6.jpg?1783906289"", 1)","FIC","0239","Surge Foil","Surge Foil","Standard","FF10","Rare","Sorcery","W","No",0,0,0,0,"Near Mint (NM)",4.04,"",""
"Dancer's Chakrams","","=IMAGE(""https://cards.scryfall.io/normal/front/2/7/27ec595f-406b-4539-8d2e-eb98df1a0fc9.jpg?1783906369"", 1)","FIC","0017","Surge Foil","Surge Foil","Standard","FF14","Rare","Artifact — Equipment","W","No",0,0,0,0,"Near Mint (NM)",0.31,"",""
"Dancer's Chakrams","","=IMAGE(""https://cards.scryfall.io/normal/front/1/3/13764c53-57cc-4418-8a15-cdb72f6f3b0e.jpg?1783906338"", 1)","FIC","0105","Basic/Non-foil","Non-Foil, Traditional Foil","Extended Art","FF14","Rare","Artifact — Equipment","W","No",0,0,0,0,"Near Mint (NM)",1.21,1.88,""
"Dancer's Chakrams // Dancer's Chakrams","","=IMAGE(""https://cards.scryfall.io/normal/front/3/8/38a8ea39-4212-4521-bf59-0b7d488efe54.jpg?1783906412"", 1)","AFIN","0024","Basic/Non-foil","Non-Foil, Traditional Foil","Art Card","FF14","Common","Card // Card","Colorless","No",0,0,0,0,"Near Mint (NM)","","",""
"Squall Leonhart","Danitha Capashen, Paragon","=IMAGE(""https://cards.scryfall.io/normal/front/2/1/210ff924-215e-4ae8-8706-5af3891c6605.jpg?1783906389"", 1)","FCA","0022","Basic/Non-foil","Non-Foil, Traditional Foil","Borderless","FF8","Uncommon","Legendary Creature — Human Knight","W","No",0,0,0,0,"Near Mint (NM)",0.52,2.71,""
"Dark Confidant","","=IMAGE(""https://cards.scryfall.io/normal/front/2/5/2520ab23-a068-4462-b261-2754409b4108.jpg?1783906622"", 1)","FIN","0094","Basic/Non-foil","Non-Foil, Traditional Foil","Standard","FF14","Mythic","Creature — Human Wizard","B","No",0,0,0,0,"Near Mint (NM)",3.69,4.9,""
"Dark Confidant","","=IMAGE(""https://cards.scryfall.io/normal/front/7/7/776062ed-94df-4b2e-a84b-91756b4223bc.jpg?1783906183"", 1)","PFIN","94s","Promo","Traditional Foil, Promo","Standard","FF14","Mythic","Creature — Human Wizard","B","No",0,0,0,0,"Near Mint (NM)","",33.3,""
"Dark Confidant","","=IMAGE(""https://cards.scryfall.io/normal/front/3/7/378df0f4-5043-461f-8705-9a2c0c3acd43.jpg?1783906528"", 1)","FIN","0334","Basic/Non-foil","Non-Foil, Traditional Foil","Borderless","FF14","Mythic","Creature — Human Wizard","B","No",0,0,0,0,"Near Mint (NM)",9.63,13.83,""
"Dark Knight's Greatsword","","=IMAGE(""https://cards.scryfall.io/normal/front/b/5/b50dcc7c-260f-4d8c-9a9e-9244ec23a91e.jpg?1783906621"", 1)","FIN","0095","Basic/Non-foil","Non-Foil, Traditional Foil","Standard","FF14","Uncommon","Artifact — Equipment","B","No",0,0,0,0,"Near Mint (NM)",0.23,0.29,""
"Darkness of Eternity","Dark Ritual","=IMAGE(""https://cards.scryfall.io/normal/front/7/c/7cc0cfe1-7f13-4b1b-9a37-33ef457d3c62.jpg?1783906393"", 1)","FCA","0008","Basic/Non-foil","Non-Foil, Traditional Foil","Borderless","FF9","Rare","Instant","B","No",0,0,0,0,"Near Mint (NM)",9.31,43.41,""
"Darkstar","","=IMAGE(""https://cards.scryfall.io/normal/front/1/9/19faca08-0eef-4da4-ab6f-c3aed63ac77b.jpg?1783906131"", 1)","TFIN","0020","Basic/Non-foil","Non-Foil, Traditional Foil","Standard","FF7","Common","Token Legendary Creature — Dog","BW","No",0,0,0,0,"Near Mint (NM)","","",""
"Darksteel Plate","","=IMAGE(""https://cards.scryfall.io/normal/front/4/9/49277723-84df-4842-a8e5-cdf1c1aa8161.jpg?1785650614"", 1)","FIC","0342","Surge Foil","Surge Foil","Standard","FF7","Rare","Artifact — Equipment","Colorless","No",0,0,0,0,"Near Mint (NM)",4.75,"",""
"Darkwater Catacombs","","=IMAGE(""https://cards.scryfall.io/normal/front/b/c/bcb5a670-7c8f-4b76-82c6-c89abffbb4bd.jpg?1783906224"", 1)","FIC","0384","Surge Foil","Surge Foil","Standard","FF14","Rare","Land","BU","No",0,0,0,0,"Near Mint (NM)",0.66,"",""
"Baron Rivalry","Deadly Dispute","=IMAGE(""https://cards.scryfall.io/normal/front/a/4/a4e0b297-6d33-4e2b-b497-aa952dcf2141.jpg?1783906385"", 1)","FCA","0033","Basic/Non-foil","Non-Foil, Traditional Foil","Borderless","FF4","Uncommon","Instant","B","No",0,0,0,0,"Near Mint (NM)",0.56,1.75,""
"Deadly Embrace","","=IMAGE(""https://cards.scryfall.io/normal/front/a/1/a11cb85c-85dd-435c-8303-4d0d18bdb1e9.jpg?1783906435"", 1)","FIN","0557","Promo","Non-Foil","Standard","FF16","Rare","Sorcery","B","No",0,0,0,0,"Near Mint (NM)",0.24,"",""
"Decimate","","=IMAGE(""https://cards.scryfall.io/normal/front/d/a/dae88c31-77a5-40aa-84be-d74b4545a6ee.jpg?1783906251"", 1)","FIC","0323","Surge Foil","Surge Foil","Standard","FF7","Rare","Sorcery","GR","No",0,0,0,0,"Near Mint (NM)",0.24,"",""
"Delivery Moogle","","=IMAGE(""https://cards.scryfall.io/normal/front/f/5/f58840dc-c641-4092-8b67-9c0d449af715.jpg?1783906652"", 1)","FIN","0015","Basic/Non-foil","Non-Foil, Traditional Foil","Standard","FF14","Uncommon","Creature — Moogle","W","No",0,0,0,0,"Near Mint (NM)",0.25,0.35,""
"Delivery Moogle // Delivery Moogle","","=IMAGE(""https://cards.scryfall.io/normal/front/9/b/9b74f022-3e1d-481d-b822-cd86060a9901.jpg?1783906425"", 1)","AFIN","0001","Basic/Non-foil","Non-Foil, Traditional Foil","Art Card","FF14","Common","Card // Card","Colorless","No",0,0,0,0,"Near Mint (NM)","","",""
"Demolition Field","","=IMAGE(""https://cards.scryfall.io/normal/front/7/f/7f6d8cae-face-4bff-8c0a-348cefe1e9dd.jpg?1783906223"", 1)","FIC","0385","Surge Foil","Surge Foil","Standard","FF14","Uncommon","Land","Colorless","No",0,0,0,0,"Near Mint (NM)",0.26,"",""
"Demon Wall","","=IMAGE(""https://cards.scryfall.io/normal/front/1/3/13abd96c-d1af-43d0-b3a4-ac3db20e3b51.jpg?1783906621"", 1)","FIN","0097","Basic/Non-foil","Non-Foil, Traditional Foil","Standard","FF14","Uncommon","Artifact Creature — Demon Wall","B","No",0,0,0,0,"Near Mint (NM)",0.19,0.25,""
"Desolate Mire","","=IMAGE(""https://cards.scryfall.io/normal/front/a/0/a0ecbdad-aebf-421d-a71e-e112f8c0e4bb.jpg?1783906223"", 1)","FIC","0386","Surge Foil","Surge Foil","Standard","FF6","Rare","Land","BW","No",0,0,0,0,"Near Mint (NM)",0.32,"",""
"Destroy Evil","","=IMAGE(""https://cards.scryfall.io/normal/front/6/9/694e5322-b7c9-4f38-97ce-0b03a391a453.jpg?1783906287"", 1)","FIC","0240","Surge Foil","Surge Foil","Standard","FF10","Common","Instant","W","No",0,0,0,0,"Near Mint (NM)",0.26,"",""
"Shantotto's Coercion","Diabolic Intent","=IMAGE(""https://cards.scryfall.io/normal/front/a/2/a2ec8e5e-ada8-4cd7-b43d-157568356a80.jpg?1783906385"", 1)","FCA","0034","Basic/Non-foil","Non-Foil, Traditional Foil","Borderless","FF11","Rare","Sorcery","B","No",0,0,0,0,"Near Mint (NM)",15.03,41.2,""
"Diamond Weapon","","=IMAGE(""https://cards.scryfall.io/normal/front/6/c/6ce7f494-2a19-4b11-94d4-fc5e5a7068bd.jpg?1783906588"", 1)","FIN","0183","Basic/Non-foil","Non-Foil, Traditional Foil","Standard","FF7","Uncommon","Legendary Artifact Creature — Elemental","G","No",0,0,0,0,"Near Mint (NM)",0.28,0.3,""
"Diamond Weapon","","=IMAGE(""https://cards.scryfall.io/normal/front/b/b/bb17f0c0-4738-42a0-94e1-27344f13735f.jpg?1783906473"", 1)","FIN","0470","Basic/Non-foil","Non-Foil, Traditional Foil","Extended Art","FF7","Uncommon","Legendary Artifact Creature — Elemental","G","No",0,0,0,0,"Near Mint (NM)",3.2,27.15,""
"Dig Through Time","","=IMAGE(""https://cards.scryfall.io/normal/front/7/6/766b2e52-6ba1-4222-a9f4-01a2bf3e9443.jpg?1783906278"", 1)","FIC","0263","Surge Foil","Surge Foil","Standard","FF14","Rare","Instant","U","No",0,0,0,0,"Near Mint (NM)",0.3,"",""
"Dion, Bahamut's Dominant // Bahamut, Warden of Light","","=IMAGE(""https://cards.scryfall.io/normal/front/8/c/8c0f9306-2058-476d-a711-bd37a6e15e42.jpg?1783906656"", 1)","FIN","0016","Basic/Non-foil","Non-Foil, Traditional Foil","Standard","FF16","Rare","Legendary Creature — Human Noble Knight // Legendary Enchantment Creature — Saga Dragon","W","No",0,0,0,0,"Near Mint (NM)",1.0,1.25,""
"Dion, Bahamut's Dominant // Bahamut, Warden of Light","","=IMAGE(""https://cards.scryfall.io/normal/front/a/2/a245ebd2-606c-40dc-981b-d619b00d7a07.jpg?1783906205"", 1)","PFIN","16s","Promo","Traditional Foil, Promo","Standard","FF16","Rare","Legendary Creature — Human Noble Knight // Legendary Enchantment Creature — Saga Dragon","W","No",0,0,0,0,"Near Mint (NM)","",6.06,""
"Dion, Bahamut's Dominant // Bahamut, Warden of Light","","=IMAGE(""https://cards.scryfall.io/normal/front/f/2/f2309a7e-4ba0-4820-8313-ecd38d32a55f.jpg?1783906517"", 1)","FIN","0376","Basic/Non-foil","Non-Foil, Traditional Foil","Borderless","FF16","Rare","Legendary Creature — Human Noble Knight // Legendary Enchantment Creature — Saga Dragon","W","No",0,0,0,0,"Near Mint (NM)",4.47,6.05,""
"Dion, Bahamut's Dominant // Bahamut, Warden of Light","","=IMAGE(""https://cards.scryfall.io/normal/front/d/8/d869c60b-3aa2-4a90-aa93-5d4c5afd1672.jpg?1783906495"", 1)","FIN","0428","Basic/Non-foil","Non-Foil, Traditional Foil","Extended Art","FF16","Rare","Legendary Creature — Human Noble Knight // Legendary Enchantment Creature — Saga Dragon","W","No",0,0,0,0,"Near Mint (NM)",2.52,11.28,""
"Dion, Bahamut's Dominant // Bahamut, Warden of Light","","=IMAGE(""https://cards.scryfall.io/normal/front/9/f/9f347fa7-301f-4bc5-954c-b910a840a23b.jpg?1783906454"", 1)","FIN","0521","Surge Foil","Surge Foil","Borderless","FF16","Rare","Legendary Creature — Human Noble Knight // Legendary Enchantment Creature — Saga Dragon","W","No",0,0,0,0,"Near Mint (NM)","",25.15,""
"Dion, Bahamut's Dominant // Dion, Bahamut's Dominant","","=IMAGE(""https://cards.scryfall.io/normal/front/4/4/44b650a3-49ad-43a9-9da9-e34bbe384a0e.jpg?1783906403"", 1)","AFIN","0042","Basic/Non-foil","Non-Foil, Traditional Foil","Art Card","FF16","Common","Card // Card","Colorless","No",0,0,0,0,"Near Mint (NM)","","",""
"Dispatch","","=IMAGE(""https://cards.scryfall.io/normal/front/2/e/2ecc0fcb-9141-465c-90b1-7652d3c9a4ab.jpg?1783906290"", 1)","FIC","0241","Surge Foil","Surge Foil","Standard","FF7","Uncommon","Instant","W","No",0,0,0,0,"Near Mint (NM)",0.29,"",""
"Shadowbringers","Dovin's Veto","=IMAGE(""https://cards.scryfall.io/normal/front/b/a/ba332954-ed8c-48d7-8d85-971c7b71dccf.jpg?1783906378"", 1)","FCA","0051","Basic/Non-foil","Non-Foil, Traditional Foil","Borderless","FF14","Uncommon","Instant","UW","No",0,0,0,0,"Near Mint (NM)",1.35,5.03,""
"Dragonskull Summit","","=IMAGE(""https://cards.scryfall.io/normal/front/4/4/44f78cab-06d4-4786-987f-4d0d15654fd5.jpg?1783906223"", 1)","FIC","0387","Surge Foil","Surge Foil","Standard","FF6","Rare","Land","BR","No",0,0,0,0,"Near Mint (NM)",0.47,"",""
"Dragoon's Lance","","=IMAGE(""https://cards.scryfall.io/normal/front/9/6/96630531-8eb7-4e3e-8d63-60c562a5571b.jpg?1783906651"", 1)","FIN","0017","Basic/Non-foil","Non-Foil, Traditional Foil","Standard","FF14","Uncommon","Artifact — Equipment","W","No",0,0,0,0,"Near Mint (NM)",0.23,0.32,""
"Dragoon's Wyvern","","=IMAGE(""https://cards.scryfall.io/normal/front/d/9/d92bce20-308e-4841-aaf8-8e20698292e7.jpg?1783906638"", 1)","FIN","0049","Basic/Non-foil","Non-Foil, Traditional Foil","Standard","FF11","Common","Creature — Drake","U","No",0,0,0,0,"Near Mint (NM)",0.11,0.18,""
"Dreams of Laguna","","=IMAGE(""https://cards.scryfall.io/normal/front/b/a/ba752243-2727-4b8a-8e21-e70becfd4ff3.jpg?1783906637"", 1)","FIN","0050","Basic/Non-foil","Non-Foil, Traditional Foil","Standard","FF8","Common","Instant","U","No",0,0,0,0,"Near Mint (NM)",0.15,0.28,""
"Drowned Catacomb","","=IMAGE(""https://cards.scryfall.io/normal/front/8/a/8a47d5f6-e08d-4311-97d0-16f7737b83a0.jpg?1783906222"", 1)","FIC","0388","Surge Foil","Surge Foil","Standard","FF14","Rare","Land","BU","No",0,0,0,0,"Near Mint (NM)",1.46,"",""
"Duelist's Flame","","=IMAGE(""https://cards.scryfall.io/normal/front/2/3/230e997e-3736-4afd-8571-1cc1b1d6ed96.jpg?1783904653"", 1)","FIC","0452","Basic/Non-foil","Non-Foil, Traditional Foil","Borderless","FF8","Rare","Instant","R","No",0,0,0,0,"Near Mint (NM)",5.22,3.66,""
"Duelist's Flame // Duelist's Flame","","=IMAGE(""https://cards.scryfall.io/normal/front/8/2/822db9a8-4549-4892-ba3c-a082f0ed6a74.jpg?1783904667"", 1)","AFIC","0011","Basic/Non-foil","Non-Foil, Traditional Foil","Art Card","FF8","Common","Card // Card","Colorless","No",0,0,0,0,"Near Mint (NM)","","",""
"Duskshell Crawler","","=IMAGE(""https://cards.scryfall.io/normal/front/2/c/2ce4ebd2-c3e6-4299-bdb7-8e5eb1834168.jpg?1783906259"", 1)","FIC","0301","Surge Foil","Surge Foil","Standard","FF10","Common","Creature — Insect","G","No",0,0,0,0,"Near Mint (NM)",0.32,"",""
"Dwarven Castle Guard","","=IMAGE(""https://cards.scryfall.io/normal/front/e/1/e17c0d27-e88d-4ba9-acbb-3f916cee3d7e.jpg?1783906650"", 1)","FIN","0018","Basic/Non-foil","Non-Foil, Traditional Foil","Standard","FF4","Common","Creature — Dwarf Soldier","W","No",0,0,0,0,"Near Mint (NM)",0.11,0.21,""
"Edea, Possessed Sorceress","","=IMAGE(""https://cards.scryfall.io/normal/front/6/d/6db60c73-5943-49da-9a8a-f4a382a1c0f0.jpg?1783904655"", 1)","FIC","0448","Basic/Non-foil","Non-Foil, Traditional Foil","Borderless","FF8","Rare","Legendary Creature — Human Warlock","BRU","No",0,0,0,0,"Near Mint (NM)",9.64,8.75,""
"Edea, Possessed Sorceress // Edea, Possessed Sorceress","","=IMAGE(""https://cards.scryfall.io/normal/front/f/8/f8cbf62a-ab28-4c7b-84a5-ce1ee8bb3bf1.jpg?1783904671"", 1)","AFIC","0007","Basic/Non-foil","Non-Foil, Traditional Foil","Art Card","FF8","Common","Card // Card","Colorless","No",0,0,0,0,"Near Mint (NM)","","",""
"Eden, Seat of the Sanctum","","=IMAGE(""https://cards.scryfall.io/normal/front/e/2/e28eac1e-adc7-4f8d-b206-bef09ba07d38.jpg?1783906551"", 1)","FIN","0277","Basic/Non-foil","Non-Foil, Traditional Foil","Standard","FF13","Uncommon","Land — Town","Colorless","No",0,0,0,0,"Near Mint (NM)",0.22,0.3,""
"Eden, Seat of the Sanctum","","=IMAGE(""https://cards.scryfall.io/normal/front/4/7/4786e79c-1e64-41bd-87f6-9a33110afa71.jpg?1783906522"", 1)","FIN","0355","Basic/Non-foil","Non-Foil, Traditional Foil","Borderless","FF13","Uncommon","Land — Town","Colorless","No",0,0,0,0,"Near Mint (NM)",0.67,0.48,""
"Edgar, King of Figaro","","=IMAGE(""https://cards.scryfall.io/normal/front/9/5/950ee302-5512-43c5-ac7c-b2b06f4177bf.jpg?1783906638"", 1)","FIN","0051","Basic/Non-foil","Non-Foil, Traditional Foil","Standard","FF6","Rare","Legendary Creature — Human Artificer Noble","U","No",0,0,0,0,"Near Mint (NM)",0.28,0.5,""
"Edgar, King of Figaro","","=IMAGE(""https://cards.scryfall.io/normal/front/0/f/0f85cda8-f333-4b73-8005-34df32d3ed73.jpg?1783906194"", 1)","PFIN","51s","Promo","Traditional Foil, Promo","Standard","FF6","Rare","Legendary Creature — Human Artificer Noble","U","No",0,0,0,0,"Near Mint (NM)","",4.95,""
"Edgar, King of Figaro","","=IMAGE(""https://cards.scryfall.io/normal/front/f/2/f28bd4d2-b2cf-48f1-ba11-956c12284550.jpg?1783906487"", 1)","FIN","0436","Basic/Non-foil","Non-Foil, Traditional Foil","Extended Art","FF6","Rare","Legendary Creature — Human Artificer Noble","U","No",0,0,0,0,"Near Mint (NM)",1.28,10.66,""
"Edgar, Master Machinist","","=IMAGE(""https://cards.scryfall.io/normal/front/0/9/098a8025-6454-45d8-abe3-2c3dada3f582.jpg?1783906346"", 1)","FIC","0080","Surge Foil","Surge Foil","Standard","FF6","Rare","Legendary Creature — Human Artificer Noble","RW","No",0,0,0,0,"Near Mint (NM)",0.17,"",""
"Edgar, Master Machinist","","=IMAGE(""https://cards.scryfall.io/normal/front/d/b/db64bbb0-aa7a-4e6d-b424-9930d55e6853.jpg?1783906316"", 1)","FIC","0169","Basic/Non-foil","Non-Foil, Traditional Foil","Extended Art","FF6","Rare","Legendary Creature — Human Artificer Noble","RW","No",0,0,0,0,"Near Mint (NM)",0.45,2.98,""
"Edgar, Master Machinist // Edgar, Master Machinist","","=IMAGE(""https://cards.scryfall.io/normal/front/6/b/6b9e2cb5-6e1f-4e80-b52f-c158c89ce02a.jpg?1783906410"", 1)","AFIN","0027","Basic/Non-foil","Non-Foil, Traditional Foil","Art Card","FF6","Common","Card // Card","Colorless","No",0,0,0,0,"Near Mint (NM)","","",""
"Eject","","=IMAGE(""https://cards.scryfall.io/normal/front/a/e/aec83c9a-8ec4-4a5a-b27f-0e74a2b3d21e.jpg?1783906636"", 1)","FIN","0052","Basic/Non-foil","Non-Foil, Traditional Foil","Standard","FF7","Uncommon","Instant","U","No",0,0,0,0,"Near Mint (NM)",0.26,0.28,""
"Elemental","","=IMAGE(""https://cards.scryfall.io/normal/front/f/e/fe592a5c-5e6e-40ed-8818-f4651bcf2fe8.jpg?1783906130"", 1)","TFIN","0021","Basic/Non-foil","Non-Foil, Traditional Foil","Standard","FF14","Common","Token Creature — Elemental","BGRUW","No",0,0,0,0,"Near Mint (NM)","","",""
"Elena, Turk Recruit","","=IMAGE(""https://cards.scryfall.io/normal/front/d/1/d16553a3-65c3-4dec-af92-123d1e5dce10.jpg?1783906368"", 1)","FIC","0018","Surge Foil","Surge Foil","Standard","FF7","Rare","Legendary Creature — Human Assassin","W","No",0,0,0,0,"Near Mint (NM)",0.25,"",""
"Elena, Turk Recruit","","=IMAGE(""https://cards.scryfall.io/normal/front/c/3/c392f20f-4ad0-4302-9b12-15131e8fc9a3.jpg?1783906329"", 1)","FIC","0133","Basic/Non-foil","Non-Foil, Traditional Foil","Extended Art","FF7","Rare","Legendary Creature — Human Assassin","W","No",0,0,0,0,"Near Mint (NM)",0.59,5.13,""
"Elixir","","=IMAGE(""https://cards.scryfall.io/normal/front/a/4/a4b05d37-df62-475c-8371-735ed2fa1b05.jpg?1783906557"", 1)","FIN","0256","Basic/Non-foil","Non-Foil, Traditional Foil","Standard","FF4","Uncommon","Artifact","Colorless","No",0,0,0,0,"Near Mint (NM)",0.29,0.29,""
"Emet-Selch of the Third Seat","","=IMAGE(""https://cards.scryfall.io/normal/front/d/d/dd3141de-633e-48e3-a89f-a91339f5e882.jpg?1783906347"", 1)","FIC","0081","Surge Foil","Surge Foil","Standard","FF14","Rare","Legendary Creature — Elder Wizard","BU","No",0,0,0,0,"Near Mint (NM)",0.35,"",""
"Emet-Selch of the Third Seat","","=IMAGE(""https://cards.scryfall.io/normal/front/8/a/8a38634f-a100-4493-87c3-0ecc51ca565d.jpg?1783904646"", 1)","FIC","0473","Wave Foil","Wave Foil","Borderless","FF14","Rare","Legendary Creature — Elder Wizard","BU","No",0,0,0,0,"Near Mint (NM)","",102.85,""
"Emet-Selch of the Third Seat","","=IMAGE(""https://cards.scryfall.io/normal/front/5/8/584394a0-9d72-4fe3-bcfe-bfaceac12e98.jpg?1783906314"", 1)","FIC","0170","Basic/Non-foil","Non-Foil, Traditional Foil","Extended Art","FF14","Rare","Legendary Creature — Elder Wizard","BU","No",0,0,0,0,"Near Mint (NM)",1.71,7.14,""
"Emet-Selch, Unsundered // Hades, Sorcerer of Eld","","=IMAGE(""https://cards.scryfall.io/normal/front/7/5/75cf4eb8-33e7-4dfc-b890-a7e3b5c1b9d5.jpg?1783906579"", 1)","FIN","0218","Basic/Non-foil","Non-Foil, Traditional Foil","Standard","FF14","Mythic","Legendary Creature — Elder Wizard // Legendary Creature — Avatar","BU","No",0,0,0,0,"Near Mint (NM)",2.23,3.85,""
"Emet-Selch, Unsundered // Hades, Sorcerer of Eld","","=IMAGE(""https://cards.scryfall.io/normal/front/5/5/5580fc6e-0192-4bd9-aace-ac2040fa729a.jpg?1783906167"", 1)","PFIN","218s","Promo","Traditional Foil, Promo","Standard","FF14","Mythic","Legendary Creature — Elder Wizard // Legendary Creature — Avatar","BU","No",0,0,0,0,"Near Mint (NM)","",22.51,""
"Emet-Selch, Unsundered // Hades, Sorcerer of Eld","","=IMAGE(""https://cards.scryfall.io/normal/front/f/d/fd537047-d997-4ee1-b259-3ed54b7c5576.jpg?1783906508"", 1)","FIN","0394","Basic/Non-foil","Non-Foil, Traditional Foil","Borderless","FF14","Mythic","Legendary Creature — Elder Wizard // Legendary Creature — Avatar","BU","No",0,0,0,0,"Near Mint (NM)",8.69,10.52,""
"Emet-Selch, Unsundered // Hades, Sorcerer of Eld","","=IMAGE(""https://cards.scryfall.io/normal/front/0/f/0f462d81-bb1b-4d44-8952-6dff52970792.jpg?1783906472"", 1)","FIN","0483","Basic/Non-foil","Non-Foil, Traditional Foil","Extended Art","FF14","Mythic","Legendary Creature — Elder Wizard // Legendary Creature — Avatar","BU","No",0,0,0,0,"Near Mint (NM)",9.97,21.84,""
"Emet-Selch, Unsundered // Hades, Sorcerer of Eld","","=IMAGE(""https://cards.scryfall.io/normal/front/7/0/7083fa8a-a841-4c69-9443-af35676a7817.jpg?1783906447"", 1)","FIN","0539","Surge Foil","Surge Foil","Borderless","FF14","Mythic","Legendary Creature — Elder Wizard // Legendary Creature — Avatar","BU","No",0,0,0,0,"Near Mint (NM)","",72.87,""
"Endless Detour","","=IMAGE(""https://cards.scryfall.io/normal/front/3/3/33a37435-bd6c-4330-8138-98a2afa36e54.jpg?1783906250"", 1)","FIC","0324","Surge Foil","Surge Foil","Standard","FF10","Rare","Instant","GUW","No",0,0,0,0,"Near Mint (NM)",0.2,"",""
"Esper Origins // Summon: Esper Maduin","","=IMAGE(""https://cards.scryfall.io/normal/front/0/f/0f503360-216a-4629-89b2-d32072850aef.jpg?1783906592"", 1)","FIN","0185","Basic/Non-foil","Non-Foil, Traditional Foil","Standard","FF6","Rare","Sorcery // Enchantment Creature — Saga Elemental","G","No",0,0,0,0,"Near Mint (NM)",1.85,1.88,""
"Esper Origins // Summon: Esper Maduin","","=IMAGE(""https://cards.scryfall.io/normal/front/8/7/87d03dd2-afb8-48c8-a0f6-90f282c05d92.jpg?1783906176"", 1)","PFIN","185s","Promo","Traditional Foil, Promo","Standard","FF6","Rare","Sorcery // Enchantment Creature — Saga Elemental","G","No",0,0,0,0,"Near Mint (NM)","",9.2,""
"Esper Origins // Summon: Esper Maduin","","=IMAGE(""https://cards.scryfall.io/normal/front/e/f/efbe3aa0-ddf1-4db2-ae4c-cfea7b5d09ed.jpg?1783906519"", 1)","FIN","0370","Basic/Non-foil","Non-Foil, Traditional Foil","Borderless","FF6","Rare","Sorcery // Enchantment Creature — Saga Elemental","G","No",0,0,0,0,"Near Mint (NM)",3.74,5.41,""
"Espers to Magicite","","=IMAGE(""https://cards.scryfall.io/normal/front/6/c/6cb18871-dd23-4ce8-a535-16adefae63c0.jpg?1783906359"", 1)","FIC","0043","Surge Foil","Surge Foil","Standard","FF6","Rare","Instant","B","No",0,0,0,0,"Near Mint (NM)",0.29,"",""
"Espers to Magicite","","=IMAGE(""https://cards.scryfall.io/normal/front/f/0/f02cfc75-d0da-403f-835f-9a614e5ed836.jpg?1783906336"", 1)","FIC","0114","Basic/Non-foil","Non-Foil, Traditional Foil","Extended Art","FF6","Rare","Instant","B","No",0,0,0,0,"Near Mint (NM)",0.66,1.1,""
"Estinien Varlineau","","=IMAGE(""https://cards.scryfall.io/normal/front/7/8/7812c768-8417-4689-9a51-f577c1cf5dc0.jpg?1783906346"", 1)","FIC","0082","Surge Foil","Surge Foil","Standard","FF14","Rare","Legendary Creature — Elf Warrior","BW","No",0,0,0,0,"Near Mint (NM)",0.22,"",""
"Estinien Varlineau","","=IMAGE(""https://cards.scryfall.io/normal/front/3/5/356432cf-a17c-4147-9d02-921960032d0e.jpg?1783904645"", 1)","FIC","0474","Wave Foil","Wave Foil","Borderless","FF14","Rare","Legendary Creature — Elf Warrior","BW","No",0,0,0,0,"Near Mint (NM)","",35.85,""
"Estinien Varlineau","","=IMAGE(""https://cards.scryfall.io/normal/front/4/2/421df8fe-e812-4bf2-9aae-b7b47627a884.jpg?1783906314"", 1)","FIC","0171","Basic/Non-foil","Non-Foil, Traditional Foil","Extended Art","FF14","Rare","Legendary Creature — Elf Warrior","BW","No",0,0,0,0,"Near Mint (NM)",0.39,2.4,""
"Estinien Varlineau // Estinien Varlineau","","=IMAGE(""https://cards.scryfall.io/normal/front/2/7/27b1b42f-da36-4e93-badd-cd761d837926.jpg?1783906411"", 1)","AFIN","0028","Basic/Non-foil","Non-Foil, Traditional Foil","Art Card","FF14","Common","Card // Card","Colorless","No",0,0,0,0,"Near Mint (NM)","","",""
"Ether","","=IMAGE(""https://cards.scryfall.io/normal/front/8/9/896ee6e9-15a9-4974-b576-50f4759fac38.jpg?1783906637"", 1)","FIN","0053","Basic/Non-foil","Non-Foil, Traditional Foil","Standard","FF7","Uncommon","Artifact","U","No",0,0,0,0,"Near Mint (NM)",0.19,0.27,""
"Everflowing Chalice","","=IMAGE(""https://cards.scryfall.io/normal/front/5/d/5d659b0c-dc93-464f-847f-2af075caf145.jpg?1783906240"", 1)","FIC","0343","Surge Foil","Surge Foil","Standard","FF10","Uncommon","Artifact","Colorless","No",0,0,0,0,"Near Mint (NM)",0.37,"",""
"Evil Reawakened","","=IMAGE(""https://cards.scryfall.io/normal/front/e/b/eb98cbc3-749c-44f4-974c-00be1286d69e.jpg?1783906621"", 1)","FIN","0098","Basic/Non-foil","Non-Foil, Traditional Foil","Standard","FF5","Uncommon","Sorcery","B","No",0,0,0,0,"Near Mint (NM)",0.17,0.31,""
"Evolving Wilds","","=IMAGE(""https://cards.scryfall.io/normal/front/3/5/351f791c-4bee-4fce-aee4-d0214ca0c945.jpg?1783906223"", 1)","FIC","0389","Surge Foil","Surge Foil","Standard","FF10","Common","Land","Colorless","No",0,0,0,0,"Near Mint (NM)",0.32,"",""
"Excalibur II","","=IMAGE(""https://cards.scryfall.io/normal/front/d/4/d42e5fed-67ac-46d7-a5d4-78f661f3e8b4.jpg?1783906559"", 1)","FIN","0257","Basic/Non-foil","Non-Foil, Traditional Foil","Standard","FF9","Rare","Legendary Artifact — Equipment","Colorless","No",0,0,0,0,"Near Mint (NM)",0.65,1.19,""
"Excalibur II","","=IMAGE(""https://cards.scryfall.io/normal/front/7/3/73c66867-8c4a-45dc-bbfd-53777bdc6c0a.jpg?1783906150"", 1)","PFIN","257s","Promo","Traditional Foil, Promo","Standard","FF9","Rare","Legendary Artifact — Equipment","Colorless","No",0,0,0,0,"Near Mint (NM)","",5.61,""
"Excalibur II","","=IMAGE(""https://cards.scryfall.io/normal/front/b/e/becf759b-e3bc-4281-a1e1-1da9f36247ef.jpg?1783906522"", 1)","FIN","0352","Basic/Non-foil","Non-Foil, Traditional Foil","Borderless","FF9","Rare","Legendary Artifact — Equipment","Colorless","No",0,0,0,0,"Near Mint (NM)",1.86,2.75,""
"Exdeath, Void Warlock // Neo Exdeath, Dimension's End","","=IMAGE(""https://cards.scryfall.io/normal/front/1/b/1b4bab87-4000-461d-8b58-d34928fee305.jpg?1783906576"", 1)","FIN","0220","Basic/Non-foil","Non-Foil, Traditional Foil","Standard","FF5","Uncommon","Legendary Creature — Spirit Warlock // Legendary Creature — Spirit Avatar","BG","No",0,0,0,0,"Near Mint (NM)",0.25,0.27,""
"Exdeath, Void Warlock // Neo Exdeath, Dimension's End","","=IMAGE(""https://cards.scryfall.io/normal/front/d/f/df51bf51-839a-4b4d-a6c2-431c9ebff875.jpg?1783906470"", 1)","FIN","0485","Basic/Non-foil","Non-Foil, Traditional Foil","Extended Art","FF5","Uncommon","Legendary Creature — Spirit Warlock // Legendary Creature — Spirit Avatar","BG","No",0,0,0,0,"Near Mint (NM)",1.6,12.38,""
"Exotic Orchard","","=IMAGE(""https://cards.scryfall.io/normal/front/4/7/47c2b572-b54a-444c-8d74-b005e94d751f.jpg?1783906222"", 1)","FIC","0390","Surge Foil","Surge Foil","Standard","FF10","Rare","Land","Colorless","No",0,0,0,0,"Near Mint (NM)",0.36,"",""
"Explorer's Scope","","=IMAGE(""https://cards.scryfall.io/normal/front/b/c/bc50f65f-1866-4fa6-b318-1d981845723b.jpg?1783906242"", 1)","FIC","0344","Surge Foil","Surge Foil","Standard","FF7","Common","Artifact — Equipment","Colorless","No",0,0,0,0,"Near Mint (NM)",0.26,"",""
"Exsanguinate","","=IMAGE(""https://cards.scryfall.io/normal/front/3/3/333c8e71-fe90-408c-aabd-c5b7d83d0f03.jpg?1783906272"", 1)","FIC","0276","Surge Foil","Surge Foil","Standard","FF14","Uncommon","Sorcery","B","No",0,0,0,0,"Near Mint (NM)",0.41,"",""
"Eye of Nidhogg","","=IMAGE(""https://cards.scryfall.io/normal/front/1/8/186862e7-91ba-47e9-bc38-e8e20772d40c.jpg?1783906359"", 1)","FIC","0044","Surge Foil","Surge Foil","Standard","FF14","Rare","Legendary Enchantment — Aura","B","No",0,0,0,0,"Near Mint (NM)",1.3,"",""
"Eye of Nidhogg","","=IMAGE(""https://cards.scryfall.io/normal/front/a/3/a34f241d-4420-4549-b702-b224027ebee7.jpg?1783906335"", 1)","FIC","0115","Basic/Non-foil","Non-Foil, Traditional Foil","Extended Art","FF14","Rare","Legendary Enchantment — Aura","B","No",0,0,0,0,"Near Mint (NM)",4.61,7.05,""
"Fandaniel, Telophoroi Ascian","","=IMAGE(""https://cards.scryfall.io/normal/front/0/8/08c9bf6c-fc52-4565-96d1-951a314e59e5.jpg?1783906359"", 1)","FIC","0046","Surge Foil","Surge Foil","Standard","FF14","Rare","Legendary Creature — Elder Wizard","B","No",0,0,0,0,"Near Mint (NM)",0.36,"",""
"Fandaniel, Telophoroi Ascian","","=IMAGE(""https://cards.scryfall.io/normal/front/f/e/fede6d1c-461e-456f-8cdb-7acac69d30ae.jpg?1783906324"", 1)","FIC","0146","Basic/Non-foil","Non-Foil, Traditional Foil","Extended Art","FF14","Rare","Legendary Creature — Elder Wizard","B","No",0,0,0,0,"Near Mint (NM)",1.88,7.71,""
"Fang, Fearless l'Cie","","=IMAGE(""https://cards.scryfall.io/normal/front/f/7/f73a5cbb-905f-4b99-8d23-9d1b6bd47ee8.jpg?1783906620"", 1)","FIN","0099","Basic/Non-foil","Non-Foil, Traditional Foil","Standard","FF13","Uncommon","Legendary Creature — Human Warrior","B","No",0,0,0,0,"Near Mint (NM)",0.27,0.3,""
"Fang, Fearless l'Cie","","=IMAGE(""https://cards.scryfall.io/normal/front/d/c/dca1a706-9eee-4d75-80ee-fa12257908e3.jpg?1783906510"", 1)","FIN","0381","Basic/Non-foil","Non-Foil, Traditional Foil","Borderless","FF13","Uncommon","Legendary Creature — Human Warrior","B","No",0,0,0,0,"Near Mint (NM)",2.0,0.53,""
"Fang, Fearless l'Cie","","=IMAGE(""https://cards.scryfall.io/normal/front/b/8/b82f08c2-3944-437d-9af6-f1e9088e02bb.jpg?1783906482"", 1)","FIN","0446","Basic/Non-foil","Non-Foil, Traditional Foil","Extended Art","FF13","Uncommon","Legendary Creature — Human Warrior","B","No",0,0,0,0,"Near Mint (NM)",1.37,15.34,""
"Fang, Fearless l'Cie","","=IMAGE(""https://cards.scryfall.io/normal/front/a/8/a8bfc03f-227c-4a5d-b172-067ea5860bf9.jpg?1783906447"", 1)","FIN","0526","Surge Foil","Surge Foil","Borderless","FF13","Uncommon","Legendary Creature — Human Warrior","B","No",0,0,0,0,"Near Mint (NM)","",5.4,""
"Farewell","","=IMAGE(""https://cards.scryfall.io/normal/front/4/d/4d8b6418-da30-4c68-b87c-3936eb77620c.jpg?1783906289"", 1)","FIC","0242","Surge Foil","Surge Foil","Standard","FF10","Rare","Sorcery","W","No",0,0,0,0,"Near Mint (NM)",5.68,"",""
"Farewell // Farewell","","=IMAGE(""https://cards.scryfall.io/normal/front/8/2/82209aac-42e2-4cc6-a9f8-abc9c8f14789.jpg?1783906411"", 1)","AFIN","0031","Basic/Non-foil","Non-Foil, Traditional Foil","Art Card","FF10","Common","Card // Card","Colorless","No",0,0,0,0,"Near Mint (NM)","","",""
"Newfound Adventure","Farseek","=IMAGE(""https://cards.scryfall.io/normal/front/f/3/f36f237f-6b44-4513-ba5d-fe6b4936f78e.jpg?1783906380"", 1)","FCA","0045","Basic/Non-foil","Non-Foil, Traditional Foil","Borderless","FF14","Uncommon","Sorcery","G","No",0,0,0,0,"Near Mint (NM)",1.0,4.41,""
"Farseek","","=IMAGE(""https://cards.scryfall.io/normal/front/f/9/f9b52ee8-3cde-4082-8a6c-0a82caa3505d.jpg?1783906262"", 1)","FIC","0302","Surge Foil","Surge Foil","Standard","FF10","Common","Sorcery","G","No",0,0,0,0,"Near Mint (NM)",0.62,"",""
"Battle at the Big Bridge","Fatal Push","=IMAGE(""https://cards.scryfall.io/normal/front/2/4/2430f223-edb2-402b-a85b-5d328323992d.jpg?1783906394"", 1)","FCA","0009","Basic/Non-foil","Non-Foil, Traditional Foil","Borderless","FF5","Uncommon","Instant","B","No",0,0,0,0,"Near Mint (NM)",0.59,2.15,""
"Fated Clash","","=IMAGE(""https://cards.scryfall.io/normal/front/b/d/bd84f688-a2bb-4f1e-ae24-1a5cf8a05445.jpg?1783904654"", 1)","FIC","0449","Basic/Non-foil","Non-Foil, Traditional Foil","Borderless","FF8","Rare","Sorcery","W","No",0,0,0,0,"Near Mint (NM)",8.21,6.97,""
"Fated Clash // Fated Clash","","=IMAGE(""https://cards.scryfall.io/normal/front/1/3/1370d8b5-bd31-4943-885e-ae6211990561.jpg?1783904670"", 1)","AFIC","0008","Basic/Non-foil","Non-Foil, Traditional Foil","Art Card","FF8","Common","Card // Card","Colorless","No",0,0,0,0,"Near Mint (NM)","","",""
"Fate of the Sun-Cryst","","=IMAGE(""https://cards.scryfall.io/normal/front/9/0/900cdf11-b42e-4dcc-97c3-2e4d8e406a70.jpg?1783906650"", 1)","FIN","0019","Basic/Non-foil","Non-Foil, Traditional Foil","Standard","FF12","Common","Instant","W","No",0,0,0,0,"Near Mint (NM)",0.12,0.18,""
"Fathom Mage","","=IMAGE(""https://cards.scryfall.io/normal/front/4/b/4bb9c7e1-46a6-4acf-8415-221d9c9d9d23.jpg?1783906248"", 1)","FIC","0325","Surge Foil","Surge Foil","Standard","FF10","Rare","Creature — Human Wizard","GU","No",0,0,0,0,"Near Mint (NM)",0.32,"",""
"Fetid Heath","","=IMAGE(""https://cards.scryfall.io/normal/front/5/2/5277f73d-b964-4ce6-823d-ce0fbf0a2d28.jpg?1783906225"", 1)","FIC","0391","Surge Foil","Surge Foil","Standard","FF6","Rare","Land","BW","No",0,0,0,0,"Near Mint (NM)",0.39,"",""
"Fight On!","","=IMAGE(""https://cards.scryfall.io/normal/front/e/1/e1b0739a-dcc4-4034-96d7-69e551b2f36b.jpg?1783906618"", 1)","FIN","0100","Basic/Non-foil","Non-Foil, Traditional Foil","Standard","FF7","Common","Instant","B","No",0,0,0,0,"Near Mint (NM)",0.2,0.25,""
"Fight Rigging","","=IMAGE(""https://cards.scryfall.io/normal/front/e/d/ed314c9c-ce86-4782-981f-7956ceca564c.jpg?1783906259"", 1)","FIC","0303","Surge Foil","Surge Foil","Standard","FF10","Rare","Enchantment","G","No",0,0,0,0,"Near Mint (NM)",0.35,"",""
"Final Judgment","","=IMAGE(""https://cards.scryfall.io/normal/front/4/3/438a7db0-8005-46ac-8dd1-e7e364fd2ba7.jpg?1783906289"", 1)","FIC","0243","Surge Foil","Surge Foil","Standard","FF14","Mythic","Sorcery","W","No",0,0,0,0,"Near Mint (NM)",0.32,"",""
"Fire-Lit Thicket","","=IMAGE(""https://cards.scryfall.io/normal/front/b/c/bcab849e-336d-490f-8dd2-0936fba2afbe.jpg?1783906222"", 1)","FIC","0392","Surge Foil","Surge Foil","Standard","FF7","Rare","Land","GR","No",0,0,0,0,"Near Mint (NM)",0.95,"",""
"Fire Magic","","=IMAGE(""https://cards.scryfall.io/normal/front/4/1/415ff6a5-61ef-4b37-ae08-e44476300d4a.jpg?1783906604"", 1)","FIN","0136","Basic/Non-foil","Non-Foil, Traditional Foil","Standard","FF9","Uncommon","Instant","R","No",0,0,0,0,"Near Mint (NM)",0.74,1.1,""
"Firion, Wild Rose Warrior","","=IMAGE(""https://cards.scryfall.io/normal/front/9/8/98366937-d15b-4a66-b9f6-878d50b63871.jpg?1783906604"", 1)","FIN","0137","Basic/Non-foil","Non-Foil, Traditional Foil","Standard","FF2","Rare","Legendary Creature — Human Rebel Warrior","R","No",0,0,0,0,"Near Mint (NM)",0.83,1.11,""
"Firion, Wild Rose Warrior","","=IMAGE(""https://cards.scryfall.io/normal/front/6/5/65290ee9-0fbe-49d5-af48-cfbcde82277f.jpg?1783906177"", 1)","PFIN","137s","Promo","Traditional Foil, Promo","Standard","FF2","Rare","Legendary Creature — Human Rebel Warrior","R","No",0,0,0,0,"Near Mint (NM)","",4.61,""
"Firion, Wild Rose Warrior","","=IMAGE(""https://cards.scryfall.io/normal/front/8/f/8f1cb5a5-2f52-4a9d-a4fe-9603116b7ad5.jpg?1783906507"", 1)","FIN","0386","Basic/Non-foil","Non-Foil, Traditional Foil","Borderless","FF2","Rare","Legendary Creature — Human Rebel Warrior","R","No",0,0,0,0,"Near Mint (NM)",2.85,3.41,""
"Firion, Wild Rose Warrior","","=IMAGE(""https://cards.scryfall.io/normal/front/7/0/70def31c-e328-4f1f-a165-a43f94401c65.jpg?1783906477"", 1)","FIN","0459","Basic/Non-foil","Non-Foil, Traditional Foil","Extended Art","FF2","Rare","Legendary Creature — Human Rebel Warrior","R","No",0,0,0,0,"Near Mint (NM)",1.73,10.6,""
"Firion, Wild Rose Warrior","","=IMAGE(""https://cards.scryfall.io/normal/front/6/6/6687a6e8-f674-4db8-81eb-5ad28b7890f7.jpg?1783906445"", 1)","FIN","0531","Surge Foil","Surge Foil","Borderless","FF2","Rare","Legendary Creature — Human Rebel Warrior","R","No",0,0,0,0,"Near Mint (NM)","",20.14,""
"Fishing Gear","","=IMAGE(""https://cards.scryfall.io/normal/front/b/2/b2a1b5b3-8d7a-4614-b7f9-d13db5654d03.jpg?1783904650"", 1)","FIC","0461","Basic/Non-foil","Non-Foil, Traditional Foil","Borderless","FF15","Rare","Artifact — Equipment","Colorless","No",0,0,0,0,"Near Mint (NM)",11.8,6.71,""
"Fishing Gear // Fishing Gear","","=IMAGE(""https://cards.scryfall.io/normal/front/5/9/59811a52-0db6-4f88-b24c-d16fe73b1937.jpg?1783904661"", 1)","AFIC","0020","Basic/Non-foil","Non-Foil, Traditional Foil","Art Card","FF15","Common","Card // Card","Colorless","No",0,0,0,0,"Near Mint (NM)","","",""
"Flash Photography","","=IMAGE(""https://cards.scryfall.io/normal/front/2/b/2bca2cd2-4d4a-44e4-87c3-732692b77921.jpg?1783904649"", 1)","FIC","0463","Basic/Non-foil","Non-Foil, Traditional Foil","Borderless","FF15","Rare","Sorcery","U","No",0,0,0,0,"Near Mint (NM)",46.74,47.49,""
"Flash Photography // Flash Photography","","=IMAGE(""https://cards.scryfall.io/normal/front/1/3/138d2fa9-0b31-4eed-820e-9933c733c3c7.jpg?1783904661"", 1)","AFIC","0022","Basic/Non-foil","Non-Foil, Traditional Foil","Art Card","FF15","Common","Card // Card","Colorless","No",0,0,0,0,"Near Mint (NM)","","",""
"Flayer of the Hatebound","","=IMAGE(""https://cards.scryfall.io/normal/front/f/e/fe233fa7-bc38-45f5-bfe5-da93877f1075.jpg?1783906265"", 1)","FIC","0293","Surge Foil","Surge Foil","Standard","FF6","Rare","Creature — Devil","R","No",0,0,0,0,"Near Mint (NM)",0.23,"",""
"Flooded Grove","","=IMAGE(""https://cards.scryfall.io/normal/front/7/b/7b280a73-9246-4da4-8fc1-a5683edd8aab.jpg?1783906222"", 1)","FIC","0393","Surge Foil","Surge Foil","Standard","FF10","Rare","Land","GU","No",0,0,0,0,"Near Mint (NM)",0.34,"",""
"Food","","=IMAGE(""https://cards.scryfall.io/normal/front/4/8/4853f6f5-476d-4109-a1c6-f98f4d332db3.jpg?1783906130"", 1)","TFIN","0022","Basic/Non-foil","Non-Foil, Traditional Foil","Standard","FF15","Common","Token Artifact — Food","Colorless","No",0,0,0,0,"Near Mint (NM)","","",""
"魔女の予見","Force of Negation","=IMAGE(""https://cards.scryfall.io/normal/front/b/c/bc5376cb-82f6-43c7-bf8b-43515791e082.jpg?1783906138"", 1)","RFIN","J1","Promo","Non-Foil, Promo","Borderless","FF8","Rare","Instant","U","No",0,0,0,0,"Near Mint (NM)",1501.81,"",""
"Foreboding Ruins","","=IMAGE(""https://cards.scryfall.io/normal/front/a/7/a7659f3f-a26a-4097-88ea-d72c3abb5e1d.jpg?1783906220"", 1)","FIC","0394","Surge Foil","Surge Foil","Standard","FF6","Rare","Land","BR","No",0,0,0,0,"Near Mint (NM)",0.3,"",""
"Forest","","=IMAGE(""https://cards.scryfall.io/normal/front/0/a/0a45560e-ce25-45a5-aa43-aa33d1964cd8.jpg?1783904642"", 1)","FIC","0482","Wave Foil","Wave Foil","Standard","FF9","Common","Basic Land — Forest","G","No",0,0,0,0,"Near Mint (NM)","",5.08,""
"Forest","","=IMAGE(""https://cards.scryfall.io/normal/front/b/e/be72862d-d71e-4b18-98a6-59019399f631.jpg?1783906539"", 1)","FIN","0306","Basic/Non-foil","Non-Foil, Traditional Foil","Standard","FF9","Common","Basic Land — Forest","G","No",0,0,0,0,"Near Mint (NM)",0.36,0.57,""
"Forest","","=IMAGE(""https://cards.scryfall.io/normal/front/3/d/3d08f6a6-316d-45d8-aabe-1760a20903ac.jpg?1783906539"", 1)","FIN","0307","Basic/Non-foil","Non-Foil, Traditional Foil","Standard","FF3","Common","Basic Land — Forest","G","No",0,0,0,0,"Near Mint (NM)",0.28,0.31,""
"Forest","","=IMAGE(""https://cards.scryfall.io/normal/front/c/5/c52038c8-5bba-4d8e-845f-30af44300acc.jpg?1783906539"", 1)","FIN","0308","Basic/Non-foil","Non-Foil, Traditional Foil","Standard","FF11","Common","Basic Land — Forest","G","No",0,0,0,0,"Near Mint (NM)",0.22,0.4,""
"Forest","","=IMAGE(""https://cards.scryfall.io/normal/front/2/0/2036f825-ef57-4a40-b45f-0668d9c8ec6a.jpg?1783906431"", 1)","FIN","0576","Surge Foil","Surge Foil","Showcase","FF3","Common","Basic Land — Forest","G","No",0,0,0,0,"Near Mint (NM)","",1.76,""
"Foretell","","=IMAGE(""https://cards.scryfall.io/normal/front/2/0/207b3d62-2541-4a51-8152-3c54218ab6f7.jpg?1783906140"", 1)","TFIC","0010","Surge Foil","Surge Foil","Standard","FF7","Common","Card","Colorless","No",0,0,0,0,"Near Mint (NM)","","",""
"Forge of Heroes","","=IMAGE(""https://cards.scryfall.io/normal/front/7/a/7ac60dfc-040e-4cc1-a967-3c915770fc8e.jpg?1783906220"", 1)","FIC","0395","Surge Foil","Surge Foil","Standard","FF10","Common","Land","Colorless","No",0,0,0,0,"Near Mint (NM)",0.24,"",""
"Forgotten Ancient","","=IMAGE(""https://cards.scryfall.io/normal/front/d/e/de0f3be6-4e5b-4186-af49-fe3dadadcd01.jpg?1783906259"", 1)","FIC","0304","Surge Foil","Surge Foil","Standard","FF10","Rare","Creature — Elemental","G","No",0,0,0,0,"Near Mint (NM)",0.36,"",""
"Fortified Village","","=IMAGE(""https://cards.scryfall.io/normal/front/1/0/1028b210-db71-4bbd-8bd7-59dc4032f426.jpg?1783906219"", 1)","FIC","0396","Surge Foil","Surge Foil","Standard","FF7","Rare","Land","GW","No",0,0,0,0,"Near Mint (NM)",0.3,"",""
"Freya Crescent","","=IMAGE(""https://cards.scryfall.io/normal/front/9/9/9921f646-e893-44db-ac89-0633c1009788.jpg?1783906604"", 1)","FIN","0138","Basic/Non-foil","Non-Foil, Traditional Foil","Standard","FF9","Uncommon","Legendary Creature — Rat Knight","R","No",0,0,0,0,"Near Mint (NM)",0.26,0.32,""
"Freya Crescent","","=IMAGE(""https://cards.scryfall.io/normal/front/e/5/e5aa0b07-9ebb-46d7-a80f-2e644dbd9d36.jpg?1783906476"", 1)","FIN","0460","Basic/Non-foil","Non-Foil, Traditional Foil","Extended Art","FF9","Uncommon","Legendary Creature — Rat Knight","R","No",0,0,0,0,"Near Mint (NM)",2.98,22.21,""
"Frog","","=IMAGE(""https://cards.scryfall.io/normal/front/e/3/e3c84944-23b8-40d7-9b25-c746b08b4dc4.jpg?1783906132"", 1)","TFIN","0018","Basic/Non-foil","Non-Foil, Traditional Foil","Standard","FF9","Common","Token Creature — Frog","G","No",0,0,0,0,"Near Mint (NM)","","",""
"From Father to Son","","=IMAGE(""https://cards.scryfall.io/normal/front/0/c/0c730a3b-334e-466b-bb9b-4b41fce2af6d.jpg?1783906649"", 1)","FIN","0020","Basic/Non-foil","Non-Foil, Traditional Foil","Standard","FF15","Rare","Sorcery","W","No",0,0,0,0,"Near Mint (NM)",0.25,0.48,""
"From Father to Son","","=IMAGE(""https://cards.scryfall.io/normal/front/1/5/157ca197-0e72-4f9c-9c65-d696232bc6f4.jpg?1783906198"", 1)","PFIN","20s","Promo","Traditional Foil, Promo","Standard","FF15","Rare","Sorcery","W","No",0,0,0,0,"Near Mint (NM)","",3.56,""
"Furious Rise","","=IMAGE(""https://cards.scryfall.io/normal/front/a/8/a886ed1a-d6a4-46d2-8b97-ee4a533773fb.jpg?1783906272"", 1)","FIC","0294","Surge Foil","Surge Foil","Standard","FF7","Uncommon","Enchantment","R","No",0,0,0,0,"Near Mint (NM)",0.2,"",""
"Furycalm Snarl","","=IMAGE(""https://cards.scryfall.io/normal/front/6/7/67e44005-d0a5-49d2-b2f7-4b991ffbb5ce.jpg?1783906218"", 1)","FIC","0397","Surge Foil","Surge Foil","Standard","FF7","Rare","Land","RW","No",0,0,0,0,"Near Mint (NM)",0.31,"",""
"Vayne Carudas Solidor","Fynn, the Fangbearer","=IMAGE(""https://cards.scryfall.io/normal/front/e/9/e983925b-de9c-4a09-8bff-913301aff269.jpg?1783906381"", 1)","FCA","0046","Basic/Non-foil","Non-Foil, Traditional Foil","Borderless","FF12","Uncommon","Legendary Creature — Human Warrior","G","No",0,0,0,0,"Near Mint (NM)",0.36,0.42,""
"Gaelicat","","=IMAGE(""https://cards.scryfall.io/normal/front/2/9/29606c49-e1a4-49c3-883b-9122c08bbbc7.jpg?1783906648"", 1)","FIN","0022","Basic/Non-foil","Non-Foil, Traditional Foil","Standard","FF5","Common","Creature — Cat","W","No",0,0,0,0,"Near Mint (NM)",0.06,0.2,""
"Gaius van Baelsar","","=IMAGE(""https://cards.scryfall.io/normal/front/a/4/a4ee8ba5-6a79-4652-b2a4-a3dae804bc28.jpg?1783906618"", 1)","FIN","0102","Basic/Non-foil","Non-Foil, Traditional Foil","Standard","FF14","Uncommon","Legendary Creature — Human Soldier","B","No",0,0,0,0,"Near Mint (NM)",0.27,0.29,""
"Gaius van Baelsar","","=IMAGE(""https://cards.scryfall.io/normal/front/4/2/42605473-e37d-46b3-8979-31cc6b21bc3c.jpg?1783906482"", 1)","FIN","0447","Basic/Non-foil","Non-Foil, Traditional Foil","Extended Art","FF14","Uncommon","Legendary Creature — Human Soldier","B","No",0,0,0,0,"Near Mint (NM)",1.73,19.67,""
"Galuf's Final Act","","=IMAGE(""https://cards.scryfall.io/normal/front/0/c/0ce05634-6c01-4941-a135-904cb4e33ac4.jpg?1783906586"", 1)","FIN","0186","Basic/Non-foil","Non-Foil, Traditional Foil","Standard","FF5","Uncommon","Instant","G","No",0,0,0,0,"Near Mint (NM)",0.16,0.28,""
"Game Trail","","=IMAGE(""https://cards.scryfall.io/normal/front/4/d/4d62258f-135b-44ca-a27d-3c2267f408a5.jpg?1783906217"", 1)","FIC","0398","Surge Foil","Surge Foil","Standard","FF7","Rare","Land","GR","No",0,0,0,0,"Near Mint (NM)",0.26,"",""
"Garland, Knight of Cornelia // Chaos, the Endless","","=IMAGE(""https://cards.scryfall.io/normal/front/d/d/dd463dbe-5f2c-4d4f-86f8-ad8ff407af62.jpg?1783906577"", 1)","FIN","0221","Basic/Non-foil","Non-Foil, Traditional Foil","Standard","FF1","Uncommon","Legendary Creature — Human Knight // Legendary Creature — Demon","BR","No",0,0,0,0,"Near Mint (NM)",0.2,0.3,""
"Garland, Knight of Cornelia // Chaos, the Endless","","=IMAGE(""https://cards.scryfall.io/normal/front/8/e/8e6e21d2-e282-4f56-8e6b-929176b264b3.jpg?1783906471"", 1)","FIN","0486","Basic/Non-foil","Non-Foil, Traditional Foil","Extended Art","FF1","Uncommon","Legendary Creature — Human Knight // Legendary Creature — Demon","BR","No",0,0,0,0,"Near Mint (NM)",1.18,12.26,""
"Garland, Royal Kidnapper","","=IMAGE(""https://cards.scryfall.io/normal/front/b/8/b81c3f08-9319-4265-a75b-5b12b09aba89.jpg?1783904658"", 1)","FIC","0442","Basic/Non-foil","Non-Foil, Traditional Foil","Borderless","FF1","Rare","Legendary Creature — Human Knight","BU","No",0,0,0,0,"Near Mint (NM)",6.0,6.42,""
"Garland, Royal Kidnapper // Garland, Royal Kidnapper","","=IMAGE(""https://cards.scryfall.io/normal/front/9/a/9a9780d1-05ac-4c72-8b0e-db6af4609efb.jpg?1783904671"", 1)","AFIC","0001","Basic/Non-foil","Non-Foil, Traditional Foil","Art Card","FF1","Common","Card // Card","Colorless","No",0,0,0,0,"Near Mint (NM)","","",""
"Garnet, Princess of Alexandria","","=IMAGE(""https://cards.scryfall.io/normal/front/b/8/b883df14-8d7b-4f6a-9a6a-2f71f5b6ddda.jpg?1783906571"", 1)","FIN","0222","Basic/Non-foil","Non-Foil, Traditional Foil","Standard","FF9","Uncommon","Legendary Creature — Human Noble Cleric","GW","No",0,0,0,0,"Near Mint (NM)",0.26,0.29,""
"Garnet, Princess of Alexandria","","=IMAGE(""https://cards.scryfall.io/normal/front/6/1/6136d21e-e6fa-4aaf-9eca-3847fa2c65fd.jpg?1783906466"", 1)","FIN","0487","Basic/Non-foil","Non-Foil, Traditional Foil","Extended Art","FF9","Uncommon","Legendary Creature — Human Noble Cleric","GW","No",0,0,0,0,"Near Mint (NM)",3.5,27.6,""
"Gatta and Luzzu","","=IMAGE(""https://cards.scryfall.io/normal/front/4/7/4742c222-1f29-4e1a-a545-798d175255ca.jpg?1783906368"", 1)","FIC","0019","Surge Foil","Surge Foil","Standard","FF10","Rare","Legendary Creature — Human Soldier","W","No",0,0,0,0,"Near Mint (NM)",0.23,"",""
"Gatta and Luzzu","","=IMAGE(""https://cards.scryfall.io/normal/front/f/f/ff6b510b-a425-48c8-b67e-276fba2f0ef0.jpg?1783906328"", 1)","FIC","0134","Basic/Non-foil","Non-Foil, Traditional Foil","Extended Art","FF10","Rare","Legendary Creature — Human Soldier","W","No",0,0,0,0,"Near Mint (NM)",0.47,2.76,""
"Gau, Feral Youth","","=IMAGE(""https://cards.scryfall.io/normal/front/8/9/89175ce1-0746-4ba1-970e-617d134b0527.jpg?1783906357"", 1)","FIC","0055","Surge Foil","Surge Foil","Standard","FF6","Rare","Legendary Creature — Human Berserker","R","No",0,0,0,0,"Near Mint (NM)",0.2,"",""
"Gau, Feral Youth","","=IMAGE(""https://cards.scryfall.io/normal/front/c/7/c7f4920b-cbf6-407c-ae02-6f6cc047187d.jpg?1783906321"", 1)","FIC","0152","Basic/Non-foil","Non-Foil, Traditional Foil","Extended Art","FF6","Rare","Legendary Creature — Human Berserker","R","No",0,0,0,0,"Near Mint (NM)",0.43,2.26,""
"General Leo Cristophe","","=IMAGE(""https://cards.scryfall.io/normal/front/3/9/39384ab7-54da-43e3-8fbc-5c171b7ca7f4.jpg?1783906369"", 1)","FIC","0020","Surge Foil","Surge Foil","Standard","FF6","Rare","Legendary Creature — Human Soldier","W","No",0,0,0,0,"Near Mint (NM)",0.17,"",""
"General Leo Cristophe","","=IMAGE(""https://cards.scryfall.io/normal/front/e/5/e5226e79-646b-4488-9a19-0549e15ba6ad.jpg?1783906327"", 1)","FIC","0135","Basic/Non-foil","Non-Foil, Traditional Foil","Extended Art","FF6","Rare","Legendary Creature — Human Soldier","W","No",0,0,0,0,"Near Mint (NM)",0.4,1.53,""
"Generous Patron","","=IMAGE(""https://cards.scryfall.io/normal/front/8/f/8f4a43b9-6ee8-4b89-b204-83093fba8de4.jpg?1783906263"", 1)","FIC","0305","Surge Foil","Surge Foil","Standard","FF10","Rare","Creature — Elf Advisor","G","No",0,0,0,0,"Near Mint (NM)",0.8,"",""
"Genji Glove","","=IMAGE(""https://cards.scryfall.io/normal/front/f/7/f724dde1-84b0-4e3b-a9b8-44cd22bb9f79.jpg?1783906558"", 1)","FIN","0258","Basic/Non-foil","Non-Foil, Traditional Foil","Standard","FF5","Rare","Artifact — Equipment","Colorless","No",0,0,0,0,"Near Mint (NM)",10.88,15.05,""
"Genji Glove","","=IMAGE(""https://cards.scryfall.io/normal/front/b/8/b894358d-b024-4cf5-a09b-bac8cde72258.jpg?1783906150"", 1)","PFIN","258s","Promo","Traditional Foil, Promo","Standard","FF5","Rare","Artifact — Equipment","Colorless","No",0,0,0,0,"Near Mint (NM)","",25.28,""
"Geothermal Bog","","=IMAGE(""https://cards.scryfall.io/normal/front/d/5/d504caa5-e557-4e69-8899-44760b88f076.jpg?1783906217"", 1)","FIC","0399","Surge Foil","Surge Foil","Standard","FF6","Common","Land — Swamp Mountain","BR","No",0,0,0,0,"Near Mint (NM)",0.23,"",""
"Gigantoad","","=IMAGE(""https://cards.scryfall.io/normal/front/b/c/bc10d648-4053-460f-bc52-9c20477bf6de.jpg?1783906587"", 1)","FIN","0187","Basic/Non-foil","Non-Foil, Traditional Foil","Standard","FF15","Common","Creature — Frog","G","No",0,0,0,0,"Near Mint (NM)",0.14,0.24,""
"Gilgamesh, Master-at-Arms","","=IMAGE(""https://cards.scryfall.io/normal/front/1/e/1eb81329-fb7a-4347-b96c-9960a5c48e87.jpg?1783906605"", 1)","FIN","0139","Basic/Non-foil","Non-Foil, Traditional Foil","Standard","FF5","Rare","Legendary Creature — Human Samurai","R","No",0,0,0,0,"Near Mint (NM)",0.61,1.39,""
"Gilgamesh, Master-at-Arms","","=IMAGE(""https://cards.scryfall.io/normal/front/8/6/86f7e3b4-959c-4820-9a7b-e5d178d42931.jpg?1783906176"", 1)","PFIN","139s","Promo","Traditional Foil, Promo","Standard","FF5","Rare","Legendary Creature — Human Samurai","R","No",0,0,0,0,"Near Mint (NM)","",7.84,""
"Gilgamesh, Master-at-Arms","","=IMAGE(""https://cards.scryfall.io/normal/front/8/1/816f618c-ed6c-4320-9c33-9ae903e32abf.jpg?1783906528"", 1)","FIN","0338","Basic/Non-foil","Non-Foil, Traditional Foil","Borderless","FF5","Rare","Legendary Creature — Human Samurai","R","No",0,0,0,0,"Near Mint (NM)",3.24,5.02,""
"Gilgamesh, Master-at-Arms","","=IMAGE(""https://cards.scryfall.io/normal/front/7/9/79070b71-3737-4d9a-8193-b2d7bf8d876b.jpg?1783906476"", 1)","FIN","0461","Basic/Non-foil","Non-Foil, Traditional Foil","Extended Art","FF5","Rare","Legendary Creature — Human Samurai","R","No",0,0,0,0,"Near Mint (NM)",2.11,13.02,""
"Giott, King of the Dwarves","","=IMAGE(""https://cards.scryfall.io/normal/front/6/a/6a7784de-a10d-4ce6-98a5-aaf3e85773b6.jpg?1783906571"", 1)","FIN","0223","Basic/Non-foil","Non-Foil, Traditional Foil","Standard","FF4","Uncommon","Legendary Creature — Dwarf Noble","RW","No",0,0,0,0,"Near Mint (NM)",0.17,0.28,""
"Giott, King of the Dwarves","","=IMAGE(""https://cards.scryfall.io/normal/front/e/5/e5220843-4964-4abe-b397-a909be8ed8e0.jpg?1783906465"", 1)","FIN","0488","Basic/Non-foil","Non-Foil, Traditional Foil","Extended Art","FF4","Uncommon","Legendary Creature — Dwarf Noble","RW","No",0,0,0,0,"Near Mint (NM)",2.43,12.38,""
"The Shadow Lord","Gix, Yawgmoth Praetor","=IMAGE(""https://cards.scryfall.io/normal/front/f/1/f1de9d89-4cbf-453b-ab6d-88090bd7a204.jpg?1783906384"", 1)","FCA","0035","Basic/Non-foil","Non-Foil, Traditional Foil","Borderless","FF11","Mythic","Legendary Creature — Phyrexian Praetor","B","No",0,0,0,0,"Near Mint (NM)",5.18,34.69,""
"Glacial Fortress","","=IMAGE(""https://cards.scryfall.io/normal/front/d/7/d75d748f-38c3-4a7f-8211-db62d5314180.jpg?1783906217"", 1)","FIC","0400","Surge Foil","Surge Foil","Standard","FF14","Rare","Land","UW","No",0,0,0,0,"Near Mint (NM)",0.65,"",""
"Gladiolus Amicitia","","=IMAGE(""https://cards.scryfall.io/normal/front/4/4/442957fc-045d-4db6-b82a-445f172d23e4.jpg?1783906571"", 1)","FIN","0224","Basic/Non-foil","Non-Foil, Traditional Foil","Standard","FF15","Uncommon","Legendary Creature — Human Warrior","GR","No",0,0,0,0,"Near Mint (NM)",0.28,0.3,""
"Gladiolus Amicitia","","=IMAGE(""https://cards.scryfall.io/normal/front/8/e/8e2d8e83-1fd4-4c99-ae84-b450e3650cb7.jpg?1783906466"", 1)","FIN","0489","Basic/Non-foil","Non-Foil, Traditional Foil","Extended Art","FF15","Uncommon","Legendary Creature — Human Warrior","GR","No",0,0,0,0,"Near Mint (NM)",1.24,11.75,""
"Gilgamesh, Weapon Collector","Godo, Bandit Warlord","=IMAGE(""https://cards.scryfall.io/normal/front/b/2/b24b733e-f98a-4ae1-9e54-eb416dea7cf6.jpg?1783906391"", 1)","FCA","0013","Basic/Non-foil","Non-Foil, Traditional Foil","Borderless","FF5","Rare","Legendary Creature — Human Barbarian","R","No",0,0,0,0,"Near Mint (NM)",3.98,22.21,""
"Gogo, Master of Mimicry","","=IMAGE(""https://cards.scryfall.io/normal/front/c/c/cce4eb99-d960-4ab7-911a-bb4ea74d1775.jpg?1783906636"", 1)","FIN","0054","Basic/Non-foil","Non-Foil, Traditional Foil","Standard","FF6","Mythic","Legendary Creature — Wizard","U","No",0,0,0,0,"Near Mint (NM)",4.61,5.36,""
"Gogo, Master of Mimicry","","=IMAGE(""https://cards.scryfall.io/normal/front/3/2/329abaf9-b428-4e63-9433-558b384ba698.jpg?1783906192"", 1)","PFIN","54s","Promo","Traditional Foil, Promo","Standard","FF6","Mythic","Legendary Creature — Wizard","U","No",0,0,0,0,"Near Mint (NM)","",18.68,""
"Gogo, Master of Mimicry","","=IMAGE(""https://cards.scryfall.io/normal/front/0/5/054e180d-4e66-426d-adb5-a4fee94b6a67.jpg?1783906512"", 1)","FIN","0377","Basic/Non-foil","Non-Foil, Traditional Foil","Borderless","FF6","Mythic","Legendary Creature — Wizard","U","No",0,0,0,0,"Near Mint (NM)",8.65,11.78,""
"Gogo, Master of Mimicry","","=IMAGE(""https://cards.scryfall.io/normal/front/5/9/59156e99-5514-4eb3-b976-bb6cfe354d12.jpg?1783906488"", 1)","FIN","0437","Basic/Non-foil","Non-Foil, Traditional Foil","Extended Art","FF6","Mythic","Legendary Creature — Wizard","U","No",0,0,0,0,"Near Mint (NM)",7.81,13.8,""
"Gogo, Master of Mimicry","","=IMAGE(""https://cards.scryfall.io/normal/front/8/c/8cbeb01f-965f-4aa2-9e75-31718cc574e3.jpg?1783906450"", 1)","FIN","0522","Surge Foil","Surge Foil","Borderless","FF6","Mythic","Legendary Creature — Wizard","U","No",0,0,0,0,"Near Mint (NM)","",56.12,""
"Gogo, Mysterious Mime","","=IMAGE(""https://cards.scryfall.io/normal/front/0/d/0db05dc8-03f8-4ab4-9ca3-2aaaa0099eb4.jpg?1783906356"", 1)","FIC","0056","Surge Foil","Surge Foil","Standard","FF6","Rare","Legendary Creature — Wizard","R","No",0,0,0,0,"Near Mint (NM)",1.61,"",""
"Gogo, Mysterious Mime","","=IMAGE(""https://cards.scryfall.io/normal/front/e/b/ebf0b7b3-2e9a-4fb1-aaad-ff1567a4993c.jpg?1783906321"", 1)","FIC","0153","Basic/Non-foil","Non-Foil, Traditional Foil","Extended Art","FF6","Rare","Legendary Creature — Wizard","R","No",0,0,0,0,"Near Mint (NM)",4.74,19.91,""
"Gohn, Town of Ruin","","=IMAGE(""https://cards.scryfall.io/normal/front/9/9/99582781-613e-4a33-aec7-7569b4a961aa.jpg?1783906550"", 1)","FIN","0278","Basic/Non-foil","Non-Foil, Traditional Foil","Standard","FF5","Common","Land — Town","BG","No",0,0,0,0,"Near Mint (NM)",0.19,0.21,""
"Golbez, Crystal Collector","","=IMAGE(""https://cards.scryfall.io/normal/front/8/4/849f5716-7211-4e93-a220-f88d49f937f4.jpg?1783906570"", 1)","FIN","0225","Basic/Non-foil","Non-Foil, Traditional Foil","Standard","FF4","Rare","Legendary Creature — Human Wizard","BU","No",0,0,0,0,"Near Mint (NM)",0.52,1.11,""
"Golbez, Crystal Collector","","=IMAGE(""https://cards.scryfall.io/normal/front/e/f/effc26cf-3e80-4e67-a703-5c3579abc9f4.jpg?1783906163"", 1)","PFIN","225s","Promo","Traditional Foil, Promo","Standard","FF4","Rare","Legendary Creature — Human Wizard","BU","No",0,0,0,0,"Near Mint (NM)","",4.74,""
"Golbez, Crystal Collector","","=IMAGE(""https://cards.scryfall.io/normal/front/9/5/95822b03-a49b-4a77-a257-fe0527088177.jpg?1783906503"", 1)","FIN","0395","Basic/Non-foil","Non-Foil, Traditional Foil","Borderless","FF4","Rare","Legendary Creature — Human Wizard","BU","No",0,0,0,0,"Near Mint (NM)",3.14,5.09,""
"Golbez, Crystal Collector","","=IMAGE(""https://cards.scryfall.io/normal/front/d/b/db013d39-3681-4ed0-8671-d1d2452df9de.jpg?1783906463"", 1)","FIN","0490","Basic/Non-foil","Non-Foil, Traditional Foil","Extended Art","FF4","Rare","Legendary Creature — Human Wizard","BU","No",0,0,0,0,"Near Mint (NM)",1.86,9.2,""
"Golbez, Crystal Collector","","=IMAGE(""https://cards.scryfall.io/normal/front/d/e/de4c9b6b-27be-45b6-9642-49471aaddcb9.jpg?1783906444"", 1)","FIN","0540","Surge Foil","Surge Foil","Borderless","FF4","Rare","Legendary Creature — Human Wizard","BU","No",0,0,0,0,"Near Mint (NM)","",46.72,""
"Golbez, Crystal Collector // Golbez, Crystal Collector","","=IMAGE(""https://cards.scryfall.io/normal/front/f/7/f71f77aa-e10e-4d6f-8478-aa9e9b1acd47.jpg?1783906402"", 1)","AFIN","0045","Basic/Non-foil","Non-Foil, Traditional Foil","Art Card","FF4","Common","Card // Card","Colorless","No",0,0,0,0,"Near Mint (NM)","","",""
"Gongaga, Reactor Town","","=IMAGE(""https://cards.scryfall.io/normal/front/7/b/7beccfa6-3e4b-4460-954e-870cb39e462d.jpg?1783906549"", 1)","FIN","0280","Basic/Non-foil","Non-Foil, Traditional Foil","Standard","FF7","Common","Land — Town","GR","No",0,0,0,0,"Near Mint (NM)",0.17,0.29,""
"Goobbue Gardener","","=IMAGE(""https://cards.scryfall.io/normal/front/b/7/b7c3544a-5dd5-423e-8a40-ac4803db8adc.jpg?1783906586"", 1)","FIN","0188","Basic/Non-foil","Non-Foil, Traditional Foil","Standard","FF11","Common","Creature — Plant Beast","G","No",0,0,0,0,"Near Mint (NM)",0.14,0.23,""
"G'raha Tia","","=IMAGE(""https://cards.scryfall.io/normal/front/0/7/076a8eca-ed73-4ee9-aab4-d9d43d394ee6.jpg?1783906648"", 1)","FIN","0021","Basic/Non-foil","Non-Foil, Traditional Foil","Standard","FF14","Uncommon","Legendary Creature — Cat Archer","W","No",0,0,0,0,"Near Mint (NM)",0.19,0.25,""
"G'raha Tia","","=IMAGE(""https://cards.scryfall.io/normal/front/d/2/d285d6fa-b618-4558-b1e6-d148e0927cb5.jpg?1783906490"", 1)","FIN","0429","Basic/Non-foil","Non-Foil, Traditional Foil","Extended Art","FF14","Uncommon","Legendary Creature — Cat Archer","W","No",0,0,0,0,"Near Mint (NM)",0.94,18.74,""
"G'raha Tia, Scion Reborn","","=IMAGE(""https://cards.scryfall.io/normal/front/f/9/f90eb8ef-ad70-4d6c-9958-e6153f8599bc.jpg?1783906373"", 1)","FIC","0003","Basic/Non-foil","Non-Foil, Traditional Foil","Standard","FF14","Mythic","Legendary Creature — Cat Wizard","BUW","No",0,0,0,0,"Near Mint (NM)",0.59,0.34,""
"G'raha Tia, Scion Reborn","","=IMAGE(""https://cards.scryfall.io/normal/front/a/5/a5ec8a4e-92fd-49bd-8d9c-c83dd853ca01.jpg?1783906315"", 1)","FIC","0172","Basic/Non-foil","Non-Foil, Traditional Foil","Extended Art","FF14","Mythic","Legendary Creature — Cat Wizard","BUW","No",0,0,0,0,"Near Mint (NM)",1.54,3.95,""
"G'raha Tia, Scion Reborn","","=IMAGE(""https://cards.scryfall.io/normal/front/2/4/24a80798-8ff1-41b9-9ffe-a48d1add8538.jpg?1783906302"", 1)","FIC","0203","Basic/Non-foil","Non-Foil, Traditional Foil","Borderless","FF14","Mythic","Legendary Creature — Cat Wizard","BUW","No",0,0,0,0,"Near Mint (NM)",14.0,17.97,""
"G'raha Tia, Scion Reborn","","=IMAGE(""https://cards.scryfall.io/normal/front/4/d/4dd910c1-9d74-4f08-bc36-51fa504f9017.jpg?1783906301"", 1)","FIC","0211","Surge Foil","Surge Foil","Borderless","FF14","Mythic","Legendary Creature — Cat Wizard","BUW","No",0,0,0,0,"Near Mint (NM)","",87.68,""
"G'raha Tia, Scion Reborn","","=IMAGE(""https://cards.scryfall.io/normal/front/2/1/214453a2-9dcb-4bab-853f-5b56bbcbe4f8.jpg?1783906296"", 1)","FIC","0222","Surge Foil","Surge Foil","Standard","FF14","Mythic","Legendary Creature — Cat Wizard","BUW","No",0,0,0,0,"Near Mint (NM)","",1.04,""
"G'raha Tia, Scion Reborn // G'raha Tia, Scion Reborn","","=IMAGE(""https://cards.scryfall.io/normal/front/1/4/1462aa03-5e46-4ea9-8844-045ab9ad82dd.jpg?1783906416"", 1)","AFIN","0019","Basic/Non-foil","Non-Foil, Traditional Foil","Art Card","FF14","Common","Card // Card","Colorless","No",0,0,0,0,"Near Mint (NM)","","",""
"G'raha Tia, Scion Reborn // G'raha Tia, Scion Reborn","","=IMAGE(""https://cards.scryfall.io/normal/front/7/4/74f1708e-6446-4ca9-9186-3cb1e6a1ad3f.jpg?1783906400"", 1)","AFIN","0051","Basic/Non-foil","Non-Foil, Traditional Foil","Art Card","FF14","Common","Card // Card","Colorless","No",0,0,0,0,"Near Mint (NM)","","",""
"Gran Pulse Ochu","","=IMAGE(""https://cards.scryfall.io/normal/front/4/d/4dced21f-478c-4500-9484-af5864dea5cc.jpg?1783906586"", 1)","FIN","0189","Basic/Non-foil","Non-Foil, Traditional Foil","Standard","FF13","Common","Creature — Plant Beast","G","No",0,0,0,0,"Near Mint (NM)",0.14,0.25,""
"Grateful Apparition","","=IMAGE(""https://cards.scryfall.io/normal/front/7/5/755e0d2b-9a5e-4a13-b085-13c33e120de0.jpg?1783906286"", 1)","FIC","0244","Surge Foil","Surge Foil","Standard","FF10","Uncommon","Creature — Spirit","W","No",0,0,0,0,"Near Mint (NM)",0.3,"",""
"Graven Cairns","","=IMAGE(""https://cards.scryfall.io/normal/front/7/f/7f33cce1-1484-43da-a825-b090eb5403a4.jpg?1783906217"", 1)","FIC","0401","Surge Foil","Surge Foil","Standard","FF6","Rare","Land","BR","No",0,0,0,0,"Near Mint (NM)",1.87,"",""
"Guadosalam, Farplane Gateway","","=IMAGE(""https://cards.scryfall.io/normal/front/d/f/dfcbc131-fd50-4908-b539-c8e52bb70c58.jpg?1783906548"", 1)","FIN","0281","Basic/Non-foil","Non-Foil, Traditional Foil","Standard","FF10","Common","Land — Town","GU","No",0,0,0,0,"Near Mint (NM)",0.2,0.31,""
"Gyre Sage","","=IMAGE(""https://cards.scryfall.io/normal/front/2/3/236c4e0d-1a54-4024-85ef-4d73028bfb87.jpg?1783906258"", 1)","FIC","0306","Surge Foil","Surge Foil","Standard","FF10","Rare","Creature — Elf Druid","G","No",0,0,0,0,"Near Mint (NM)",1.16,"",""
"Gysahl Greens","","=IMAGE(""https://cards.scryfall.io/normal/front/0/2/020dee17-d85b-44c4-9faa-b1ef977956f4.jpg?1783906585"", 1)","FIN","0190","Basic/Non-foil","Non-Foil, Traditional Foil","Standard","FF11","Common","Sorcery","G","No",0,0,0,0,"Near Mint (NM)",0.16,0.24,""
"Gysahl Greens // Gysahl Greens","","=IMAGE(""https://cards.scryfall.io/normal/front/7/e/7e10f8c5-d2bd-491e-827f-145a1bacc258.jpg?1783906420"", 1)","AFIN","0010","Basic/Non-foil","Non-Foil, Traditional Foil","Art Card","FF11","Common","Card // Card","Colorless","No",0,0,0,0,"Near Mint (NM)","","",""
"Hades, Sorcerer of Eld // Hades, Sorcerer of Eld","","=IMAGE(""https://cards.scryfall.io/normal/front/f/d/fd964723-444e-4112-8db3-daf26d05e79a.jpg?1783906420"", 1)","AFIN","0012","Basic/Non-foil","Non-Foil, Traditional Foil","Art Card","FF14","Common","Card // Card","Colorless","No",0,0,0,0,"Near Mint (NM)","","",""
"Hardened Scales","","=IMAGE(""https://cards.scryfall.io/normal/front/1/2/1219d294-22b3-45de-91d9-8d80e27c2fd6.jpg?1783906258"", 1)","FIC","0307","Surge Foil","Surge Foil","Standard","FF10","Rare","Enchantment","G","No",0,0,0,0,"Near Mint (NM)",2.26,"",""
"Harmonize","","=IMAGE(""https://cards.scryfall.io/normal/front/9/7/978410dd-aace-4a70-8028-6dd11c14156e.jpg?1783906259"", 1)","FIC","0308","Surge Foil","Surge Foil","Standard","FF7","Uncommon","Sorcery","G","No",0,0,0,0,"Near Mint (NM)",0.26,"",""
"Haste Magic","","=IMAGE(""https://cards.scryfall.io/normal/front/3/a/3af9d100-70ee-4c6c-a762-11a0c4f3ef6f.jpg?1783906605"", 1)","FIN","0140","Basic/Non-foil","Non-Foil, Traditional Foil","Standard","FF7","Common","Instant","R","No",0,0,0,0,"Near Mint (NM)",0.27,0.3,""
"Hecteyes","","=IMAGE(""https://cards.scryfall.io/normal/front/8/6/8680d052-c07b-4d9b-bda9-b5f69f44f424.jpg?1783906618"", 1)","FIN","0103","Basic/Non-foil","Non-Foil, Traditional Foil","Standard","FF2","Common","Creature — Ooze Horror","B","No",0,0,0,0,"Near Mint (NM)",0.28,0.31,""
"Heidegger, Shinra Executive","","=IMAGE(""https://cards.scryfall.io/normal/front/8/e/8e216baf-0e3c-4173-a852-5c5aeb3a9d79.jpg?1783906367"", 1)","FIC","0021","Surge Foil","Surge Foil","Standard","FF7","Rare","Legendary Creature — Human Soldier","W","No",0,0,0,0,"Near Mint (NM)",0.16,"",""
"Heidegger, Shinra Executive","","=IMAGE(""https://cards.scryfall.io/normal/front/a/d/ad2547e0-b3bb-45df-a0ee-1af4bd80c834.jpg?1783906327"", 1)","FIC","0136","Basic/Non-foil","Non-Foil, Traditional Foil","Extended Art","FF7","Rare","Legendary Creature — Human Soldier","W","No",0,0,0,0,"Near Mint (NM)",0.33,1.47,""
"Helitrooper","","=IMAGE(""https://cards.scryfall.io/normal/front/2/0/2073f387-9cdd-4184-8704-e6031c934b6d.jpg?1783906367"", 1)","FIC","0022","Surge Foil","Surge Foil","Standard","FF7","Rare","Creature — Human Soldier","W","No",0,0,0,0,"Near Mint (NM)",0.16,"",""
"Helitrooper","","=IMAGE(""https://cards.scryfall.io/normal/front/4/f/4fe4000f-e7aa-48e7-a0be-8cc1c2698ad0.jpg?1783906339"", 1)","FIC","0106","Basic/Non-foil","Non-Foil, Traditional Foil","Extended Art","FF7","Rare","Creature — Human Soldier","W","No",0,0,0,0,"Near Mint (NM)",0.33,0.47,""
"Hellkite Tyrant","","=IMAGE(""https://cards.scryfall.io/normal/front/9/7/97ff9946-af2c-4568-847e-b828a71d0217.jpg?1783906264"", 1)","FIC","0295","Surge Foil","Surge Foil","Standard","FF7","Rare","Creature — Dragon","R","No",0,0,0,0,"Near Mint (NM)",2.17,"",""
"Herald's Horn","","=IMAGE(""https://cards.scryfall.io/normal/front/4/8/48a8abd6-8b5f-45b6-9f82-f2ce17d86222.jpg?1783906294"", 1)","FIC","0228","Promo","Traditional Foil, Promo","Extended Art","FF14","Rare","Artifact","Colorless","No",0,0,0,0,"Near Mint (NM)","",5.46,""
"Hermes, Overseer of Elpis","","=IMAGE(""https://cards.scryfall.io/normal/front/e/0/e04a05e5-7bff-46a4-aae1-6713977e6e30.jpg?1783906363"", 1)","FIC","0036","Surge Foil","Surge Foil","Standard","FF14","Rare","Legendary Creature — Elder Wizard","U","No",0,0,0,0,"Near Mint (NM)",0.35,"",""
"Hermes, Overseer of Elpis","","=IMAGE(""https://cards.scryfall.io/normal/front/e/b/ebacdfc9-7459-45b7-b563-572bdab27702.jpg?1783906326"", 1)","FIC","0141","Basic/Non-foil","Non-Foil, Traditional Foil","Extended Art","FF14","Rare","Legendary Creature — Elder Wizard","U","No",0,0,0,0,"Near Mint (NM)",1.81,6.58,""
"Hero","","=IMAGE(""https://cards.scryfall.io/normal/front/d/0/d0657ce1-bf75-4007-ac1b-0623eb263357.jpg?1783906138"", 1)","TFIN","0002","Basic/Non-foil","Non-Foil, Traditional Foil","Standard","FF14","Common","Token Creature — Hero","Colorless","No",0,0,0,0,"Near Mint (NM)","","",""
"Hero","","=IMAGE(""https://cards.scryfall.io/normal/front/3/3/3308e4bf-950f-4b83-969a-2a95f077552f.jpg?1783906137"", 1)","TFIN","0003","Basic/Non-foil","Non-Foil, Traditional Foil","Standard","FF14","Common","Token Creature — Hero","Colorless","No",0,0,0,0,"Near Mint (NM)","","",""
"Hero","","=IMAGE(""https://cards.scryfall.io/normal/front/a/2/a257329e-28b9-4ab6-ae05-f6ce0070cb35.jpg?1783906137"", 1)","TFIN","0004","Basic/Non-foil","Non-Foil, Traditional Foil","Standard","FF14","Common","Token Creature — Hero","Colorless","No",0,0,0,0,"Near Mint (NM)","","",""
"Hero","","=IMAGE(""https://cards.scryfall.io/normal/front/5/6/5619d240-3832-477b-ad30-8d310c90f555.jpg?1783906137"", 1)","TFIN","0005","Basic/Non-foil","Non-Foil, Traditional Foil","Standard","FF14","Common","Token Creature — Hero","Colorless","No",0,0,0,0,"Near Mint (NM)","","",""
"Hero","","=IMAGE(""https://cards.scryfall.io/normal/front/c/3/c39b8112-6a5c-4080-a884-2b4d6e5276ef.jpg?1783906136"", 1)","TFIN","0006","Basic/Non-foil","Non-Foil, Traditional Foil","Standard","FF14","Common","Token Creature — Hero","Colorless","No",0,0,0,0,"Near Mint (NM)","","",""
"Hero","","=IMAGE(""https://cards.scryfall.io/normal/front/c/8/c82c74c1-fb73-4d4d-808e-2f4d7b97c97d.jpg?1783906135"", 1)","TFIN","0007","Basic/Non-foil","Non-Foil, Traditional Foil","Standard","FF14","Common","Token Creature — Hero","Colorless","No",0,0,0,0,"Near Mint (NM)","","",""
"Hero","","=IMAGE(""https://cards.scryfall.io/normal/front/7/f/7fc68b53-e23d-4762-aa53-e634e856be47.jpg?1783906135"", 1)","TFIN","0008","Basic/Non-foil","Non-Foil, Traditional Foil","Standard","FF14","Common","Token Creature — Hero","Colorless","No",0,0,0,0,"Near Mint (NM)","","",""
"Hero","","=IMAGE(""https://cards.scryfall.io/normal/front/2/d/2d132d9b-00dd-4ab9-b195-1857f3cee37b.jpg?1783906135"", 1)","TFIN","0009","Basic/Non-foil","Non-Foil, Traditional Foil","Standard","FF14","Common","Token Creature — Hero","Colorless","No",0,0,0,0,"Near Mint (NM)","","",""
"Hero","","=IMAGE(""https://cards.scryfall.io/normal/front/0/0/00686381-e0a5-4cd3-8812-3b4aaefa31fa.jpg?1783906127"", 1)","TFIN","0026","Surge Foil","Surge Foil","Standard","FF14","Common","Token Creature — Hero","Colorless","No",0,0,0,0,"Near Mint (NM)","","",""
"Hero","","=IMAGE(""https://cards.scryfall.io/normal/front/8/0/80b24e51-bf2b-4aac-a415-e04eb0738a8b.jpg?1783906128"", 1)","TFIN","0027","Surge Foil","Surge Foil","Standard","FF14","Common","Token Creature — Hero","Colorless","No",0,0,0,0,"Near Mint (NM)","","",""
"Hero","","=IMAGE(""https://cards.scryfall.io/normal/front/2/c/2cb73e63-efee-44b4-9257-881b83d704a0.jpg?1783906127"", 1)","TFIN","0028","Surge Foil","Surge Foil","Standard","FF14","Common","Token Creature — Hero","Colorless","No",0,0,0,0,"Near Mint (NM)","","",""
"Hero","","=IMAGE(""https://cards.scryfall.io/normal/front/9/5/9558c28a-5200-47f8-b4a7-58ceb6960f4d.jpg?1783906128"", 1)","TFIN","0029","Surge Foil","Surge Foil","Standard","FF14","Common","Token Creature — Hero","Colorless","No",0,0,0,0,"Near Mint (NM)","","",""
"Hero","","=IMAGE(""https://cards.scryfall.io/normal/front/f/5/f53d44de-7535-4af1-a184-f457b38eefe2.jpg?1783906127"", 1)","TFIN","0030","Surge Foil","Surge Foil","Standard","FF14","Common","Token Creature — Hero","Colorless","No",0,0,0,0,"Near Mint (NM)","","",""
"Hero","","=IMAGE(""https://cards.scryfall.io/normal/front/b/0/b0752d81-a6d1-47fb-8e21-eb2c91d5b607.jpg?1783906128"", 1)","TFIN","0031","Surge Foil","Surge Foil","Standard","FF14","Common","Token Creature — Hero","Colorless","No",0,0,0,0,"Near Mint (NM)","","",""
"Hero","","=IMAGE(""https://cards.scryfall.io/normal/front/5/b/5bf4e156-0f17-427b-b581-b71fdf02896f.jpg?1783906127"", 1)","TFIN","0032","Surge Foil","Surge Foil","Standard","FF14","Common","Token Creature — Hero","Colorless","No",0,0,0,0,"Near Mint (NM)","","",""
"Hero","","=IMAGE(""https://cards.scryfall.io/normal/front/1/7/17fa0c1f-6737-487c-9101-0bec2e586795.jpg?1783906126"", 1)","TFIN","0033","Surge Foil","Surge Foil","Standard","FF14","Common","Token Creature — Hero","Colorless","No",0,0,0,0,"Near Mint (NM)","","",""
"Hero's Blade","","=IMAGE(""https://cards.scryfall.io/normal/front/9/f/9f67b38f-275c-459d-ab9c-4851106ec732.jpg?1785650589"", 1)","FIC","0345","Surge Foil","Surge Foil","Standard","FF7","Uncommon","Artifact — Equipment","Colorless","No",0,0,0,0,"Near Mint (NM)",0.27,"",""
"Hero's Heirloom","","=IMAGE(""https://cards.scryfall.io/normal/front/0/8/08866f84-406d-4372-9893-ba22690a48ef.jpg?1783906240"", 1)","FIC","0346","Surge Foil","Surge Foil","Standard","FF7","Uncommon","Artifact — Equipment","Colorless","No",0,0,0,0,"Near Mint (NM)",0.23,"",""
"High Market","","=IMAGE(""https://cards.scryfall.io/normal/front/0/9/09eeb9f5-4149-47c6-bfd0-472237043672.jpg?1783906217"", 1)","FIC","0402","Surge Foil","Surge Foil","Standard","FF6","Rare","Land","Colorless","No",0,0,0,0,"Near Mint (NM)",0.48,"",""
"Hildibrand Manderville // Gentleman's Rise","","=IMAGE(""https://cards.scryfall.io/normal/front/6/0/60aed76e-2265-471d-8e41-1d8605603b78.jpg?1783906347"", 1)","FIC","0083","Surge Foil","Surge Foil","Standard","FF14","Rare","Legendary Creature — Human Detective // Instant — Adventure","BW","No",0,0,0,0,"Near Mint (NM)",0.22,"",""
"Hildibrand Manderville // Gentleman's Rise","","=IMAGE(""https://cards.scryfall.io/normal/front/6/6/66f4c958-48ec-4cdd-a210-ede6322ee28f.jpg?1783906314"", 1)","FIC","0173","Basic/Non-foil","Non-Foil, Traditional Foil","Extended Art","FF14","Rare","Legendary Creature — Human Detective // Instant — Adventure","BW","No",0,0,0,0,"Near Mint (NM)",0.44,3.37,""
"Hill Gigas","","=IMAGE(""https://cards.scryfall.io/normal/front/2/a/2a8b3e1e-5c10-4360-ac1c-83b2e026278c.jpg?1783906603"", 1)","FIN","0141","Basic/Non-foil","Non-Foil, Traditional Foil","Standard","FF6","Common","Creature — Giant","R","No",0,0,0,0,"Near Mint (NM)",0.12,0.19,""
"Hinterland Harbor","","=IMAGE(""https://cards.scryfall.io/normal/front/9/f/9f89d20d-bb8b-4da8-97c7-1058c1b60325.jpg?1783906217"", 1)","FIC","0403","Surge Foil","Surge Foil","Standard","FF10","Rare","Land","GU","No",0,0,0,0,"Near Mint (NM)",0.31,"",""
"Hope Estheim","","=IMAGE(""https://cards.scryfall.io/normal/front/f/b/fbdb68cc-5516-481a-94c5-59f6c69b8a17.jpg?1783906569"", 1)","FIN","0226","Basic/Non-foil","Non-Foil, Traditional Foil","Standard","FF13","Rare","Legendary Creature — Human Wizard","UW","No",0,0,0,0,"Near Mint (NM)",0.23,0.53,""
"Hope Estheim","","=IMAGE(""https://cards.scryfall.io/normal/front/9/4/94a7d51d-76ab-4f19-885c-af337c057f81.jpg?1783906161"", 1)","PFIN","226s","Promo","Traditional Foil, Promo","Standard","FF13","Rare","Legendary Creature — Human Wizard","UW","No",0,0,0,0,"Near Mint (NM)","",9.02,""
"Hope Estheim","","=IMAGE(""https://cards.scryfall.io/normal/front/5/b/5b1fd4c8-7de6-47cb-916a-513d04774f01.jpg?1783906503"", 1)","FIN","0396","Basic/Non-foil","Non-Foil, Traditional Foil","Borderless","FF13","Rare","Legendary Creature — Human Wizard","UW","No",0,0,0,0,"Near Mint (NM)",1.48,3.43,""
"Hope Estheim","","=IMAGE(""https://cards.scryfall.io/normal/front/a/5/a50f113e-be5d-4251-8605-67f54fbe9b3f.jpg?1783906463"", 1)","FIN","0491","Basic/Non-foil","Non-Foil, Traditional Foil","Extended Art","FF13","Rare","Legendary Creature — Human Wizard","UW","No",0,0,0,0,"Near Mint (NM)",1.81,7.59,""
"Hope Estheim","","=IMAGE(""https://cards.scryfall.io/normal/front/0/b/0b3ba36b-4a15-425c-98ae-37a10b3772bc.jpg?1783906442"", 1)","FIN","0541","Surge Foil","Surge Foil","Borderless","FF13","Rare","Legendary Creature — Human Wizard","UW","No",0,0,0,0,"Near Mint (NM)","",43.1,""
"Horror","","=IMAGE(""https://cards.scryfall.io/normal/front/d/d/ddcf50c2-24f5-46b4-bfe9-c636bb51bae5.jpg?1783906133"", 1)","TFIN","0013","Basic/Non-foil","Non-Foil, Traditional Foil","Standard","FF14","Common","Token Creature — Horror","B","No",0,0,0,0,"Near Mint (NM)","","",""
"Hraesvelgr of the First Brood","","=IMAGE(""https://cards.scryfall.io/normal/front/a/b/abcfefe3-c66d-4512-bcc3-c9a39cfbb983.jpg?1783906362"", 1)","FIC","0037","Surge Foil","Surge Foil","Standard","FF14","Rare","Legendary Creature — Elder Dragon","U","No",0,0,0,0,"Near Mint (NM)",0.22,"",""
"Hraesvelgr of the First Brood","","=IMAGE(""https://cards.scryfall.io/normal/front/1/1/11f0886a-fbc0-4060-b506-a0b0f9de8b0b.jpg?1783906326"", 1)","FIC","0142","Basic/Non-foil","Non-Foil, Traditional Foil","Extended Art","FF14","Rare","Legendary Creature — Elder Dragon","U","No",0,0,0,0,"Near Mint (NM)",0.89,4.59,""
"Human Soldier","","=IMAGE(""https://cards.scryfall.io/normal/front/8/d/8dc05018-f1c5-4c45-bb32-9a9ccd641f48.jpg?1783906143"", 1)","TFIC","0001","Surge Foil","Surge Foil","Standard","FF14","Common","Token Creature — Human Soldier","W","No",0,0,0,0,"Near Mint (NM)","","",""
"Hydaelyn, the Mothercrystal // Hydaelyn, the Mothercrystal","","=IMAGE(""https://cards.scryfall.io/normal/front/2/6/26d6ab7c-045f-4237-b4bb-2586acb97817.jpg?1783906408"", 1)","AFIN","0034","Basic/Non-foil","Non-Foil, Traditional Foil","Art Card","FF14","Common","Card // Card","Colorless","No",0,0,0,0,"Near Mint (NM)","","",""
"Hypnotic Sprite // Mesmeric Glare","","=IMAGE(""https://cards.scryfall.io/normal/front/4/3/4358fcf2-e07c-4a0f-8f69-5d0f83adeb20.jpg?1783906277"", 1)","FIC","0264","Surge Foil","Surge Foil","Standard","FF14","Uncommon","Creature — Faerie // Instant — Adventure","U","No",0,0,0,0,"Near Mint (NM)",0.3,"",""
"Ice Flan","","=IMAGE(""https://cards.scryfall.io/normal/front/a/d/ad304c9c-943f-442f-bb82-ff378ad7d7ba.jpg?1783906636"", 1)","FIN","0055","Basic/Non-foil","Non-Foil, Traditional Foil","Standard","FF10","Common","Creature — Elemental Ooze","U","No",0,0,0,0,"Near Mint (NM)",0.2,0.24,""
"Ice Magic","","=IMAGE(""https://cards.scryfall.io/normal/front/9/d/9dabd626-7ec3-4913-babb-d5d3fd5e32d5.jpg?1783906635"", 1)","FIN","0056","Basic/Non-foil","Non-Foil, Traditional Foil","Standard","FF10","Common","Instant","U","No",0,0,0,0,"Near Mint (NM)",0.18,0.27,""
"Idyllic Beachfront","","=IMAGE(""https://cards.scryfall.io/normal/front/a/f/afe2ebec-0310-4b2f-ace4-fb293a1e4837.jpg?1783906218"", 1)","FIC","0404","Surge Foil","Surge Foil","Standard","FF10","Common","Land — Plains Island","UW","No",0,0,0,0,"Near Mint (NM)",0.26,"",""
"Ignis Scientia","","=IMAGE(""https://cards.scryfall.io/normal/front/a/b/ab4f9721-5b2c-4371-98a5-3f6714265e57.jpg?1783906569"", 1)","FIN","0227","Basic/Non-foil","Non-Foil, Traditional Foil","Standard","FF15","Uncommon","Legendary Creature — Human Advisor","GU","No",0,0,0,0,"Near Mint (NM)",0.21,0.21,""
"Ignis Scientia","","=IMAGE(""https://cards.scryfall.io/normal/front/2/7/2790a23d-00ff-47b7-badd-9dd68042bb99.jpg?1783906464"", 1)","FIN","0492","Basic/Non-foil","Non-Foil, Traditional Foil","Extended Art","FF15","Uncommon","Legendary Creature — Human Advisor","GU","No",0,0,0,0,"Near Mint (NM)",1.29,8.98,""
"Il Mheg Pixie","","=IMAGE(""https://cards.scryfall.io/normal/front/a/e/ae612312-3a8e-495f-8730-deaaf7505ca1.jpg?1783906636"", 1)","FIN","0057","Basic/Non-foil","Non-Foil, Traditional Foil","Standard","FF14","Uncommon","Creature — Faerie","U","No",0,0,0,0,"Near Mint (NM)",0.19,0.25,""
"Kuja, Mage Manufacturer","Inalla, Archmage Ritualist","=IMAGE(""https://cards.scryfall.io/normal/front/7/8/786a3daa-41a6-4cf3-97bc-c59e1c7cd674.jpg?1783906379"", 1)","FCA","0052","Basic/Non-foil","Non-Foil, Traditional Foil","Borderless","FF9","Rare","Legendary Creature — Human Wizard","BRU","No",0,0,0,0,"Near Mint (NM)",1.69,10.17,""
"Incubation Druid","","=IMAGE(""https://cards.scryfall.io/normal/front/3/4/348d4546-3da5-4f78-82f3-9a79d2f9b0d1.jpg?1783906258"", 1)","FIC","0309","Surge Foil","Surge Foil","Standard","FF10","Rare","Creature — Elf Druid","G","No",0,0,0,0,"Near Mint (NM)",1.29,"",""
"Inexorable Tide","","=IMAGE(""https://cards.scryfall.io/normal/front/a/9/a992fad9-1dd1-47fe-b315-a62f7875f3be.jpg?1783906279"", 1)","FIC","0265","Surge Foil","Surge Foil","Standard","FF10","Rare","Enchantment","U","No",0,0,0,0,"Near Mint (NM)",1.24,"",""
"Insomnia, Crown City","","=IMAGE(""https://cards.scryfall.io/normal/front/0/7/07fca511-a65c-4779-82c0-9215b0dcd068.jpg?1783906548"", 1)","FIN","0282","Basic/Non-foil","Non-Foil, Traditional Foil","Standard","FF15","Common","Land — Town","BW","No",0,0,0,0,"Near Mint (NM)",0.17,0.24,""
"Inspiring Call","","=IMAGE(""https://cards.scryfall.io/normal/front/b/e/be938240-214d-4726-ba2a-aaedc5bbe7ba.jpg?1783906256"", 1)","FIC","0310","Surge Foil","Surge Foil","Standard","FF10","Uncommon","Instant","G","No",0,0,0,0,"Near Mint (NM)",0.33,"",""
"Inspiring Statuary","","=IMAGE(""https://cards.scryfall.io/normal/front/6/c/6c28687d-b96a-4d3c-a6cb-99fbae6a384b.jpg?1783906244"", 1)","FIC","0347","Surge Foil","Surge Foil","Standard","FF7","Rare","Artifact","Colorless","No",0,0,0,0,"Near Mint (NM)",0.2,"",""
"Instant Ramen","","=IMAGE(""https://cards.scryfall.io/normal/front/e/f/ef7011f4-fc08-4b15-973d-d15357cbe744.jpg?1783906556"", 1)","FIN","0259","Basic/Non-foil","Non-Foil, Traditional Foil","Standard","FF15","Common","Artifact — Food","Colorless","No",0,0,0,0,"Near Mint (NM)",0.23,0.29,""
"Interceptor, Shadow's Hound","","=IMAGE(""https://cards.scryfall.io/normal/front/3/0/30be9a07-5803-4bef-9313-391c926bfcec.jpg?1783906358"", 1)","FIC","0047","Surge Foil","Surge Foil","Standard","FF6","Rare","Legendary Creature — Dog","B","No",0,0,0,0,"Near Mint (NM)",0.19,"",""
"Interceptor, Shadow's Hound","","=IMAGE(""https://cards.scryfall.io/normal/front/c/f/cf820446-9cea-426e-ad34-977cf3833cf7.jpg?1783906324"", 1)","FIC","0147","Basic/Non-foil","Non-Foil, Traditional Foil","Extended Art","FF6","Rare","Legendary Creature — Dog","B","No",0,0,0,0,"Near Mint (NM)",0.41,2.53,""
"Into the Story","","=IMAGE(""https://cards.scryfall.io/normal/front/2/4/24c55c03-2c7a-416d-81d6-74a77a103704.jpg?1783906277"", 1)","FIC","0266","Surge Foil","Surge Foil","Standard","FF14","Uncommon","Instant","U","No",0,0,0,0,"Near Mint (NM)",0.28,"",""
"Iron Giant","","=IMAGE(""https://cards.scryfall.io/normal/front/e/4/e48cf6d5-4d32-4b66-80be-3495ecd3e906.jpg?1783906556"", 1)","FIN","0260","Basic/Non-foil","Non-Foil, Traditional Foil","Standard","FF15","Common","Artifact Creature — Demon","Colorless","No",0,0,0,0,"Near Mint (NM)",0.18,0.3,""
"Benedikta Harman","Ishai, Ojutai Dragonspeaker","=IMAGE(""https://cards.scryfall.io/normal/front/9/2/92e0c1a4-e6f3-494d-9238-913af54dbffb.jpg?1783906378"", 1)","FCA","0053","Basic/Non-foil","Non-Foil, Traditional Foil","Borderless","FF16","Rare","Legendary Creature — Bird Monk","UW","No",0,0,0,0,"Near Mint (NM)",3.42,20.14,""
"Ishgard, the Holy See // Faith & Grief","","=IMAGE(""https://cards.scryfall.io/normal/front/0/6/068bc755-9d3d-430b-abc5-c775a5415bf9.jpg?1783906548"", 1)","FIN","0283","Basic/Non-foil","Non-Foil, Traditional Foil","Standard","FF14","Rare","Land — Town // Sorcery — Adventure","W","No",0,0,0,0,"Near Mint (NM)",1.46,2.4,""
"Ishgard, the Holy See // Faith & Grief","","=IMAGE(""https://cards.scryfall.io/normal/front/5/5/5558304a-3d04-4549-b812-517667fc608a.jpg?1783906150"", 1)","PFIN","283s","Promo","Traditional Foil, Promo","Standard","FF14","Rare","Land — Town // Sorcery — Adventure","W","No",0,0,0,0,"Near Mint (NM)","",6.57,""
"Ishgard, the Holy See // Faith & Grief","","=IMAGE(""https://cards.scryfall.io/normal/front/b/5/b5327e09-2ea0-4365-bb20-087a08da8ce6.jpg?1783906538"", 1)","FIN","0310","Basic/Non-foil","Non-Foil, Traditional Foil","Borderless","FF14","Rare","Land — Town // Sorcery — Adventure","W","No",0,0,0,0,"Near Mint (NM)",4.68,8.05,""
"Island","","=IMAGE(""https://cards.scryfall.io/normal/front/9/5/95ef40f4-7d88-4fb6-bfdd-8d07c96e4ff8.jpg?1783904644"", 1)","FIC","0479","Wave Foil","Wave Foil","Standard","FF7","Common","Basic Land — Island","U","No",0,0,0,0,"Near Mint (NM)","",3.33,""
"Island","","=IMAGE(""https://cards.scryfall.io/normal/front/b/9/b92ec9f6-a56d-40c6-aee2-7d5e1524c985.jpg?1783906542"", 1)","FIN","0297","Basic/Non-foil","Non-Foil, Traditional Foil","Standard","FF13","Common","Basic Land — Island","U","No",0,0,0,0,"Near Mint (NM)",0.26,0.3,""
"Island","","=IMAGE(""https://cards.scryfall.io/normal/front/e/e/eeecf096-87dd-4dcb-953f-700445bf3f3a.jpg?1783906542"", 1)","FIN","0298","Basic/Non-foil","Non-Foil, Traditional Foil","Standard","FF10","Common","Basic Land — Island","U","No",0,0,0,0,"Near Mint (NM)",0.33,0.29,""
"Island","","=IMAGE(""https://cards.scryfall.io/normal/front/3/4/347e00db-abcf-4053-aa27-4a5b42e1da55.jpg?1783906542"", 1)","FIN","0299","Basic/Non-foil","Non-Foil, Traditional Foil","Standard","FF8","Common","Basic Land — Island","U","No",0,0,0,0,"Near Mint (NM)",0.2,0.25,""
"Island","","=IMAGE(""https://cards.scryfall.io/normal/front/4/6/46255a65-b735-4888-85db-3ab2ab3d903c.jpg?1783906430"", 1)","FIN","0573","Surge Foil","Surge Foil","Showcase","FF10","Common","Basic Land — Island","U","No",0,0,0,0,"Near Mint (NM)","",1.6,""
"Isolated Chapel","","=IMAGE(""https://cards.scryfall.io/normal/front/8/c/8ca61142-d0ed-42cb-9a51-0e44151f2b44.jpg?1783906218"", 1)","FIC","0405","Surge Foil","Surge Foil","Standard","FF6","Rare","Land","BW","No",0,0,0,0,"Near Mint (NM)",0.34,"",""
"Lightning, Lone Commando","Isshin, Two Heavens as One","=IMAGE(""https://cards.scryfall.io/normal/front/a/3/a3baaf97-171a-40c0-a1dc-74ae05db0e25.jpg?1783906378"", 1)","FCA","0054","Basic/Non-foil","Non-Foil, Traditional Foil","Borderless","FF13","Rare","Legendary Creature — Human Samurai","BRW","No",0,0,0,0,"Near Mint (NM)",8.62,70.6,""
"Item Shopkeep","","=IMAGE(""https://cards.scryfall.io/normal/front/b/d/bd2db3f5-fd0d-4817-af90-6bea1f07e16b.jpg?1783906603"", 1)","FIN","0142","Basic/Non-foil","Non-Foil, Traditional Foil","Standard","FF3","Common","Creature — Human Citizen","R","No",0,0,0,0,"Near Mint (NM)",0.18,0.12,""
"Jecht, Reluctant Guardian // Braska's Final Aeon","","=IMAGE(""https://cards.scryfall.io/normal/front/4/e/4ec91fe8-b3da-47fa-b45e-94b62a260aba.jpg?1783906625"", 1)","FIN","0104","Basic/Non-foil","Non-Foil, Traditional Foil","Standard","FF10","Rare","Legendary Creature — Human Warrior // Legendary Enchantment Creature — Saga Nightmare","B","No",0,0,0,0,"Near Mint (NM)",0.42,0.62,""
"Jecht, Reluctant Guardian // Braska's Final Aeon","","=IMAGE(""https://cards.scryfall.io/normal/front/0/2/021d0abf-7c1a-4081-9686-fba578120249.jpg?1783906188"", 1)","PFIN","104s","Promo","Traditional Foil, Promo","Standard","FF10","Rare","Legendary Creature — Human Warrior // Legendary Enchantment Creature — Saga Nightmare","B","No",0,0,0,0,"Near Mint (NM)","",5.8,""
"Jecht, Reluctant Guardian // Braska's Final Aeon","","=IMAGE(""https://cards.scryfall.io/normal/front/2/0/20c75373-7db4-4964-8e09-2badce2f0f84.jpg?1783906522"", 1)","FIN","0363","Basic/Non-foil","Non-Foil, Traditional Foil","Borderless","FF10","Rare","Legendary Creature — Human Warrior // Legendary Enchantment Creature — Saga Nightmare","B","No",0,0,0,0,"Near Mint (NM)",2.5,3.57,""
"Jecht, Reluctant Guardian // Braska's Final Aeon","","=IMAGE(""https://cards.scryfall.io/normal/front/3/a/3ae96898-3a72-428a-93e8-93ded3662669.jpg?1783906486"", 1)","FIN","0448","Basic/Non-foil","Non-Foil, Traditional Foil","Extended Art","FF10","Rare","Legendary Creature — Human Warrior // Legendary Enchantment Creature — Saga Nightmare","B","No",0,0,0,0,"Near Mint (NM)",1.19,8.01,""
"Jenova, Ancient Calamity","","=IMAGE(""https://cards.scryfall.io/normal/front/5/3/534f98ee-7bc2-44d6-b49f-f57c051807d5.jpg?1783906569"", 1)","FIN","0228","Basic/Non-foil","Non-Foil, Traditional Foil","Standard","FF7","Rare","Legendary Creature — Alien","BG","No",0,0,0,0,"Near Mint (NM)",1.11,2.0,""
"Jenova, Ancient Calamity","","=IMAGE(""https://cards.scryfall.io/normal/front/f/9/f92b9318-68fb-40c5-88ab-a4139d1c5e42.jpg?1783906159"", 1)","PFIN","228s","Promo","Traditional Foil, Promo","Standard","FF7","Rare","Legendary Creature — Alien","BG","No",0,0,0,0,"Near Mint (NM)","",42.97,""
"Jenova, Ancient Calamity","","=IMAGE(""https://cards.scryfall.io/normal/front/9/f/9f80efa6-769f-4205-b69e-9cf0e78b7bcd.jpg?1783906524"", 1)","FIN","0346","Basic/Non-foil","Non-Foil, Traditional Foil","Borderless","FF7","Rare","Legendary Creature — Alien","BG","No",0,0,0,0,"Near Mint (NM)",5.86,9.45,""
"Jenova, Ancient Calamity","","=IMAGE(""https://cards.scryfall.io/normal/front/2/2/22dd493f-e481-4563-8f87-c5bdbfd54fdd.jpg?1783906463"", 1)","FIN","0493","Basic/Non-foil","Non-Foil, Traditional Foil","Extended Art","FF7","Rare","Legendary Creature — Alien","BG","No",0,0,0,0,"Near Mint (NM)",4.85,33.79,""
"Jenova, Ancient Calamity // Jenova, Ancient Calamity","","=IMAGE(""https://cards.scryfall.io/normal/front/7/d/7d59bcba-4287-40c9-a1c2-746c62166894.jpg?1783906419"", 1)","AFIN","0014","Basic/Non-foil","Non-Foil, Traditional Foil","Art Card","FF7","Common","Card // Card","Colorless","No",0,0,0,0,"Near Mint (NM)","","",""
"Jidoor, Aristocratic Capital // Overture","","=IMAGE(""https://cards.scryfall.io/normal/front/9/8/98b2d5b5-f85b-4c42-a0f5-a76f6af304ba.jpg?1783906548"", 1)","FIN","0284","Basic/Non-foil","Non-Foil, Traditional Foil","Standard","FF6","Rare","Land — Town // Sorcery — Adventure","U","No",0,0,0,0,"Near Mint (NM)",1.35,2.22,""
"Jidoor, Aristocratic Capital // Overture","","=IMAGE(""https://cards.scryfall.io/normal/front/5/0/50aa744e-61e8-44c9-817c-0dc6086d736f.jpg?1783906147"", 1)","PFIN","284s","Promo","Traditional Foil, Promo","Standard","FF6","Rare","Land — Town // Sorcery — Adventure","U","No",0,0,0,0,"Near Mint (NM)","",10.82,""
"Jidoor, Aristocratic Capital // Overture","","=IMAGE(""https://cards.scryfall.io/normal/front/7/2/72678d58-888e-4d3c-bc2c-78f5b7862e03.jpg?1783906538"", 1)","FIN","0311","Basic/Non-foil","Non-Foil, Traditional Foil","Borderless","FF6","Rare","Land — Town // Sorcery — Adventure","U","No",0,0,0,0,"Near Mint (NM)",2.78,4.0,""
"Jill, Shiva's Dominant // Jill, Shiva's Dominant","","=IMAGE(""https://cards.scryfall.io/normal/front/9/0/908ec49d-7671-469f-9aba-f68597f19a7f.jpg?1783906401"", 1)","AFIN","0043","Basic/Non-foil","Non-Foil, Traditional Foil","Art Card","FF16","Common","Card // Card","Colorless","No",0,0,0,0,"Near Mint (NM)","","",""
"Jill, Shiva's Dominant // Shiva, Warden of Ice","","=IMAGE(""https://cards.scryfall.io/normal/front/1/f/1f163763-4802-4a96-a5bc-f3c381db7b5c.jpg?1783906640"", 1)","FIN","0058","Basic/Non-foil","Non-Foil, Traditional Foil","Standard","FF16","Rare","Legendary Creature — Human Noble Warrior // Legendary Enchantment Creature — Saga Elemental","U","No",0,0,0,0,"Near Mint (NM)",0.38,0.99,""
"Jill, Shiva's Dominant // Shiva, Warden of Ice","","=IMAGE(""https://cards.scryfall.io/normal/front/2/4/246c2602-a8fd-4e01-bf32-5a513ae3c056.jpg?1783906198"", 1)","PFIN","58s","Promo","Traditional Foil, Promo","Standard","FF16","Rare","Legendary Creature — Human Noble Warrior // Legendary Enchantment Creature — Saga Elemental","U","No",0,0,0,0,"Near Mint (NM)","",6.13,""
"Jill, Shiva's Dominant // Shiva, Warden of Ice","","=IMAGE(""https://cards.scryfall.io/normal/front/8/b/8b67055b-4a0a-4a16-9c83-d493c36fce01.jpg?1783906516"", 1)","FIN","0378","Basic/Non-foil","Non-Foil, Traditional Foil","Borderless","FF16","Rare","Legendary Creature — Human Noble Warrior // Legendary Enchantment Creature — Saga Elemental","U","No",0,0,0,0,"Near Mint (NM)",3.66,4.88,""
"Jill, Shiva's Dominant // Shiva, Warden of Ice","","=IMAGE(""https://cards.scryfall.io/normal/front/8/6/863dc1bd-8554-42ba-8d49-d99ea969103d.jpg?1783906492"", 1)","FIN","0438","Basic/Non-foil","Non-Foil, Traditional Foil","Extended Art","FF16","Rare","Legendary Creature — Human Noble Warrior // Legendary Enchantment Creature — Saga Elemental","U","No",0,0,0,0,"Near Mint (NM)",2.48,19.09,""
"Jill, Shiva's Dominant // Shiva, Warden of Ice","","=IMAGE(""https://cards.scryfall.io/normal/front/b/b/bbd46c0d-cd9d-4e48-b6bf-f619e141100c.jpg?1783906455"", 1)","FIN","0523","Surge Foil","Surge Foil","Borderless","FF16","Rare","Legendary Creature — Human Noble Warrior // Legendary Enchantment Creature — Saga Elemental","U","No",0,0,0,0,"Near Mint (NM)","",30.68,""
"Warrior of Light","Jodah, the Unifier","=IMAGE(""https://cards.scryfall.io/normal/front/c/0/c02bef17-a293-4f77-8043-104864de4eaa.jpg?1783906389"", 1)","FCA","0017","Basic/Non-foil","Non-Foil, Traditional Foil","Borderless","FF1","Rare","Legendary Creature — Human Wizard","BGRUW","No",0,0,0,0,"Near Mint (NM)",4.7,34.78,""
"Joshua, Phoenix's Dominant // Phoenix, Warden of Fire","","=IMAGE(""https://cards.scryfall.io/normal/front/4/5/457fdbb9-5439-460f-8e37-176f8919362c.jpg?1783906574"", 1)","FIN","0229","Basic/Non-foil","Non-Foil, Traditional Foil","Standard","FF16","Rare","Legendary Creature — Human Noble Wizard // Legendary Enchantment Creature — Saga Phoenix","RW","No",0,0,0,0,"Near Mint (NM)",1.53,2.52,""
"Joshua, Phoenix's Dominant // Phoenix, Warden of Fire","","=IMAGE(""https://cards.scryfall.io/normal/front/f/8/f8613b13-fedd-45a9-bb47-0440a4a104e7.jpg?1783906165"", 1)","PFIN","229s","Promo","Traditional Foil, Promo","Standard","FF16","Rare","Legendary Creature — Human Noble Wizard // Legendary Enchantment Creature — Saga Phoenix","RW","No",0,0,0,0,"Near Mint (NM)","",6.83,""
"Joshua, Phoenix's Dominant // Phoenix, Warden of Fire","","=IMAGE(""https://cards.scryfall.io/normal/front/0/4/04dd9ad9-eab2-447c-b065-078a0b184519.jpg?1783906508"", 1)","FIN","0397","Basic/Non-foil","Non-Foil, Traditional Foil","Borderless","FF16","Rare","Legendary Creature — Human Noble Wizard // Legendary Enchantment Creature — Saga Phoenix","RW","No",0,0,0,0,"Near Mint (NM)",5.56,6.78,""
"Joshua, Phoenix's Dominant // Phoenix, Warden of Fire","","=IMAGE(""https://cards.scryfall.io/normal/front/8/d/8d5aaba7-1d36-4a0f-ad3e-70dca5944c53.jpg?1783906467"", 1)","FIN","0494","Basic/Non-foil","Non-Foil, Traditional Foil","Extended Art","FF16","Rare","Legendary Creature — Human Noble Wizard // Legendary Enchantment Creature — Saga Phoenix","RW","No",0,0,0,0,"Near Mint (NM)",3.11,12.24,""
"Joshua, Phoenix's Dominant // Phoenix, Warden of Fire","","=IMAGE(""https://cards.scryfall.io/normal/front/b/8/b818aec4-f5a1-411f-ae19-85787cad9032.jpg?1783906447"", 1)","FIN","0542","Surge Foil","Surge Foil","Borderless","FF16","Rare","Legendary Creature — Human Noble Wizard // Legendary Enchantment Creature — Saga Phoenix","RW","No",0,0,0,0,"Near Mint (NM)","",29.93,""
"Judge Magister Gabranth","","=IMAGE(""https://cards.scryfall.io/normal/front/f/9/f9e64cb6-48f7-41d3-99e7-4b0bc3b33fd7.jpg?1783906569"", 1)","FIN","0230","Basic/Non-foil","Non-Foil, Traditional Foil","Standard","FF12","Uncommon","Legendary Creature — Human Advisor Knight","BW","No",0,0,0,0,"Near Mint (NM)",0.26,0.32,""
"Judge Magister Gabranth","","=IMAGE(""https://cards.scryfall.io/normal/front/a/b/ab39a24e-c73b-4d62-b7a0-c4ea968768c9.jpg?1783906462"", 1)","FIN","0495","Basic/Non-foil","Non-Foil, Traditional Foil","Extended Art","FF12","Uncommon","Legendary Creature — Human Advisor Knight","BW","No",0,0,0,0,"Near Mint (NM)",1.67,9.29,""
"Judgment Bolt","","=IMAGE(""https://cards.scryfall.io/normal/front/0/5/05b04b06-9271-4a28-a60e-287df0d1a4d1.jpg?1783906432"", 1)","FIN","0559","Promo","Non-Foil","Standard","FF16","Rare","Instant","R","No",0,0,0,0,"Near Mint (NM)",0.24,"",""
"Judgment of Alexander","","=IMAGE(""https://cards.scryfall.io/normal/front/2/3/2327bf49-348c-44e5-9a6b-97ef1c810079.jpg?1783904652"", 1)","FIC","0455","Basic/Non-foil","Non-Foil, Traditional Foil","Borderless","FF9","Rare","Instant","W","No",0,0,0,0,"Near Mint (NM)",7.82,5.33,""
"Judgment of Alexander // Judgment of Alexander","","=IMAGE(""https://cards.scryfall.io/normal/front/4/b/4be163a6-563c-4bd9-a957-dd44707c4e29.jpg?1783904664"", 1)","AFIC","0014","Basic/Non-foil","Non-Foil, Traditional Foil","Art Card","FF9","Common","Card // Card","Colorless","No",0,0,0,0,"Near Mint (NM)","","",""
"Jumbo Cactuar","","=IMAGE(""https://cards.scryfall.io/normal/front/d/b/db01c222-8795-47e9-a789-e7f749a3ee7d.jpg?1783906585"", 1)","FIN","0191","Basic/Non-foil","Non-Foil, Traditional Foil","Standard","FF8","Rare","Creature — Plant","G","No",0,0,0,0,"Near Mint (NM)",3.73,5.97,""
"Jumbo Cactuar","","=IMAGE(""https://cards.scryfall.io/normal/front/7/8/785640aa-047c-449f-8b25-e3ccc2ad06e8.jpg?1783906170"", 1)","PFIN","191s","Promo","Traditional Foil, Promo","Standard","FF8","Rare","Creature — Plant","G","No",0,0,0,0,"Near Mint (NM)","",19.91,""
"Jumbo Cactuar","","=IMAGE(""https://cards.scryfall.io/normal/front/f/e/fe80b498-a25d-4f68-ac26-9554c3ee1677.jpg?1783906526"", 1)","FIN","0343","Basic/Non-foil","Non-Foil, Traditional Foil","Borderless","FF8","Rare","Creature — Plant","G","No",0,0,0,0,"Near Mint (NM)",7.67,11.6,""
"Jungle Shrine","","=IMAGE(""https://cards.scryfall.io/normal/front/c/f/cf5f5ffc-fad0-4f7b-b2a3-cc10ca445d40.jpg?1783906216"", 1)","FIC","0406","Surge Foil","Surge Foil","Standard","FF7","Uncommon","Land","GRW","No",0,0,0,0,"Near Mint (NM)",0.26,"",""
"Kain, Traitorous Dragoon","","=IMAGE(""https://cards.scryfall.io/normal/front/f/8/f8c86be0-e1b3-4a78-9254-238dd936914b.jpg?1783906617"", 1)","FIN","0105","Basic/Non-foil","Non-Foil, Traditional Foil","Standard","FF4","Rare","Legendary Creature — Human Knight","B","No",0,0,0,0,"Near Mint (NM)",0.3,0.4,""
"Kain, Traitorous Dragoon","","=IMAGE(""https://cards.scryfall.io/normal/front/5/2/529ae7c1-320d-4625-ad64-c87678d51354.jpg?1783906182"", 1)","PFIN","105s","Promo","Traditional Foil, Promo","Standard","FF4","Rare","Legendary Creature — Human Knight","B","No",0,0,0,0,"Near Mint (NM)","",5.89,""
"Kain, Traitorous Dragoon","","=IMAGE(""https://cards.scryfall.io/normal/front/3/9/39f9de73-84a7-483f-927e-91ade20a2d06.jpg?1783906534"", 1)","FIN","0316","Basic/Non-foil","Non-Foil, Traditional Foil","Borderless","FF4","Rare","Legendary Creature — Human Knight","B","No",0,0,0,0,"Near Mint (NM)",2.89,5.72,""
"Kain, Traitorous Dragoon","","=IMAGE(""https://cards.scryfall.io/normal/front/2/8/28eb294b-4cab-4c34-ae29-20aac9799471.jpg?1783906481"", 1)","FIN","0449","Basic/Non-foil","Non-Foil, Traditional Foil","Extended Art","FF4","Rare","Legendary Creature — Human Knight","B","No",0,0,0,0,"Near Mint (NM)",1.17,4.35,""
"Kefka, Court Mage // Kefka, Court Mage","","=IMAGE(""https://cards.scryfall.io/normal/front/5/c/5c4b8e1d-f1a0-4b74-9edd-a477459a1211.jpg?1783906403"", 1)","AFIN","0046","Basic/Non-foil","Non-Foil, Traditional Foil","Art Card","FF6","Common","Card // Card","Colorless","No",0,0,0,0,"Near Mint (NM)","","",""
"Kefka, Court Mage // Kefka, Ruler of Ruin","","=IMAGE(""https://cards.scryfall.io/normal/front/8/f/8fcf3fbb-1ddd-437e-81c1-f5a3133f5ee8.jpg?1783906572"", 1)","FIN","0231","Basic/Non-foil","Non-Foil, Traditional Foil","Standard","FF6","Mythic","Legendary Creature — Human Wizard // Legendary Creature — Avatar Wizard","BRU","No",0,0,0,0,"Near Mint (NM)",5.56,7.68,""
"Kefka, Court Mage // Kefka, Ruler of Ruin","","=IMAGE(""https://cards.scryfall.io/normal/front/4/2/42ad2762-092b-4064-8fc0-be55da1916f8.jpg?1783906164"", 1)","PFIN","231s","Promo","Traditional Foil, Promo","Standard","FF6","Mythic","Legendary Creature — Human Wizard // Legendary Creature — Avatar Wizard","BRU","No",0,0,0,0,"Near Mint (NM)","",30.13,""
"Kefka, Court Mage // Kefka, Ruler of Ruin","","=IMAGE(""https://cards.scryfall.io/normal/front/0/c/0cadfe0e-9cdf-4e64-b143-f996c76bf93b.jpg?1783906537"", 1)","FIN","0322","Basic/Non-foil","Non-Foil, Traditional Foil","Borderless","FF6","Mythic","Legendary Creature — Human Wizard // Legendary Creature — Avatar Wizard","BRU","No",0,0,0,0,"Near Mint (NM)",33.9,92.75,""
"Kefka, Court Mage // Kefka, Ruler of Ruin","","=IMAGE(""https://cards.scryfall.io/normal/front/5/3/53756218-bcdb-498a-8c61-654183153487.jpg?1783906509"", 1)","FIN","0398","Basic/Non-foil","Non-Foil, Traditional Foil","Borderless","FF6","Mythic","Legendary Creature — Human Wizard // Legendary Creature — Avatar Wizard","BRU","No",0,0,0,0,"Near Mint (NM)",18.69,27.32,""
"Kefka, Court Mage // Kefka, Ruler of Ruin","","=IMAGE(""https://cards.scryfall.io/normal/front/0/6/06b7ca77-7194-4a0b-a650-4afd7afb50eb.jpg?1783906466"", 1)","FIN","0496","Basic/Non-foil","Non-Foil, Traditional Foil","Extended Art","FF6","Mythic","Legendary Creature — Human Wizard // Legendary Creature — Avatar Wizard","BRU","No",0,0,0,0,"Near Mint (NM)",13.59,36.19,""
"Kefka, Court Mage // Kefka, Ruler of Ruin","","=IMAGE(""https://cards.scryfall.io/normal/front/2/1/21977a0a-7e76-4e1f-9c42-dcc4d63961a1.jpg?1783906446"", 1)","FIN","0543","Surge Foil","Surge Foil","Borderless","FF6","Mythic","Legendary Creature — Human Wizard // Legendary Creature — Avatar Wizard","BRU","No",0,0,0,0,"Near Mint (NM)","",176.2,""
"Kefka, Dancing Mad","","=IMAGE(""https://cards.scryfall.io/normal/front/2/1/21cfc161-11b8-4253-a872-3b08a13b6991.jpg?1783906346"", 1)","FIC","0084","Surge Foil","Surge Foil","Standard","FF6","Rare","Legendary Creature — Human Wizard","BR","No",0,0,0,0,"Near Mint (NM)",0.37,"",""
"Kefka, Dancing Mad","","=IMAGE(""https://cards.scryfall.io/normal/front/7/6/76f9dd01-0adb-4dbd-9930-fb6546e569ab.jpg?1783906313"", 1)","FIC","0174","Basic/Non-foil","Non-Foil, Traditional Foil","Extended Art","FF6","Rare","Legendary Creature — Human Wizard","BR","No",0,0,0,0,"Near Mint (NM)",2.17,8.05,""
"Noctis Lucis Caelum","Kenrith, the Returned King","=IMAGE(""https://cards.scryfall.io/normal/front/d/5/d51b956a-acca-4aee-92ff-bd90a9814988.jpg?1783906389"", 1)","FCA","0023","Basic/Non-foil","Non-Foil, Traditional Foil","Borderless","FF15","Rare","Legendary Creature — Human Noble","BGRUW","No",0,0,0,0,"Near Mint (NM)",4.47,28.16,""
"Key to the City","","=IMAGE(""https://cards.scryfall.io/normal/front/d/f/df087751-b8bf-4db0-a571-fb32f596fc2e.jpg?1783906239"", 1)","FIC","0348","Surge Foil","Surge Foil","Standard","FF6","Rare","Artifact","Colorless","No",0,0,0,0,"Near Mint (NM)",0.3,"",""
"Kimahri, Valiant Guardian","","=IMAGE(""https://cards.scryfall.io/normal/front/4/2/42006bd4-f6f0-4638-a50e-46d9d7a54b6e.jpg?1783906346"", 1)","FIC","0085","Surge Foil","Surge Foil","Standard","FF10","Rare","Legendary Creature — Cat Warrior","GU","No",0,0,0,0,"Near Mint (NM)",0.24,"",""
"Kimahri, Valiant Guardian","","=IMAGE(""https://cards.scryfall.io/normal/front/4/0/402780a2-ae0b-448d-a93a-e5ef6f7160d4.jpg?1783906314"", 1)","FIC","0175","Basic/Non-foil","Non-Foil, Traditional Foil","Extended Art","FF10","Rare","Legendary Creature — Cat Warrior","GU","No",0,0,0,0,"Near Mint (NM)",0.65,6.38,""
"Kimahri, Valiant Guardian // Kimahri, Valiant Guardian","","=IMAGE(""https://cards.scryfall.io/normal/front/6/0/60078126-4ee4-41c1-b249-d2e9f0276766.jpg?1783906410"", 1)","AFIN","0029","Basic/Non-foil","Non-Foil, Traditional Foil","Art Card","FF10","Common","Card // Card","Colorless","No",0,0,0,0,"Near Mint (NM)","","",""
"Seymour Guado","Kinnan, Bonder Prodigy","=IMAGE(""https://cards.scryfall.io/normal/front/e/1/e141f975-945e-4e2c-ac04-6083b5bdaf16.jpg?1783906378"", 1)","FCA","0055","Basic/Non-foil","Non-Foil, Traditional Foil","Borderless","FF10","Mythic","Legendary Creature — Human Druid","GU","No",0,0,0,0,"Near Mint (NM)",18.66,122.42,""
"Knight","","=IMAGE(""https://cards.scryfall.io/normal/front/a/7/a7758a0b-9e85-4b4a-bf1c-ffcc6761dbad.jpg?1783906135"", 1)","TFIN","0010","Basic/Non-foil","Non-Foil, Traditional Foil","Standard","FF7","Common","Token Creature — Knight","W","No",0,0,0,0,"Near Mint (NM)","","",""
"Barnabas Tharmr","Kraum, Ludevic's Opus","=IMAGE(""https://cards.scryfall.io/normal/front/b/1/b1a273c4-008a-41a0-84b8-38654303265d.jpg?1783906378"", 1)","FCA","0056","Basic/Non-foil","Non-Foil, Traditional Foil","Borderless","FF16","Rare","Legendary Creature — Zombie Horror","RU","No",0,0,0,0,"Near Mint (NM)",2.76,24.75,""
"Krile Baldesion","","=IMAGE(""https://cards.scryfall.io/normal/front/1/2/125dd19b-98a0-49d9-a870-63214255e12a.jpg?1783906345"", 1)","FIC","0086","Surge Foil","Surge Foil","Standard","FF14","Rare","Legendary Creature — Dwarf Wizard","UW","No",0,0,0,0,"Near Mint (NM)",0.28,"",""
"Krile Baldesion","","=IMAGE(""https://cards.scryfall.io/normal/front/1/7/170dcae0-3cf4-4f96-80a7-d70a5c15193c.jpg?1783906313"", 1)","FIC","0176","Basic/Non-foil","Non-Foil, Traditional Foil","Extended Art","FF14","Rare","Legendary Creature — Dwarf Wizard","UW","No",0,0,0,0,"Near Mint (NM)",0.95,2.1,""
"Emet-Selch, Ascian","K'rrik, Son of Yawgmoth","=IMAGE(""https://cards.scryfall.io/normal/front/4/5/45393005-78c7-4056-9ce6-310264922af3.jpg?1783906384"", 1)","FCA","0036","Basic/Non-foil","Non-Foil, Traditional Foil","Borderless","FF14","Rare","Legendary Creature — Phyrexian Horror Minion","B","No",0,0,0,0,"Near Mint (NM)",2.99,18.94,""
"Kuja, Genome Sorcerer // Trance Kuja, Fate Defied","","=IMAGE(""https://cards.scryfall.io/normal/front/0/0/008782d2-72b0-4554-b1ce-2db99969a4d8.jpg?1783906574"", 1)","FIN","0232","Basic/Non-foil","Non-Foil, Traditional Foil","Standard","FF9","Rare","Legendary Creature — Human Mutant Wizard // Legendary Creature — Avatar Wizard","BR","No",0,0,0,0,"Near Mint (NM)",1.87,2.48,""
"Kuja, Genome Sorcerer // Trance Kuja, Fate Defied","","=IMAGE(""https://cards.scryfall.io/normal/front/b/a/bac7dbc9-3e3a-4933-98d1-4a0505c4b1da.jpg?1783906164"", 1)","PFIN","232s","Promo","Traditional Foil, Promo","Standard","FF9","Rare","Legendary Creature — Human Mutant Wizard // Legendary Creature — Avatar Wizard","BR","No",0,0,0,0,"Near Mint (NM)","",12.52,""
"Kuja, Genome Sorcerer // Trance Kuja, Fate Defied","","=IMAGE(""https://cards.scryfall.io/normal/front/3/7/374877d1-167a-42ea-adf3-a707ea0300e8.jpg?1783906507"", 1)","FIN","0399","Basic/Non-foil","Non-Foil, Traditional Foil","Borderless","FF9","Rare","Legendary Creature — Human Mutant Wizard // Legendary Creature — Avatar Wizard","BR","No",0,0,0,0,"Near Mint (NM)",4.77,5.35,""
"Kuja, Genome Sorcerer // Trance Kuja, Fate Defied","","=IMAGE(""https://cards.scryfall.io/normal/front/9/8/98067c9a-d81e-4f5c-b55a-28872331fce8.jpg?1783906467"", 1)","FIN","0497","Basic/Non-foil","Non-Foil, Traditional Foil","Extended Art","FF9","Rare","Legendary Creature — Human Mutant Wizard // Legendary Creature — Avatar Wizard","BR","No",0,0,0,0,"Near Mint (NM)",4.82,42.7,""
"Kuja, Genome Sorcerer // Trance Kuja, Fate Defied","","=IMAGE(""https://cards.scryfall.io/normal/front/d/6/d673228a-eec8-4f6e-82fd-10db909ccee2.jpg?1783906446"", 1)","FIN","0544","Surge Foil","Surge Foil","Borderless","FF9","Rare","Legendary Creature — Human Mutant Wizard // Legendary Creature — Avatar Wizard","BR","No",0,0,0,0,"Near Mint (NM)","",52.74,""
"Vana'diel Adventurers","Laboratory Maniac","=IMAGE(""https://cards.scryfall.io/normal/front/4/4/44ede007-b6db-4396-8b25-9e2621cfeec4.jpg?1783906386"", 1)","FCA","0030","Basic/Non-foil","Non-Foil, Traditional Foil","Borderless","FF11","Uncommon","Creature — Human Wizard","U","No",0,0,0,0,"Near Mint (NM)",0.34,0.92,""
"Laughing Mad","","=IMAGE(""https://cards.scryfall.io/normal/front/c/d/cd5b9daf-6325-4eb4-a069-4a8cc7807884.jpg?1783906603"", 1)","FIN","0143","Basic/Non-foil","Non-Foil, Traditional Foil","Standard","FF6","Common","Instant","R","No",0,0,0,0,"Near Mint (NM)",0.19,0.32,""
"Laughing Mad","","=IMAGE(""https://cards.scryfall.io/normal/front/9/2/9268ccdb-0b5b-4624-9443-f7b5330ec71f.jpg?1783906426"", 1)","FIN","0585","Surge Foil","Surge Foil","Standard","FF6","Common","Instant","R","No",0,0,0,0,"Near Mint (NM)","",3.45,""
"Legions to Ashes","","=IMAGE(""https://cards.scryfall.io/normal/front/3/9/39fe8402-2f70-4498-a0b6-6a9dd0e2848f.jpg?1783906248"", 1)","FIC","0326","Surge Foil","Surge Foil","Standard","FF6","Rare","Sorcery","BW","No",0,0,0,0,"Near Mint (NM)",0.19,"",""
"Lethal Scheme","","=IMAGE(""https://cards.scryfall.io/normal/front/0/8/0802be9f-686f-4321-afa4-d472241de653.jpg?1783906273"", 1)","FIC","0277","Surge Foil","Surge Foil","Standard","FF14","Rare","Instant","B","No",0,0,0,0,"Near Mint (NM)",0.28,"",""
"Lifestream's Blessing","","=IMAGE(""https://cards.scryfall.io/normal/front/4/8/48b4101b-3428-4b6b-818a-6097a093e9b5.jpg?1783906352"", 1)","FIC","0067","Surge Foil","Surge Foil","Standard","FF7","Rare","Instant","G","No",0,0,0,0,"Near Mint (NM)",0.92,"",""
"Lifestream's Blessing","","=IMAGE(""https://cards.scryfall.io/normal/front/d/1/d1d50fa8-e92c-4531-b773-b9ef406e8c44.jpg?1783906332"", 1)","FIC","0122","Basic/Non-foil","Non-Foil, Traditional Foil","Extended Art","FF7","Rare","Instant","G","No",0,0,0,0,"Near Mint (NM)",2.61,5.9,""
"Lightning, Army of One","","=IMAGE(""https://cards.scryfall.io/normal/front/1/1/1103da9c-300c-406b-997d-9e5bb7cd02d6.jpg?1783906566"", 1)","FIN","0233","Basic/Non-foil","Non-Foil, Traditional Foil","Standard","FF13","Mythic","Legendary Creature — Human Soldier","RW","No",0,0,0,0,"Near Mint (NM)",9.6,13.11,""
"Lightning, Army of One","","=IMAGE(""https://cards.scryfall.io/normal/front/9/e/9e575906-0f1e-4f24-aa0b-832fe1bb9613.jpg?1783906159"", 1)","PFIN","233s","Promo","Traditional Foil, Promo","Standard","FF13","Mythic","Legendary Creature — Human Soldier","RW","No",0,0,0,0,"Near Mint (NM)","",41.18,""
"Lightning, Army of One","","=IMAGE(""https://cards.scryfall.io/normal/front/b/e/be2af52c-9f38-40e4-a643-06c5f2a9f416.jpg?1783906533"", 1)","FIN","0320","Basic/Non-foil","Non-Foil, Traditional Foil","Borderless","FF13","Mythic","Legendary Creature — Human Soldier","RW","No",0,0,0,0,"Near Mint (NM)",34.48,66.3,""
"Lightning, Army of One","","=IMAGE(""https://cards.scryfall.io/normal/front/4/5/45cb2a76-7d12-41e6-93c7-09922934699c.jpg?1783906501"", 1)","FIN","0400","Basic/Non-foil","Non-Foil, Traditional Foil","Borderless","FF13","Mythic","Legendary Creature — Human Soldier","RW","No",0,0,0,0,"Near Mint (NM)",23.25,30.06,""
"Lightning, Army of One","","=IMAGE(""https://cards.scryfall.io/normal/front/0/c/0c665905-183b-401f-b83c-a312d032e061.jpg?1783906461"", 1)","FIN","0498","Basic/Non-foil","Non-Foil, Traditional Foil","Extended Art","FF13","Mythic","Legendary Creature — Human Soldier","RW","No",0,0,0,0,"Near Mint (NM)",18.17,36.19,""
"Lightning, Army of One","","=IMAGE(""https://cards.scryfall.io/normal/front/2/b/2b760674-b6cc-4730-8c88-4e627f60589c.jpg?1783906440"", 1)","FIN","0545","Surge Foil","Surge Foil","Borderless","FF13","Mythic","Legendary Creature — Human Soldier","RW","No",0,0,0,0,"Near Mint (NM)","",287.53,""
"Thrum of the Vestige","Lightning Bolt","=IMAGE(""https://cards.scryfall.io/normal/front/e/8/e89794ab-6070-4916-936f-2b42fe41d31b.jpg?1783906382"", 1)","FCA","0040","Basic/Non-foil","Non-Foil, Traditional Foil","Borderless","FF13","Uncommon","Instant","R","No",0,0,0,0,"Near Mint (NM)",0.62,1.93,""
"Lightning Greaves","","=IMAGE(""https://cards.scryfall.io/normal/front/7/7/779abd27-985f-4bb9-9330-38d49bf52903.jpg?1783906241"", 1)","FIC","0349","Surge Foil","Surge Foil","Standard","FF7","Uncommon","Artifact — Equipment","Colorless","No",0,0,0,0,"Near Mint (NM)",4.58,"",""
"Lightning, Security Sergeant","","=IMAGE(""https://cards.scryfall.io/normal/front/4/a/4ad4dce3-6e43-4528-b570-85547d03164e.jpg?1783906431"", 1)","FIN","0560","Promo","Non-Foil","Standard","FF13","Rare","Legendary Creature — Human Soldier","R","No",0,0,0,0,"Near Mint (NM)",0.36,"",""
"Lightning, Security Sergeant","","=IMAGE(""https://cards.scryfall.io/normal/front/4/0/40cce7b4-1d5d-4d91-90c5-71b79b5be1ac.jpg?1783906476"", 1)","FIN","0462","Basic/Non-foil","Non-Foil, Traditional Foil","Extended Art","FF13","Rare","Legendary Creature — Human Soldier","R","No",0,0,0,0,"Near Mint (NM)",2.48,16.22,""
"Light of Judgment","","=IMAGE(""https://cards.scryfall.io/normal/front/9/8/98bb716d-ca66-445f-9cb3-0fc656c8ebff.jpg?1783906602"", 1)","FIN","0144","Basic/Non-foil","Non-Foil, Traditional Foil","Standard","FF6","Common","Instant","R","No",0,0,0,0,"Near Mint (NM)",0.11,0.24,""
"A Promise Fulfilled","Light Up the Stage","=IMAGE(""https://cards.scryfall.io/normal/front/6/8/686150d8-1d01-4c4f-8e4d-61ada78d6859.jpg?1783906384"", 1)","FCA","0039","Basic/Non-foil","Non-Foil, Traditional Foil","Borderless","FF8","Uncommon","Sorcery","R","No",0,0,0,0,"Near Mint (NM)",0.36,0.83,""
"Lindblum, Industrial Regency // Mage Siege","","=IMAGE(""https://cards.scryfall.io/normal/front/5/4/548dd152-f0b6-4e8f-9afc-a4ec1671b648.jpg?1783906548"", 1)","FIN","0285","Basic/Non-foil","Non-Foil, Traditional Foil","Standard","FF9","Rare","Land — Town // Instant — Adventure","R","No",0,0,0,0,"Near Mint (NM)",2.53,3.26,""
"Lindblum, Industrial Regency // Mage Siege","","=IMAGE(""https://cards.scryfall.io/normal/front/0/b/0b85e76c-6da8-46bc-b9ac-c89b72b5db00.jpg?1783906148"", 1)","PFIN","285s","Promo","Traditional Foil, Promo","Standard","FF9","Rare","Land — Town // Instant — Adventure","R","No",0,0,0,0,"Near Mint (NM)","",7.45,""
"Lindblum, Industrial Regency // Mage Siege","","=IMAGE(""https://cards.scryfall.io/normal/front/b/2/b2ae92d9-7047-424e-a482-2311888a8c56.jpg?1783906536"", 1)","FIN","0312","Basic/Non-foil","Non-Foil, Traditional Foil","Borderless","FF9","Rare","Land — Town // Instant — Adventure","R","No",0,0,0,0,"Near Mint (NM)",4.75,6.42,""
"Lingering Souls","","=IMAGE(""https://cards.scryfall.io/normal/front/e/4/e464408d-3e50-4a9e-beca-b91e15baacaf.jpg?1783906288"", 1)","FIC","0245","Surge Foil","Surge Foil","Standard","FF14","Uncommon","Sorcery","BW","No",0,0,0,0,"Near Mint (NM)",0.18,"",""
"Lion Heart","","=IMAGE(""https://cards.scryfall.io/normal/front/0/4/04d327a3-1699-4556-b681-a957671ad142.jpg?1783906556"", 1)","FIN","0261","Basic/Non-foil","Non-Foil, Traditional Foil","Standard","FF8","Uncommon","Artifact — Equipment","Colorless","No",0,0,0,0,"Near Mint (NM)",0.19,0.29,""
"Locke Cole","","=IMAGE(""https://cards.scryfall.io/normal/front/5/7/572feb8c-6976-40a8-8a34-b4db836cca56.jpg?1783906565"", 1)","FIN","0234","Basic/Non-foil","Non-Foil, Traditional Foil","Standard","FF6","Uncommon","Legendary Creature — Human Rogue","BU","No",0,0,0,0,"Near Mint (NM)",0.29,0.3,""
"Locke Cole","","=IMAGE(""https://cards.scryfall.io/normal/front/8/1/81d0f2e4-8b22-4c9b-ad01-fd0818fe7372.jpg?1783906461"", 1)","FIN","0499","Basic/Non-foil","Non-Foil, Traditional Foil","Extended Art","FF6","Uncommon","Legendary Creature — Human Rogue","BU","No",0,0,0,0,"Near Mint (NM)",1.68,10.45,""
"Locke Cole // Locke Cole","","=IMAGE(""https://cards.scryfall.io/normal/front/b/f/bf158578-1959-4dee-9d11-d50d06bacbe6.jpg?1783906418"", 1)","AFIN","0015","Basic/Non-foil","Non-Foil, Traditional Foil","Art Card","FF6","Common","Card // Card","Colorless","No",0,0,0,0,"Near Mint (NM)","","",""
"Locke, Treasure Hunter","","=IMAGE(""https://cards.scryfall.io/normal/front/4/2/42cd66f2-0704-4c8e-b5de-6df93f4a8bed.jpg?1783906344"", 1)","FIC","0087","Surge Foil","Surge Foil","Standard","FF6","Rare","Legendary Creature — Human Rogue","BR","No",0,0,0,0,"Near Mint (NM)",0.36,"",""
"Locke, Treasure Hunter","","=IMAGE(""https://cards.scryfall.io/normal/front/a/f/af4481b1-43b0-43e6-a9ea-f4ec0a551e61.jpg?1783904646"", 1)","FIC","0475","Wave Foil","Wave Foil","Borderless","FF6","Rare","Legendary Creature — Human Rogue","BR","No",0,0,0,0,"Near Mint (NM)","",35.16,""
"Locke, Treasure Hunter","","=IMAGE(""https://cards.scryfall.io/normal/front/d/0/d089946c-87c5-4135-8372-ed7b8a03548c.jpg?1783906312"", 1)","FIC","0177","Basic/Non-foil","Non-Foil, Traditional Foil","Extended Art","FF6","Rare","Legendary Creature — Human Rogue","BR","No",0,0,0,0,"Near Mint (NM)",0.94,4.54,""
"Loporrit Scout","","=IMAGE(""https://cards.scryfall.io/normal/front/a/1/a182bc66-bfda-4bf5-bd12-3de5dba60945.jpg?1783906585"", 1)","FIN","0192","Basic/Non-foil","Non-Foil, Traditional Foil","Standard","FF14","Common","Creature — Rabbit Scout","G","No",0,0,0,0,"Near Mint (NM)",0.13,0.22,""
"Garnet Til Alexandros 17th","Loran of the Third Path","=IMAGE(""https://cards.scryfall.io/normal/front/4/5/450ec0a6-839b-4a35-a79b-ae358408a17c.jpg?1783906388"", 1)","FCA","0024","Basic/Non-foil","Non-Foil, Traditional Foil","Borderless","FF9","Rare","Legendary Creature — Human Artificer","W","No",0,0,0,0,"Near Mint (NM)",5.63,28.49,""
"Lord Jyscal Guado","","=IMAGE(""https://cards.scryfall.io/normal/front/1/3/134ef3cd-01ac-4d60-a277-df7ab7b8f88c.jpg?1783906367"", 1)","FIC","0023","Surge Foil","Surge Foil","Standard","FF10","Rare","Legendary Creature — Spirit Cleric","W","No",0,0,0,0,"Near Mint (NM)",0.21,"",""
"Lord Jyscal Guado","","=IMAGE(""https://cards.scryfall.io/normal/front/b/d/bd61145b-5177-4b7e-8ac2-f07e6cf4863a.jpg?1783906327"", 1)","FIC","0137","Basic/Non-foil","Non-Foil, Traditional Foil","Extended Art","FF10","Rare","Legendary Creature — Spirit Cleric","W","No",0,0,0,0,"Near Mint (NM)",0.4,1.75,""
"Louisoix's Sacrifice","","=IMAGE(""https://cards.scryfall.io/normal/front/4/a/4a6976f2-0bd5-449a-8fcf-f5a732ce22c1.jpg?1783906634"", 1)","FIN","0059","Basic/Non-foil","Non-Foil, Traditional Foil","Standard","FF14","Rare","Instant","U","No",0,0,0,0,"Near Mint (NM)",0.4,0.73,""
"Louisoix's Sacrifice","","=IMAGE(""https://cards.scryfall.io/normal/front/7/a/7a948f96-fdd8-4f6c-a737-3d74b7daff71.jpg?1783906191"", 1)","PFIN","59s","Promo","Traditional Foil, Promo","Standard","FF14","Rare","Instant","U","No",0,0,0,0,"Near Mint (NM)","",11.48,""
"Lulu, Stern Guardian","","=IMAGE(""https://cards.scryfall.io/normal/front/9/c/9c0b1d5d-2b10-4dde-bb95-8cbf780cca97.jpg?1783906362"", 1)","FIC","0038","Surge Foil","Surge Foil","Standard","FF10","Rare","Legendary Creature — Human Wizard","U","No",0,0,0,0,"Near Mint (NM)",0.38,"",""
"Lulu, Stern Guardian","","=IMAGE(""https://cards.scryfall.io/normal/front/9/9/99cb1ba3-e16b-414d-8682-fb3b2f350ea2.jpg?1783904647"", 1)","FIC","0467","Wave Foil","Wave Foil","Borderless","FF10","Rare","Legendary Creature — Human Wizard","U","No",0,0,0,0,"Near Mint (NM)","",119.02,""
"Lulu, Stern Guardian","","=IMAGE(""https://cards.scryfall.io/normal/front/6/1/61844cbe-f4b3-45c6-bf4c-76542de4b195.jpg?1783906326"", 1)","FIC","0143","Basic/Non-foil","Non-Foil, Traditional Foil","Extended Art","FF10","Rare","Legendary Creature — Human Wizard","U","No",0,0,0,0,"Near Mint (NM)",2.76,12.89,""
"Luminous Broodmoth","","=IMAGE(""https://cards.scryfall.io/normal/front/e/6/e6fc5c0b-0b64-491d-b312-b9b2133225d9.jpg?1783906286"", 1)","FIC","0246","Surge Foil","Surge Foil","Standard","FF10","Mythic","Creature — Insect","W","No",0,0,0,0,"Near Mint (NM)",0.56,"",""
"Lunatic Pandora","","=IMAGE(""https://cards.scryfall.io/normal/front/d/6/d6e1e3e7-20d4-42cb-ad22-60356b9e8fdc.jpg?1783906555"", 1)","FIN","0262","Basic/Non-foil","Non-Foil, Traditional Foil","Standard","FF8","Common","Legendary Artifact","Colorless","No",0,0,0,0,"Near Mint (NM)",0.16,0.27,""
"Lyse Hext","","=IMAGE(""https://cards.scryfall.io/normal/front/9/7/97845ece-ceef-468c-a4e3-6fde1413c9f0.jpg?1783906345"", 1)","FIC","0088","Surge Foil","Surge Foil","Standard","FF14","Rare","Legendary Creature — Human Rebel Monk","UW","No",0,0,0,0,"Near Mint (NM)",0.29,"",""
"Lyse Hext","","=IMAGE(""https://cards.scryfall.io/normal/front/2/2/227ada0a-e1b5-44ed-8303-d6449069599f.jpg?1783906314"", 1)","FIC","0178","Basic/Non-foil","Non-Foil, Traditional Foil","Extended Art","FF14","Rare","Legendary Creature — Human Rebel Monk","UW","No",0,0,0,0,"Near Mint (NM)",1.34,9.95,""
"Machinist's Arsenal","","=IMAGE(""https://cards.scryfall.io/normal/front/f/f/ff976428-2145-4630-aab1-08870b90b2f0.jpg?1783906647"", 1)","FIN","0023","Basic/Non-foil","Non-Foil, Traditional Foil","Standard","FF14","Rare","Artifact — Equipment","W","No",0,0,0,0,"Near Mint (NM)",0.93,1.66,""
"Machinist's Arsenal","","=IMAGE(""https://cards.scryfall.io/normal/front/a/9/a9b212fb-4666-40d5-bd81-ca4446561725.jpg?1783906198"", 1)","PFIN","23s","Promo","Traditional Foil, Promo","Standard","FF14","Rare","Artifact — Equipment","W","No",0,0,0,0,"Near Mint (NM)","",17.95,""
"Machinist's Arsenal // Machinist's Arsenal","","=IMAGE(""https://cards.scryfall.io/normal/front/0/9/09f68f79-0f5d-470b-adf2-4a554b9bf9a3.jpg?1783906425"", 1)","AFIN","0002","Basic/Non-foil","Non-Foil, Traditional Foil","Art Card","FF14","Common","Card // Card","Colorless","No",0,0,0,0,"Near Mint (NM)","","",""
"Maester Seymour","","=IMAGE(""https://cards.scryfall.io/normal/front/f/6/f6a4267b-aa76-4dec-bc72-252236c44968.jpg?1783906351"", 1)","FIC","0068","Surge Foil","Surge Foil","Standard","FF10","Rare","Legendary Creature — Human Elf Cleric","G","No",0,0,0,0,"Near Mint (NM)",0.29,"",""
"Maester Seymour","","=IMAGE(""https://cards.scryfall.io/normal/front/5/8/5861c54a-6385-46d2-8daa-83fd717d6928.jpg?1783906320"", 1)","FIC","0160","Basic/Non-foil","Non-Foil, Traditional Foil","Extended Art","FF10","Rare","Legendary Creature — Human Elf Cleric","G","No",0,0,0,0,"Near Mint (NM)",1.36,6.34,""
"Magic Damper","","=IMAGE(""https://cards.scryfall.io/normal/front/4/4/44921b2e-5938-4f63-92b9-0b719a2f8c68.jpg?1783906635"", 1)","FIN","0061","Basic/Non-foil","Non-Foil, Traditional Foil","Standard","FF13","Common","Instant","U","No",0,0,0,0,"Near Mint (NM)",0.28,0.35,""
"Magic Pot","","=IMAGE(""https://cards.scryfall.io/normal/front/5/7/57d07ca0-5618-4a90-a605-ca14a193ce3b.jpg?1783906555"", 1)","FIN","0263","Basic/Non-foil","Non-Foil, Traditional Foil","Standard","FF5","Common","Artifact Creature — Goblin Construct","Colorless","No",0,0,0,0,"Near Mint (NM)",0.11,0.18,""
"Magitek Armor","","=IMAGE(""https://cards.scryfall.io/normal/front/5/9/59c4a1a2-623c-43b2-8005-ecb5c6436c10.jpg?1783906647"", 1)","FIN","0024","Basic/Non-foil","Non-Foil, Traditional Foil","Standard","FF6","Uncommon","Artifact — Vehicle","W","No",0,0,0,0,"Near Mint (NM)",0.14,0.27,""
"Magitek Infantry","","=IMAGE(""https://cards.scryfall.io/normal/front/b/6/b64dc6d7-dd01-4e66-9099-4c90865448df.jpg?1783906647"", 1)","FIN","0025","Basic/Non-foil","Non-Foil, Traditional Foil","Standard","FF15","Common","Artifact Creature — Robot Soldier","W","No",0,0,0,0,"Near Mint (NM)",0.14,0.21,""
"Magitek Scythe","","=IMAGE(""https://cards.scryfall.io/normal/front/8/b/8b691d42-3498-4d47-9a46-f7c376df8886.jpg?1783906432"", 1)","FIN","0562","Promo","Non-Foil","Standard","FF14","Rare","Artifact — Equipment","Colorless","No",0,0,0,0,"Near Mint (NM)",0.27,"",""
"Malboro","","=IMAGE(""https://cards.scryfall.io/normal/front/e/4/e46d8048-03ce-4e07-ba24-f41ba6140a4e.jpg?1783906617"", 1)","FIN","0106","Basic/Non-foil","Non-Foil, Traditional Foil","Standard","FF15","Common","Creature — Plant Horror","B","No",0,0,0,0,"Near Mint (NM)",0.17,0.25,""
"Minwu, Rebellion Strategist","Mangara, the Diplomat","=IMAGE(""https://cards.scryfall.io/normal/front/2/3/232b5c18-0a0a-425d-89aa-de2db833a22c.jpg?1783906387"", 1)","FCA","0025","Basic/Non-foil","Non-Foil, Traditional Foil","Borderless","FF2","Rare","Legendary Creature — Human Cleric","W","No",0,0,0,0,"Near Mint (NM)",2.25,14.97,""
"Mask of Memory","","=IMAGE(""https://cards.scryfall.io/normal/front/a/9/a9118fbe-f19c-4a65-a6ac-1c8a6308628d.jpg?1783906238"", 1)","FIC","0350","Surge Foil","Surge Foil","Standard","FF7","Uncommon","Artifact — Equipment","Colorless","No",0,0,0,0,"Near Mint (NM)",0.35,"",""
"Matoya, Archon Elder","","=IMAGE(""https://cards.scryfall.io/normal/front/1/d/1dd61cf6-2fb5-4cff-ab00-7677ac85774c.jpg?1783906634"", 1)","FIN","0062","Basic/Non-foil","Non-Foil, Traditional Foil","Standard","FF14","Rare","Legendary Creature — Human Warlock","U","No",0,0,0,0,"Near Mint (NM)",0.51,0.81,""
"Matoya, Archon Elder","","=IMAGE(""https://cards.scryfall.io/normal/front/d/5/d5cc0b50-5c09-4c74-b9dc-92bb95781e7f.jpg?1783906191"", 1)","PFIN","62s","Promo","Traditional Foil, Promo","Standard","FF14","Rare","Legendary Creature — Human Warlock","U","No",0,0,0,0,"Near Mint (NM)","",5.67,""
"Matoya, Archon Elder","","=IMAGE(""https://cards.scryfall.io/normal/front/0/4/0429bba6-d496-49ac-b849-fb8274f86880.jpg?1783906487"", 1)","FIN","0439","Basic/Non-foil","Non-Foil, Traditional Foil","Extended Art","FF14","Rare","Legendary Creature — Human Warlock","U","No",0,0,0,0,"Near Mint (NM)",2.98,14.94,""
"Mega Flare","","=IMAGE(""https://cards.scryfall.io/normal/front/d/a/daecaf9c-f327-435a-963b-a4631b6cca5c.jpg?1783904652"", 1)","FIC","0456","Basic/Non-foil","Non-Foil, Traditional Foil","Borderless","FF9","Rare","Sorcery","R","No",0,0,0,0,"Near Mint (NM)",1.88,0.94,""
"Mega Flare // Mega Flare","","=IMAGE(""https://cards.scryfall.io/normal/front/e/5/e51442af-ecc5-4972-9ed4-f8621142b46c.jpg?1783904665"", 1)","AFIC","0015","Basic/Non-foil","Non-Foil, Traditional Foil","Art Card","FF9","Common","Card // Card","Colorless","No",0,0,0,0,"Near Mint (NM)","","",""
"Memories Returning","","=IMAGE(""https://cards.scryfall.io/normal/front/a/7/a753abfc-35d3-4faf-ab35-3b51aa778174.jpg?1783906633"", 1)","FIN","0063","Basic/Non-foil","Non-Foil, Traditional Foil","Standard","FF8","Rare","Sorcery","U","No",0,0,0,0,"Near Mint (NM)",0.27,0.36,""
"Memories Returning","","=IMAGE(""https://cards.scryfall.io/normal/front/c/c/cc6f3187-0563-4843-a914-525446324411.jpg?1783906190"", 1)","PFIN","63s","Promo","Traditional Foil, Promo","Standard","FF8","Rare","Sorcery","U","No",0,0,0,0,"Near Mint (NM)","",4.09,""
"Memories Returning","","=IMAGE(""https://cards.scryfall.io/normal/front/f/b/fb3c836d-8012-4591-ba4f-e6db6d59b974.jpg?1783906529"", 1)","FIN","0331","Basic/Non-foil","Non-Foil, Traditional Foil","Borderless","FF8","Rare","Sorcery","U","No",0,0,0,0,"Near Mint (NM)",1.0,1.32,""
"Meteor Golem","","=IMAGE(""https://cards.scryfall.io/normal/front/7/a/7aeddfc1-38b0-4491-92f1-0a9989a53439.jpg?1783906244"", 1)","FIC","0351","Surge Foil","Surge Foil","Standard","FF6","Uncommon","Artifact Creature — Golem","Colorless","No",0,0,0,0,"Near Mint (NM)",0.2,"",""
"Midgar, City of Mako // Reactor Raid","","=IMAGE(""https://cards.scryfall.io/normal/front/8/a/8a837256-6bb4-4a60-962d-d2793548d26c.jpg?1783906547"", 1)","FIN","0286","Basic/Non-foil","Non-Foil, Traditional Foil","Standard","FF7","Rare","Land — Town // Sorcery — Adventure","B","No",0,0,0,0,"Near Mint (NM)",1.73,2.51,""
"Midgar, City of Mako // Reactor Raid","","=IMAGE(""https://cards.scryfall.io/normal/front/c/7/c7adec62-2093-4782-8d69-c5d60b561534.jpg?1783906147"", 1)","PFIN","286s","Promo","Traditional Foil, Promo","Standard","FF7","Rare","Land — Town // Sorcery — Adventure","B","No",0,0,0,0,"Near Mint (NM)","",12.09,""
"Midgar, City of Mako // Reactor Raid","","=IMAGE(""https://cards.scryfall.io/normal/front/f/a/fa605930-a7f0-410d-ac58-f5f0bd8caadf.jpg?1783906537"", 1)","FIN","0313","Basic/Non-foil","Non-Foil, Traditional Foil","Borderless","FF7","Rare","Land — Town // Sorcery — Adventure","B","No",0,0,0,0,"Near Mint (NM)",4.33,6.81,""
"Millikin","","=IMAGE(""https://cards.scryfall.io/normal/front/7/1/717b0d6b-fa62-46d2-a061-7161d3255c98.jpg?1783906237"", 1)","FIC","0352","Surge Foil","Surge Foil","Standard","FF6","Uncommon","Artifact Creature — Construct","Colorless","No",0,0,0,0,"Near Mint (NM)",0.28,"",""
"Mind Stone","","=IMAGE(""https://cards.scryfall.io/normal/front/7/f/7fdef0b6-a3b9-4752-bce6-53c0140a1693.jpg?1783906237"", 1)","FIC","0353","Surge Foil","Surge Foil","Standard","FF6","Uncommon","Artifact","Colorless","No",0,0,0,0,"Near Mint (NM)",0.29,"",""
"Minwu, White Mage","","=IMAGE(""https://cards.scryfall.io/normal/front/6/8/6822144f-f0eb-4e10-a217-52cad36d2973.jpg?1783906647"", 1)","FIN","0026","Basic/Non-foil","Non-Foil, Traditional Foil","Standard","FF2","Rare","Legendary Creature — Human Cleric","W","No",0,0,0,0,"Near Mint (NM)",0.32,0.41,""
"Minwu, White Mage","","=IMAGE(""https://cards.scryfall.io/normal/front/9/9/995b373a-721f-4a52-83e6-bd94144bcb35.jpg?1783906197"", 1)","PFIN","26s","Promo","Traditional Foil, Promo","Standard","FF2","Rare","Legendary Creature — Human Cleric","W","No",0,0,0,0,"Near Mint (NM)","",5.48,""
"Minwu, White Mage","","=IMAGE(""https://cards.scryfall.io/normal/front/9/9/99ad3e31-815c-409f-8fe5-d13a3f5d2b65.jpg?1783906490"", 1)","FIN","0430","Basic/Non-foil","Non-Foil, Traditional Foil","Extended Art","FF2","Rare","Legendary Creature — Human Cleric","W","No",0,0,0,0,"Near Mint (NM)",2.18,10.84,""
"Dawn Warriors' Legacy","Mizzix's Mastery","=IMAGE(""https://cards.scryfall.io/normal/front/8/a/8a139398-4d42-4715-8a5a-c446bf665a2e.jpg?1783906381"", 1)","FCA","0041","Basic/Non-foil","Non-Foil, Traditional Foil","Borderless","FF5","Rare","Sorcery","R","No",0,0,0,0,"Near Mint (NM)",4.98,13.85,""
"Mog, Moogle Warrior","","=IMAGE(""https://cards.scryfall.io/normal/front/e/9/e9cb8ac9-64a0-455d-a8dd-1579ee321bbd.jpg?1783906344"", 1)","FIC","0089","Surge Foil","Surge Foil","Standard","FF6","Rare","Legendary Creature — Moogle Warrior","RW","No",0,0,0,0,"Near Mint (NM)",0.22,"",""
"Mog, Moogle Warrior","","=IMAGE(""https://cards.scryfall.io/normal/front/f/8/f8ed092f-3a85-45d5-b986-2d400d6e1bad.jpg?1783904643"", 1)","FIC","0476","Wave Foil","Wave Foil","Borderless","FF6","Rare","Legendary Creature — Moogle Warrior","RW","No",0,0,0,0,"Near Mint (NM)","",41.65,""
"Mog, Moogle Warrior","","=IMAGE(""https://cards.scryfall.io/normal/front/5/7/572b31b6-ae09-43a7-a8d4-8f0f99f5cd8e.jpg?1783906312"", 1)","FIC","0179","Basic/Non-foil","Non-Foil, Traditional Foil","Extended Art","FF6","Rare","Legendary Creature — Moogle Warrior","RW","No",0,0,0,0,"Near Mint (NM)",0.55,4.94,""
"Monk's Fist","","=IMAGE(""https://cards.scryfall.io/normal/front/9/9/995033f0-873d-4e46-b0c9-98ec8ef270ff.jpg?1783906554"", 1)","FIN","0265","Basic/Non-foil","Non-Foil, Traditional Foil","Standard","FF1","Common","Artifact — Equipment","Colorless","No",0,0,0,0,"Near Mint (NM)",0.11,0.2,""
"Moogle","","=IMAGE(""https://cards.scryfall.io/normal/front/2/9/295b78dc-b26d-4e92-8f75-916566c4db14.jpg?1783906134"", 1)","TFIN","0011","Basic/Non-foil","Non-Foil, Traditional Foil","Standard","FF6","Common","Token Creature — Moogle","W","No",0,0,0,0,"Near Mint (NM)","","",""
"Moogle","","=IMAGE(""https://cards.scryfall.io/normal/front/2/0/20a709d5-4be5-487b-bfba-4b1821f2ebd3.jpg?1783906125"", 1)","TFIN","0034","Surge Foil","Surge Foil","Standard","FF6","Common","Token Creature — Moogle","W","No",0,0,0,0,"Near Mint (NM)","","",""
"Moogles' Valor","","=IMAGE(""https://cards.scryfall.io/normal/front/c/a/caa838a7-60a9-4791-af5b-194f7574c4c8.jpg?1783906647"", 1)","FIN","0027","Basic/Non-foil","Non-Foil, Traditional Foil","Standard","FF6","Rare","Instant","W","No",0,0,0,0,"Near Mint (NM)",0.61,1.21,""
"Moogles' Valor","","=IMAGE(""https://cards.scryfall.io/normal/front/8/b/8badb69b-27df-4572-ba76-dde6c8ba0279.jpg?1783906197"", 1)","PFIN","27s","Promo","Traditional Foil, Promo","Standard","FF6","Rare","Instant","W","No",0,0,0,0,"Near Mint (NM)","",8.92,""
"Moogles' Valor","","=IMAGE(""https://cards.scryfall.io/normal/front/5/2/522920b3-e7a4-4097-8321-2dbb326719c6.jpg?1783906532"", 1)","FIN","0326","Basic/Non-foil","Non-Foil, Traditional Foil","Borderless","FF6","Rare","Instant","W","No",0,0,0,0,"Near Mint (NM)",3.24,4.88,""
"Morbid Opportunist","","=IMAGE(""https://cards.scryfall.io/normal/front/4/4/44b14a83-ba66-4c94-8b67-ebe577024532.jpg?1783906271"", 1)","FIC","0278","Surge Foil","Surge Foil","Standard","FF6","Uncommon","Creature — Human Rogue","B","No",0,0,0,0,"Near Mint (NM)",0.19,"",""
"Mortify","","=IMAGE(""https://cards.scryfall.io/normal/front/5/f/5f4fa21b-4733-49a6-b751-779b8325c4d2.jpg?1783906252"", 1)","FIC","0327","Surge Foil","Surge Foil","Standard","FF6","Uncommon","Instant","BW","No",0,0,0,0,"Near Mint (NM)",0.27,"",""
"Mossfire Valley","","=IMAGE(""https://cards.scryfall.io/normal/front/d/e/de5279fc-2532-4e66-bc44-ca395e106ab0.jpg?1783906215"", 1)","FIC","0407","Surge Foil","Surge Foil","Standard","FF7","Rare","Land","GR","No",0,0,0,0,"Near Mint (NM)",0.24,"",""
"Mountain","","=IMAGE(""https://cards.scryfall.io/normal/front/9/a/9a58d03b-1b47-4d3c-9d8a-18f20c8f978b.jpg?1783904642"", 1)","FIC","0481","Wave Foil","Wave Foil","Standard","FF11","Common","Basic Land — Mountain","R","No",0,0,0,0,"Near Mint (NM)","",2.09,""
"Mountain","","=IMAGE(""https://cards.scryfall.io/normal/front/a/1/a18ef64b-a9de-4548-b4d5-168758442db7.jpg?1783906541"", 1)","FIN","0303","Basic/Non-foil","Non-Foil, Traditional Foil","Standard","FF6","Common","Basic Land — Mountain","R","No",0,0,0,0,"Near Mint (NM)",0.27,0.33,""
"Mountain","","=IMAGE(""https://cards.scryfall.io/normal/front/d/0/d061b9a8-e95d-48ec-a1c9-337433b62dfc.jpg?1783906540"", 1)","FIN","0304","Basic/Non-foil","Non-Foil, Traditional Foil","Standard","FF4","Common","Basic Land — Mountain","R","No",0,0,0,0,"Near Mint (NM)",0.2,0.27,""
"Mountain","","=IMAGE(""https://cards.scryfall.io/normal/front/e/a/ea1735b9-fd10-4c9c-b9d3-046d8c22b852.jpg?1783906539"", 1)","FIN","0305","Basic/Non-foil","Non-Foil, Traditional Foil","Standard","FF1","Common","Basic Land — Mountain","R","No",0,0,0,0,"Near Mint (NM)",0.29,0.39,""
"Mountain","","=IMAGE(""https://cards.scryfall.io/normal/front/0/c/0cef98b7-d54a-456e-8240-1c5af3a72a04.jpg?1783906431"", 1)","FIN","0575","Surge Foil","Surge Foil","Showcase","FF6","Common","Basic Land — Mountain","R","No",0,0,0,0,"Near Mint (NM)","",1.15,""
"Orphan, Cocoon fal'Cie","Muldrotha, the Gravetide","=IMAGE(""https://cards.scryfall.io/normal/front/7/5/752e16fc-8ee1-41f7-9495-6ab8029c9353.jpg?1783906376"", 1)","FCA","0057","Basic/Non-foil","Non-Foil, Traditional Foil","Borderless","FF13","Rare","Legendary Creature — Elemental Avatar","BGU","No",0,0,0,0,"Near Mint (NM)",2.2,16.62,""
"Murderous Rider // Swift End","","=IMAGE(""https://cards.scryfall.io/normal/front/d/d/dd239710-62ef-43b5-aea2-e82bb385744d.jpg?1783906272"", 1)","FIC","0279","Surge Foil","Surge Foil","Standard","FF14","Rare","Creature — Zombie Knight // Instant — Adventure","B","No",0,0,0,0,"Near Mint (NM)",0.23,"",""
"Mysidian Elder","","=IMAGE(""https://cards.scryfall.io/normal/front/6/b/6bc39af4-be19-4889-b930-df7ebf7b9481.jpg?1783906602"", 1)","FIN","0145","Basic/Non-foil","Non-Foil, Traditional Foil","Standard","FF4","Common","Creature — Human Wizard","R","No",0,0,0,0,"Near Mint (NM)",0.25,0.27,""
"Cloud Strife","Najeela, the Blade-Blossom","=IMAGE(""https://cards.scryfall.io/normal/front/c/c/cc30e027-8cb8-4b06-a24a-6ad49d6a2cf3.jpg?1783906382"", 1)","FCA","0042","Basic/Non-foil","Non-Foil, Traditional Foil","Borderless","FF7","Mythic","Legendary Creature — Human Warrior","BGRUW","No",0,0,0,0,"Near Mint (NM)",13.59,131.78,""
"Namazu Trader","","=IMAGE(""https://cards.scryfall.io/normal/front/f/9/f9d25b34-990d-416c-aef7-1b5a73f19dd4.jpg?1783906616"", 1)","FIN","0107","Basic/Non-foil","Non-Foil, Traditional Foil","Standard","FF14","Common","Creature — Fish Citizen","B","No",0,0,0,0,"Near Mint (NM)",0.08,0.18,""
"Search for the Frozen Esper","Nature's Claim","=IMAGE(""https://cards.scryfall.io/normal/front/d/3/d349901d-f9a6-4f09-a881-531c695cf1c4.jpg?1783906381"", 1)","FCA","0047","Basic/Non-foil","Non-Foil, Traditional Foil","Borderless","FF6","Uncommon","Instant","G","No",0,0,0,0,"Near Mint (NM)",0.48,2.22,""
"Nature's Lore","","=IMAGE(""https://cards.scryfall.io/normal/front/0/1/01c2b71a-492d-431c-90ba-173781ba8815.jpg?1783906257"", 1)","FIC","0311","Surge Foil","Surge Foil","Standard","FF7","Common","Sorcery","G","No",0,0,0,0,"Near Mint (NM)",2.56,"",""
"Nesting Grounds","","=IMAGE(""https://cards.scryfall.io/normal/front/e/9/e99933e3-9237-45e8-b067-44367fc21430.jpg?1783906216"", 1)","FIC","0408","Surge Foil","Surge Foil","Standard","FF10","Uncommon","Land","Colorless","No",0,0,0,0,"Near Mint (NM)",0.34,"",""
"Nibelheim Aflame","","=IMAGE(""https://cards.scryfall.io/normal/front/3/d/3d3e926a-74af-4996-849f-d31e0fdedeae.jpg?1783906601"", 1)","FIN","0146","Basic/Non-foil","Non-Foil, Traditional Foil","Standard","FF7","Mythic","Sorcery","R","No",0,0,0,0,"Near Mint (NM)",4.53,5.02,""
"Nibelheim Aflame","","=IMAGE(""https://cards.scryfall.io/normal/front/8/7/87c9a2a6-b755-45a1-a785-792c7f179f18.jpg?1783906176"", 1)","PFIN","146s","Promo","Traditional Foil, Promo","Standard","FF7","Mythic","Sorcery","R","No",0,0,0,0,"Near Mint (NM)","",24.73,""
"Nibelheim Aflame","","=IMAGE(""https://cards.scryfall.io/normal/front/f/6/f6c21de9-7278-4406-8037-afe2c29b271f.jpg?1783906527"", 1)","FIN","0339","Basic/Non-foil","Non-Foil, Traditional Foil","Borderless","FF7","Mythic","Sorcery","R","No",0,0,0,0,"Near Mint (NM)",13.13,23.42,""
"Nibelheim Aflame // Nibelheim Aflame","","=IMAGE(""https://cards.scryfall.io/normal/front/9/d/9d721a89-f928-413b-9e66-d7d9671f1534.jpg?1783906407"", 1)","AFIN","0035","Basic/Non-foil","Non-Foil, Traditional Foil","Art Card","FF7","Common","Card // Card","Colorless","No",0,0,0,0,"Near Mint (NM)","","",""
"Night's Whisper","","=IMAGE(""https://cards.scryfall.io/normal/front/4/7/47dfd4bd-a7a0-40bd-80e8-16c5ddd91091.jpg?1783906273"", 1)","FIC","0280","Surge Foil","Surge Foil","Standard","FF6","Common","Sorcery","B","No",0,0,0,0,"Near Mint (NM)",0.29,"",""
"Ninja's Blades","","=IMAGE(""https://cards.scryfall.io/normal/front/a/6/a6b5af82-3646-44f9-ac12-1d7fa698f037.jpg?1783906616"", 1)","FIN","0108","Basic/Non-foil","Non-Foil, Traditional Foil","Standard","FF14","Rare","Artifact — Equipment","B","No",0,0,0,0,"Near Mint (NM)",0.36,0.89,""
"Ninja's Blades","","=IMAGE(""https://cards.scryfall.io/normal/front/d/7/d75917b1-0ffb-4bff-b75f-973e26e172df.jpg?1783906182"", 1)","PFIN","108s","Promo","Traditional Foil, Promo","Standard","FF14","Rare","Artifact — Equipment","B","No",0,0,0,0,"Near Mint (NM)","",4.72,""
"Noctis, Heir Apparent","","=IMAGE(""https://cards.scryfall.io/normal/front/c/8/c8c69ad3-e999-4beb-85f5-527a00f482da.jpg?1783904650"", 1)","FIC","0460","Basic/Non-foil","Non-Foil, Traditional Foil","Borderless","FF15","Rare","Legendary Creature — Human Noble","BUW","No",0,0,0,0,"Near Mint (NM)",4.88,3.42,""
"Noctis, Heir Apparent // Noctis, Heir Apparent","","=IMAGE(""https://cards.scryfall.io/normal/front/c/0/c028cb1b-cd10-4a30-91fd-3216a86aa966.jpg?1783904662"", 1)","AFIC","0019","Basic/Non-foil","Non-Foil, Traditional Foil","Art Card","FF15","Common","Card // Card","Colorless","No",0,0,0,0,"Near Mint (NM)","","",""
"Noctis, Prince of Lucis","","=IMAGE(""https://cards.scryfall.io/normal/front/1/8/1881a66b-956d-4bab-b578-5b2d3407c972.jpg?1783906565"", 1)","FIN","0235","Basic/Non-foil","Non-Foil, Traditional Foil","Standard","FF15","Rare","Legendary Creature — Human Noble","BUW","No",0,0,0,0,"Near Mint (NM)",0.32,0.48,""
"Noctis, Prince of Lucis","","=IMAGE(""https://cards.scryfall.io/normal/front/4/8/48ea4aa3-6514-4518-87d7-4a26ee4d3d3f.jpg?1783906158"", 1)","PFIN","235s","Promo","Traditional Foil, Promo","Standard","FF15","Rare","Legendary Creature — Human Noble","BUW","No",0,0,0,0,"Near Mint (NM)","",8.36,""
"Noctis, Prince of Lucis","","=IMAGE(""https://cards.scryfall.io/normal/front/8/d/8d61fe60-0318-4362-8cea-7c6499b8ca70.jpg?1783906501"", 1)","FIN","0401","Basic/Non-foil","Non-Foil, Traditional Foil","Borderless","FF15","Rare","Legendary Creature — Human Noble","BUW","No",0,0,0,0,"Near Mint (NM)",3.2,4.36,""
"Noctis, Prince of Lucis","","=IMAGE(""https://cards.scryfall.io/normal/front/8/7/8717cde9-eaee-4926-ab6e-02bb58421d05.jpg?1783906460"", 1)","FIN","0500","Basic/Non-foil","Non-Foil, Traditional Foil","Extended Art","FF15","Rare","Legendary Creature — Human Noble","BUW","No",0,0,0,0,"Near Mint (NM)",2.65,15.42,""
"Noctis, Prince of Lucis","","=IMAGE(""https://cards.scryfall.io/normal/front/4/9/49543cd4-d976-4d3b-a7d2-6acfbb28b1b5.jpg?1783906440"", 1)","FIN","0546","Surge Foil","Surge Foil","Borderless","FF15","Rare","Legendary Creature — Human Noble","BUW","No",0,0,0,0,"Near Mint (NM)","",42.54,""
"Nomad Outpost","","=IMAGE(""https://cards.scryfall.io/normal/front/7/9/790d5244-5042-4b84-b16d-be0f87d11fad.jpg?1783906215"", 1)","FIC","0409","Surge Foil","Surge Foil","Standard","FF6","Uncommon","Land","BRW","No",0,0,0,0,"Near Mint (NM)",0.34,"",""
"The Cloudsea Djinn","Nyxbloom Ancient","=IMAGE(""https://cards.scryfall.io/normal/front/5/f/5f2b2373-9052-4246-a644-1f5b723ea9f1.jpg?1783906389"", 1)","FCA","0016","Basic/Non-foil","Non-Foil, Traditional Foil","Borderless","FF1","Mythic","Enchantment Creature — Elemental","G","No",0,0,0,0,"Near Mint (NM)",29.3,124.52,""
"O'aka, Traveling Merchant","","=IMAGE(""https://cards.scryfall.io/normal/front/9/d/9d860089-fb88-4736-b7f4-b605551bedc8.jpg?1783906362"", 1)","FIC","0039","Surge Foil","Surge Foil","Standard","FF10","Rare","Legendary Creature — Human Citizen","U","No",0,0,0,0,"Near Mint (NM)",0.34,"",""
"O'aka, Traveling Merchant","","=IMAGE(""https://cards.scryfall.io/normal/front/d/2/d292e7d4-deab-47f8-bc6d-d7cbb01a3268.jpg?1783906324"", 1)","FIC","0144","Basic/Non-foil","Non-Foil, Traditional Foil","Extended Art","FF10","Rare","Legendary Creature — Human Citizen","U","No",0,0,0,0,"Near Mint (NM)",1.11,4.92,""
"Observed Stasis","","=IMAGE(""https://cards.scryfall.io/normal/front/6/3/6301c10c-8c27-4595-a0a7-30c621332b2c.jpg?1783906361"", 1)","FIC","0040","Surge Foil","Surge Foil","Standard","FF14","Rare","Enchantment — Aura","U","No",0,0,0,0,"Near Mint (NM)",0.26,"",""
"Observed Stasis","","=IMAGE(""https://cards.scryfall.io/normal/front/a/b/abfa939d-3914-44ec-979c-731e9413ba3a.jpg?1783906335"", 1)","FIC","0113","Basic/Non-foil","Non-Foil, Traditional Foil","Extended Art","FF14","Rare","Enchantment — Aura","U","No",0,0,0,0,"Near Mint (NM)",0.64,1.52,""
"Omega, Heartless Evolution","","=IMAGE(""https://cards.scryfall.io/normal/front/9/a/9a8eb7e6-0c0b-42d0-aa90-2d3d29bc15aa.jpg?1783906564"", 1)","FIN","0236","Basic/Non-foil","Non-Foil, Traditional Foil","Standard","FF14","Uncommon","Legendary Artifact Creature — Robot","GU","No",0,0,0,0,"Near Mint (NM)",0.18,0.32,""
"Omega, Heartless Evolution","","=IMAGE(""https://cards.scryfall.io/normal/front/6/1/615f1a04-2ad4-443b-a915-2181a6bf13af.jpg?1783906524"", 1)","FIN","0347","Basic/Non-foil","Non-Foil, Traditional Foil","Borderless","FF14","Uncommon","Legendary Artifact Creature — Robot","GU","No",0,0,0,0,"Near Mint (NM)",0.32,0.34,""
"Omega, Heartless Evolution","","=IMAGE(""https://cards.scryfall.io/normal/front/9/2/926953df-e1f8-4d3e-a05d-93657143da04.jpg?1783906460"", 1)","FIN","0501","Basic/Non-foil","Non-Foil, Traditional Foil","Extended Art","FF14","Uncommon","Legendary Artifact Creature — Robot","GU","No",0,0,0,0,"Near Mint (NM)",0.56,6.11,""
"Opera Love Song","","=IMAGE(""https://cards.scryfall.io/normal/front/0/3/0343916d-1b65-4e95-aef1-e72dbcebf0c4.jpg?1783906601"", 1)","FIN","0147","Basic/Non-foil","Non-Foil, Traditional Foil","Standard","FF6","Uncommon","Instant","R","No",0,0,0,0,"Near Mint (NM)",0.33,0.37,""
"Overflowing Basin","","=IMAGE(""https://cards.scryfall.io/normal/front/2/d/2d0812ef-a3b7-49d0-b1b8-ec0c8891b887.jpg?1783906214"", 1)","FIC","0410","Surge Foil","Surge Foil","Standard","FF10","Rare","Land","GU","No",0,0,0,0,"Near Mint (NM)",0.3,"",""
"Overkill","","=IMAGE(""https://cards.scryfall.io/normal/front/a/e/ae075e71-d33d-4d6c-b4a5-0b47dd6fd196.jpg?1783906615"", 1)","FIN","0109","Basic/Non-foil","Non-Foil, Traditional Foil","Standard","FF10","Uncommon","Instant","B","No",0,0,0,0,"Near Mint (NM)",0.28,0.41,""
"Palace Jailer","","=IMAGE(""https://cards.scryfall.io/normal/front/9/f/9f129968-0af6-4ae4-a0c3-6f911a7bae22.jpg?1783906286"", 1)","FIC","0247","Surge Foil","Surge Foil","Standard","FF6","Uncommon","Creature — Human Soldier","W","No",0,0,0,0,"Near Mint (NM)",0.27,"",""
"Paladin's Arms","","=IMAGE(""https://cards.scryfall.io/normal/front/4/4/446506c5-5e1d-4b42-aef3-ea247d7881ef.jpg?1783906646"", 1)","FIN","0028","Basic/Non-foil","Non-Foil, Traditional Foil","Standard","FF14","Common","Artifact — Equipment","W","No",0,0,0,0,"Near Mint (NM)",0.18,0.3,""
"Papalymo Totolymo","","=IMAGE(""https://cards.scryfall.io/normal/front/0/b/0b876b1e-fcf4-4e5c-81b0-1080ac8099ed.jpg?1783906343"", 1)","FIC","0090","Surge Foil","Surge Foil","Standard","FF14","Rare","Legendary Creature — Dwarf Wizard","BW","No",0,0,0,0,"Near Mint (NM)",0.3,"",""
"Papalymo Totolymo","","=IMAGE(""https://cards.scryfall.io/normal/front/7/a/7a3ebe5c-d34a-4e47-a060-76f6700af12d.jpg?1783906313"", 1)","FIC","0180","Basic/Non-foil","Non-Foil, Traditional Foil","Extended Art","FF14","Rare","Legendary Creature — Dwarf Wizard","BW","No",0,0,0,0,"Near Mint (NM)",0.59,5.54,""
"Path of Ancestry","","=IMAGE(""https://cards.scryfall.io/normal/front/4/d/4dd83a5d-1908-4141-8449-fac5e77cd6c0.jpg?1783906213"", 1)","FIC","0411","Surge Foil","Surge Foil","Standard","FF7","Common","Land","Colorless","No",0,0,0,0,"Near Mint (NM)",0.26,"",""
"Path of Discovery","","=IMAGE(""https://cards.scryfall.io/normal/front/a/d/ad09a5c2-3081-4d5d-9c0f-037e045e9045.jpg?1783906256"", 1)","FIC","0312","Surge Foil","Surge Foil","Standard","FF10","Rare","Enchantment","G","No",0,0,0,0,"Near Mint (NM)",0.28,"",""
"Path to Exile","","=IMAGE(""https://cards.scryfall.io/normal/front/b/b/bba46570-dca2-4849-966a-0972e6a4c506.jpg?1783906287"", 1)","FIC","0248","Surge Foil","Surge Foil","Standard","FF10","Uncommon","Instant","W","No",0,0,0,0,"Near Mint (NM)",1.28,"",""
"Phantom Train","","=IMAGE(""https://cards.scryfall.io/normal/front/7/a/7a50d2ac-101d-41e1-b400-18fa7d2d7125.jpg?1783906616"", 1)","FIN","0110","Basic/Non-foil","Non-Foil, Traditional Foil","Standard","FF6","Uncommon","Artifact — Vehicle","B","No",0,0,0,0,"Near Mint (NM)",0.21,0.3,""
"Phoenix Down","","=IMAGE(""https://cards.scryfall.io/normal/front/6/2/62e299b0-9ef6-49d3-aa79-384325fed89e.jpg?1783906645"", 1)","FIN","0029","Basic/Non-foil","Non-Foil, Traditional Foil","Standard","FF6","Uncommon","Artifact","W","No",0,0,0,0,"Near Mint (NM)",0.17,0.31,""
"Phoenix Down","","=IMAGE(""https://cards.scryfall.io/normal/front/d/e/de3b9b08-f430-4f01-8a42-3a9f1415eee0.jpg?1783906430"", 1)","FIN","0578","Surge Foil","Surge Foil","Standard","FF6","Uncommon","Artifact","W","No",0,0,0,0,"Near Mint (NM)","",3.43,""
"Pitiless Plunderer","","=IMAGE(""https://cards.scryfall.io/normal/front/8/b/8ba8b02a-8a05-40cd-8b83-51fd0cc0a7a5.jpg?1783906270"", 1)","FIC","0281","Surge Foil","Surge Foil","Standard","FF6","Uncommon","Creature — Human Pirate","B","No",0,0,0,0,"Near Mint (NM)",4.8,"",""
"Plains","","=IMAGE(""https://cards.scryfall.io/normal/front/a/8/a8d4a0cf-9bbc-43da-a88c-47cb43fe13af.jpg?1783904643"", 1)","FIC","0478","Wave Foil","Wave Foil","Standard","FF8","Common","Basic Land — Plains","W","No",0,0,0,0,"Near Mint (NM)","",5.54,""
"Plains","","=IMAGE(""https://cards.scryfall.io/normal/front/9/d/9dd2d666-7c6b-48ce-93dc-c004ebdd1fe9.jpg?1783906546"", 1)","FIN","0294","Basic/Non-foil","Non-Foil, Traditional Foil","Standard","FF12","Common","Basic Land — Plains","W","No",0,0,0,0,"Near Mint (NM)",0.24,0.24,""
"Plains","","=IMAGE(""https://cards.scryfall.io/normal/front/e/6/e623b058-76d2-476b-9ee6-82807f7992c3.jpg?1783906544"", 1)","FIN","0295","Basic/Non-foil","Non-Foil, Traditional Foil","Standard","FF7","Common","Basic Land — Plains","W","No",0,0,0,0,"Near Mint (NM)",0.28,0.24,""
"Plains","","=IMAGE(""https://cards.scryfall.io/normal/front/e/e/ee86ac2f-f398-4422-8721-8ac859fbf5bc.jpg?1783906544"", 1)","FIN","0296","Basic/Non-foil","Non-Foil, Traditional Foil","Standard","FF15","Common","Basic Land — Plains","W","No",0,0,0,0,"Near Mint (NM)",0.2,0.32,""
"Plains","","=IMAGE(""https://cards.scryfall.io/normal/front/d/e/dec72b07-8f41-4d42-a455-794bf106302c.jpg?1783906432"", 1)","FIN","0572","Surge Foil","Surge Foil","Showcase","FF7","Common","Basic Land — Plains","W","No",0,0,0,0,"Near Mint (NM)","",0.82,""
"Poison the Waters","","=IMAGE(""https://cards.scryfall.io/normal/front/f/f/ff2bafe7-4d0f-464d-b7ba-55a54366fc68.jpg?1783906615"", 1)","FIN","0111","Basic/Non-foil","Non-Foil, Traditional Foil","Standard","FF6","Uncommon","Sorcery","B","No",0,0,0,0,"Near Mint (NM)",0.17,0.26,""
"Port Town","","=IMAGE(""https://cards.scryfall.io/normal/front/f/1/f1ac3b7f-a1db-49df-ba02-fc80cb2f70af.jpg?1783906212"", 1)","FIC","0412","Surge Foil","Surge Foil","Standard","FF10","Rare","Land","UW","No",0,0,0,0,"Near Mint (NM)",0.32,"",""
"Prairie Stream","","=IMAGE(""https://cards.scryfall.io/normal/front/c/e/ce3a0ad9-6b7a-470c-8e49-4121fea72c89.jpg?1783906213"", 1)","FIC","0413","Surge Foil","Surge Foil","Standard","FF14","Rare","Land — Plains Island","UW","No",0,0,0,0,"Near Mint (NM)",0.35,"",""
"Priest of Fell Rites","","=IMAGE(""https://cards.scryfall.io/normal/front/1/1/1131c841-d736-4c97-9c80-7e61fa30079d.jpg?1783906247"", 1)","FIC","0328","Surge Foil","Surge Foil","Standard","FF6","Rare","Creature — Human Warlock","BW","No",0,0,0,0,"Near Mint (NM)",0.26,"",""
"Astral Titan","Primeval Titan","=IMAGE(""https://cards.scryfall.io/normal/front/9/7/972dfe0d-1f8a-4e18-bcd8-c1ff6266c01a.jpg?1783906380"", 1)","FCA","0048","Basic/Non-foil","Non-Foil, Traditional Foil","Borderless","FF15","Rare","Creature — Giant","G","No",0,0,0,0,"Near Mint (NM)",4.44,22.49,""
"Prishe's Wanderings","","=IMAGE(""https://cards.scryfall.io/normal/front/d/6/d6e1dee0-e2cd-4899-a3ea-7d0df717c9ab.jpg?1783906584"", 1)","FIN","0193","Basic/Non-foil","Non-Foil, Traditional Foil","Standard","FF11","Common","Instant","G","No",0,0,0,0,"Near Mint (NM)",0.19,0.23,""
"Professional Face-Breaker","","=IMAGE(""https://cards.scryfall.io/normal/front/d/5/d5a53791-d4e9-49e9-9daf-c8b378925afe.jpg?1783906267"", 1)","FIC","0296","Surge Foil","Surge Foil","Standard","FF7","Rare","Creature — Human Warrior","R","No",0,0,0,0,"Near Mint (NM)",6.06,"",""
"Professor Hojo","","=IMAGE(""https://cards.scryfall.io/normal/front/1/0/107ffe2e-47eb-43de-bc9e-c68013b62912.jpg?1783906351"", 1)","FIC","0069","Surge Foil","Surge Foil","Standard","FF7","Rare","Legendary Creature — Human Scientist","G","No",0,0,0,0,"Near Mint (NM)",0.22,"",""
"Professor Hojo","","=IMAGE(""https://cards.scryfall.io/normal/front/1/c/1c43fe9e-7869-4f11-8fc1-b11caa8c3636.jpg?1783906318"", 1)","FIC","0161","Basic/Non-foil","Non-Foil, Traditional Foil","Extended Art","FF7","Rare","Legendary Creature — Human Scientist","G","No",0,0,0,0,"Near Mint (NM)",0.51,4.47,""
"Promise of Loyalty","","=IMAGE(""https://cards.scryfall.io/normal/front/2/c/2c6e2b9e-2efb-42f1-9898-77918a7bb1b2.jpg?1783906285"", 1)","FIC","0249","Surge Foil","Surge Foil","Standard","FF10","Rare","Sorcery","W","No",0,0,0,0,"Near Mint (NM)",0.3,"",""
"Prompto Argentum","","=IMAGE(""https://cards.scryfall.io/normal/front/4/c/4c617bcd-05f8-40c2-bb38-489bc863ce6b.jpg?1783906601"", 1)","FIN","0148","Basic/Non-foil","Non-Foil, Traditional Foil","Standard","FF15","Uncommon","Legendary Creature — Human Scout","R","No",0,0,0,0,"Near Mint (NM)",0.19,0.21,""
"Prompto Argentum","","=IMAGE(""https://cards.scryfall.io/normal/front/d/8/d8f9b257-6491-46d2-be41-846ab4c39d5e.jpg?1783906506"", 1)","FIN","0387","Basic/Non-foil","Non-Foil, Traditional Foil","Borderless","FF15","Uncommon","Legendary Creature — Human Scout","R","No",0,0,0,0,"Near Mint (NM)",0.37,0.34,""
"Prompto Argentum","","=IMAGE(""https://cards.scryfall.io/normal/front/5/e/5ee02af5-cb6c-43a3-8a1d-7e8630a90739.jpg?1783906476"", 1)","FIN","0463","Basic/Non-foil","Non-Foil, Traditional Foil","Extended Art","FF15","Uncommon","Legendary Creature — Human Scout","R","No",0,0,0,0,"Near Mint (NM)",0.7,10.21,""
"Prompto Argentum","","=IMAGE(""https://cards.scryfall.io/normal/front/5/1/516105c2-462e-44e8-b412-5e9eb27ba040.jpg?1783906445"", 1)","FIN","0532","Surge Foil","Surge Foil","Borderless","FF15","Uncommon","Legendary Creature — Human Scout","R","No",0,0,0,0,"Near Mint (NM)","",2.45,""
"Propaganda","","=IMAGE(""https://cards.scryfall.io/normal/front/8/f/8fdbe10e-4a5c-43ee-abb5-20a8d5be9727.jpg?1783906281"", 1)","FIC","0268","Surge Foil","Surge Foil","Standard","FF14","Uncommon","Enchantment","U","No",0,0,0,0,"Near Mint (NM)",2.9,"",""
"Protection Magic","","=IMAGE(""https://cards.scryfall.io/normal/front/9/1/917e9267-010d-450c-ab98-6f861250c437.jpg?1783906366"", 1)","FIC","0024","Surge Foil","Surge Foil","Standard","FF10","Rare","Instant","W","No",0,0,0,0,"Near Mint (NM)",0.41,"",""
"Protection Magic","","=IMAGE(""https://cards.scryfall.io/normal/front/2/d/2d4f9623-fd04-4377-b7cf-fbd896ebe03f.jpg?1783906337"", 1)","FIC","0107","Basic/Non-foil","Non-Foil, Traditional Foil","Extended Art","FF10","Rare","Instant","W","No",0,0,0,0,"Near Mint (NM)",1.23,2.53,""
"Pull from Tomorrow","","=IMAGE(""https://cards.scryfall.io/normal/front/3/1/31d56cda-ee00-4037-a2e3-e17286750b0b.jpg?1783906275"", 1)","FIC","0269","Surge Foil","Surge Foil","Standard","FF10","Rare","Instant","U","No",0,0,0,0,"Near Mint (NM)",0.29,"",""
"Punchcard // Punchcard","","=IMAGE(""https://cards.scryfall.io/normal/front/c/4/c4e733b1-4422-4293-bd7c-abb3b37ed8e1.jpg?1783906142"", 1)","TFIN","0037","Basic/Non-foil","Non-Foil","Standard","Spin-Off / Multi-Game","Common","Card // Card","Colorless","No",0,0,0,0,"Near Mint (NM)","","",""
"PuPu UFO","","=IMAGE(""https://cards.scryfall.io/normal/front/9/8/989b52f7-d8a5-4488-9a5d-f14a1d48686d.jpg?1783906554"", 1)","FIN","0266","Basic/Non-foil","Non-Foil, Traditional Foil","Standard","FF8","Uncommon","Artifact Creature — Construct Alien","Colorless","No",0,0,0,0,"Near Mint (NM)",0.39,0.61,""
"Puresteel Paladin","","=IMAGE(""https://cards.scryfall.io/normal/front/b/7/b7f768ce-e30e-4da6-a2e3-3e67315b1766.jpg?1783906284"", 1)","FIC","0250","Surge Foil","Surge Foil","Standard","FF7","Rare","Creature — Human Knight","W","No",0,0,0,0,"Near Mint (NM)",0.75,"",""
"Kefka Palazzo","Purphoros, God of the Forge","=IMAGE(""https://cards.scryfall.io/normal/front/f/b/fbd25e79-d29b-4b51-9653-3932c980b931.jpg?1783906391"", 1)","FCA","0014","Basic/Non-foil","Non-Foil, Traditional Foil","Borderless","FF6","Mythic","Legendary Enchantment Creature — God","R","No",0,0,0,0,"Near Mint (NM)",30.89,144.35,""
"Qiqirn Merchant","","=IMAGE(""https://cards.scryfall.io/normal/front/a/7/a75a6ecc-a6a5-462c-bd92-ae57dde9b965.jpg?1783906631"", 1)","FIN","0065","Basic/Non-foil","Non-Foil, Traditional Foil","Standard","FF11","Common","Creature — Beast Citizen","U","No",0,0,0,0,"Near Mint (NM)",0.08,0.21,""
"Queen Brahne","","=IMAGE(""https://cards.scryfall.io/normal/front/c/3/c38c98bb-74c9-460f-9997-ea5c5f922347.jpg?1783906600"", 1)","FIN","0149","Basic/Non-foil","Non-Foil, Traditional Foil","Standard","FF9","Uncommon","Legendary Creature — Human Noble","R","No",0,0,0,0,"Near Mint (NM)",0.24,0.31,""
"Queen Brahne","","=IMAGE(""https://cards.scryfall.io/normal/front/5/9/5957ab2d-55ed-4160-8c78-8c70009c39d8.jpg?1783906476"", 1)","FIN","0464","Basic/Non-foil","Non-Foil, Traditional Foil","Extended Art","FF9","Uncommon","Legendary Creature — Human Noble","R","No",0,0,0,0,"Near Mint (NM)",1.99,23.11,""
"Quina, Qu Gourmet","","=IMAGE(""https://cards.scryfall.io/normal/front/4/f/4f352b5e-9731-4a8e-b872-db5d3bf32211.jpg?1783906584"", 1)","FIN","0194","Basic/Non-foil","Non-Foil, Traditional Foil","Standard","FF9","Uncommon","Legendary Creature — Qu","G","No",0,0,0,0,"Near Mint (NM)",0.28,0.37,""
"Quina, Qu Gourmet","","=IMAGE(""https://cards.scryfall.io/normal/front/0/2/0208a5a9-3a6f-44c5-9e46-24bdf924753c.jpg?1783906472"", 1)","FIN","0471","Basic/Non-foil","Non-Foil, Traditional Foil","Extended Art","FF9","Uncommon","Legendary Creature — Qu","G","No",0,0,0,0,"Near Mint (NM)",2.73,20.47,""
"Quina, Qu Gourmet // Quina, Qu Gourmet","","=IMAGE(""https://cards.scryfall.io/normal/front/d/9/d9ed7c22-12bc-488f-ba93-74b548228613.jpg?1783906420"", 1)","AFIN","0011","Basic/Non-foil","Non-Foil, Traditional Foil","Art Card","FF9","Common","Card // Card","Colorless","No",0,0,0,0,"Near Mint (NM)","","",""
"Quistis Trepe","","=IMAGE(""https://cards.scryfall.io/normal/front/6/1/61784cbd-92e9-43c7-a1a8-4004b1bf4dae.jpg?1783906632"", 1)","FIN","0066","Basic/Non-foil","Non-Foil, Traditional Foil","Standard","FF8","Uncommon","Legendary Creature — Human Wizard","U","No",0,0,0,0,"Near Mint (NM)",0.25,0.29,""
"Quistis Trepe","","=IMAGE(""https://cards.scryfall.io/normal/front/3/c/3cc379aa-6810-421d-a317-026867c4d245.jpg?1783906485"", 1)","FIN","0440","Basic/Non-foil","Non-Foil, Traditional Foil","Extended Art","FF8","Uncommon","Legendary Creature — Human Wizard","U","No",0,0,0,0,"Near Mint (NM)",2.53,36.96,""
"Qutrub Forayer","","=IMAGE(""https://cards.scryfall.io/normal/front/7/4/7475ecf6-23f5-45af-9ef0-ac7923bbc9cb.jpg?1783906614"", 1)","FIN","0112","Basic/Non-foil","Non-Foil, Traditional Foil","Standard","FF11","Common","Creature — Zombie Horror","B","No",0,0,0,0,"Near Mint (NM)",0.11,0.14,""
"Rabanastre, Royal City","","=IMAGE(""https://cards.scryfall.io/normal/front/c/4/c44c9bbe-f4c6-41cf-b3c3-b943f4011bc1.jpg?1783906547"", 1)","FIN","0287","Basic/Non-foil","Non-Foil, Traditional Foil","Standard","FF12","Common","Land — Town","RW","No",0,0,0,0,"Near Mint (NM)",0.16,0.23,""
"Rabanastre, Royal City // Rabanastre, Royal City","","=IMAGE(""https://cards.scryfall.io/normal/front/2/4/24c9126a-463b-4e5f-b456-a26fc36d3b22.jpg?1783906416"", 1)","AFIN","0018","Basic/Non-foil","Non-Foil, Traditional Foil","Art Card","FF12","Common","Card // Card","Colorless","No",0,0,0,0,"Near Mint (NM)","","",""
"Radiant Grove","","=IMAGE(""https://cards.scryfall.io/normal/front/9/7/977bf5a1-81f2-4c5b-a227-347bf8e19554.jpg?1783906212"", 1)","FIC","0414","Surge Foil","Surge Foil","Standard","FF10","Common","Land — Forest Plains","GW","No",0,0,0,0,"Near Mint (NM)",0.22,"",""
"Zidane Tribal","Ragavan, Nimble Pilferer","=IMAGE(""https://cards.scryfall.io/normal/front/a/7/a71d1ec3-2d7a-4749-8936-8bf7a8b83d84.jpg?1783906379"", 1)","FCA","0043","Basic/Non-foil","Non-Foil, Traditional Foil","Borderless","FF9","Mythic","Legendary Creature — Monkey Pirate","R","No",0,0,0,0,"Near Mint (NM)",42.67,168.18,""
"Ragnarok, Divine Deliverance","","=IMAGE(""https://cards.scryfall.io/normal/front/0/1/01c5bafe-c995-4cef-90fb-7ccb95858511.jpg?1783906622"", 1)","FIN","99b","Basic/Non-foil","Non-Foil, Traditional Foil","Standard","FF13","Uncommon","Legendary Creature — Beast Avatar","BG","No",0,0,0,0,"Near Mint (NM)","","",""
"Ragnarok, Divine Deliverance","","=IMAGE(""https://cards.scryfall.io/normal/front/0/f/0f40e47b-32ed-4846-92b3-cc54e89368fe.jpg?1783906513"", 1)","FIN","381b","Basic/Non-foil","Non-Foil, Traditional Foil","Borderless","FF13","Uncommon","Legendary Creature — Beast Avatar","BG","No",0,0,0,0,"Near Mint (NM)","","",""
"Ragnarok, Divine Deliverance","","=IMAGE(""https://cards.scryfall.io/normal/front/c/b/cbcde2c1-e973-4ec0-b333-d71fa7452ef1.jpg?1783906484"", 1)","FIN","446b","Basic/Non-foil","Non-Foil, Traditional Foil","Extended Art","FF13","Uncommon","Legendary Creature — Beast Avatar","BG","No",0,0,0,0,"Near Mint (NM)","","",""
"Ragnarok, Divine Deliverance","","=IMAGE(""https://cards.scryfall.io/normal/front/a/9/a951cc35-bd29-467f-b28c-5d57340e7450.jpg?1783906450"", 1)","FIN","526b","Surge Foil","Surge Foil","Borderless","FF13","Uncommon","Legendary Creature — Beast Avatar","BG","No",0,0,0,0,"Near Mint (NM)","","",""
"Rampant Growth","","=IMAGE(""https://cards.scryfall.io/normal/front/f/3/f3b48473-b53d-4c85-b970-7ee09a1eefd2.jpg?1783906256"", 1)","FIC","0313","Surge Foil","Surge Foil","Standard","FF7","Common","Sorcery","G","No",0,0,0,0,"Near Mint (NM)",0.4,"",""
"Rampant Rejuvenator","","=IMAGE(""https://cards.scryfall.io/normal/front/9/c/9ce2aa8e-b0c4-4e22-84eb-94b9e5ca6f76.jpg?1783906253"", 1)","FIC","0314","Surge Foil","Surge Foil","Standard","FF10","Rare","Creature — Plant Hydra","G","No",0,0,0,0,"Near Mint (NM)",0.3,"",""
"Random Encounter","","=IMAGE(""https://cards.scryfall.io/normal/front/3/6/3618e283-2df9-4eb9-97b0-96b55ee31cc0.jpg?1783906600"", 1)","FIN","0150","Basic/Non-foil","Non-Foil, Traditional Foil","Standard","FF2","Uncommon","Sorcery","R","No",0,0,0,0,"Near Mint (NM)",0.15,0.28,""
"Knights of San d'Oria","Ranger-Captain of Eos","=IMAGE(""https://cards.scryfall.io/normal/front/9/a/9af0b8d6-f41b-4aa3-ae32-1ef2d1d4bade.jpg?1783906394"", 1)","FCA","0002","Basic/Non-foil","Non-Foil, Traditional Foil","Borderless","FF11","Mythic","Creature — Human Soldier Ranger","W","No",0,0,0,0,"Near Mint (NM)",41.14,370.71,""
"Raubahn, Bull of Ala Mhigo","","=IMAGE(""https://cards.scryfall.io/normal/front/7/0/7035d11b-525f-4120-8dcb-610095196681.jpg?1783906599"", 1)","FIN","0151","Basic/Non-foil","Non-Foil, Traditional Foil","Standard","FF14","Rare","Legendary Creature — Human Warrior","R","No",0,0,0,0,"Near Mint (NM)",0.32,0.57,""
"Raubahn, Bull of Ala Mhigo","","=IMAGE(""https://cards.scryfall.io/normal/front/1/4/14154d2c-911a-433c-8f09-bddd41a2f65e.jpg?1783906175"", 1)","PFIN","151s","Promo","Traditional Foil, Promo","Standard","FF14","Rare","Legendary Creature — Human Warrior","R","No",0,0,0,0,"Near Mint (NM)","",4.65,""
"Raubahn, Bull of Ala Mhigo","","=IMAGE(""https://cards.scryfall.io/normal/front/9/0/90ee46cc-12fc-499f-8c13-a289d5fdbaba.jpg?1783906506"", 1)","FIN","0388","Basic/Non-foil","Non-Foil, Traditional Foil","Borderless","FF14","Rare","Legendary Creature — Human Warrior","R","No",0,0,0,0,"Near Mint (NM)",1.44,1.72,""
"Raubahn, Bull of Ala Mhigo","","=IMAGE(""https://cards.scryfall.io/normal/front/3/7/3732c276-3635-46e0-a46e-1b433501d3fd.jpg?1783906476"", 1)","FIN","0465","Basic/Non-foil","Non-Foil, Traditional Foil","Extended Art","FF14","Rare","Legendary Creature — Human Warrior","R","No",0,0,0,0,"Near Mint (NM)",1.21,8.43,""
"Raubahn, Bull of Ala Mhigo","","=IMAGE(""https://cards.scryfall.io/normal/front/3/a/3afa1696-e242-469f-b3ae-99109c4b36e0.jpg?1783906444"", 1)","FIN","0533","Surge Foil","Surge Foil","Borderless","FF14","Rare","Legendary Creature — Human Warrior","R","No",0,0,0,0,"Near Mint (NM)","",13.5,""
"Reach the Horizon","","=IMAGE(""https://cards.scryfall.io/normal/front/c/2/c25960e0-5779-4e20-89f3-03950ad9d91c.jpg?1783906583"", 1)","FIN","0195","Basic/Non-foil","Non-Foil, Traditional Foil","Standard","FF7","Uncommon","Sorcery","G","No",0,0,0,0,"Near Mint (NM)",0.23,0.32,""
"Reanimate","","=IMAGE(""https://cards.scryfall.io/normal/front/5/8/58838b71-404f-41ad-9a9b-2c7f875bab06.jpg?1783906269"", 1)","FIC","0282","Surge Foil","Surge Foil","Standard","FF6","Rare","Sorcery","B","No",0,0,0,0,"Near Mint (NM)",8.38,"",""
"Reaper's Scythe","","=IMAGE(""https://cards.scryfall.io/normal/front/e/1/e1e53ff2-c321-4fc8-b4d7-eb253d670c5b.jpg?1783906360"", 1)","FIC","0048","Surge Foil","Surge Foil","Standard","FF14","Rare","Artifact — Equipment","B","No",0,0,0,0,"Near Mint (NM)",0.23,"",""
"Reaper's Scythe","","=IMAGE(""https://cards.scryfall.io/normal/front/7/2/723d9139-d75e-42e9-8ffc-5df053096839.jpg?1783906334"", 1)","FIC","0117","Basic/Non-foil","Non-Foil, Traditional Foil","Extended Art","FF14","Rare","Artifact — Equipment","B","No",0,0,0,0,"Near Mint (NM)",0.44,1.09,""
"Rebel","","=IMAGE(""https://cards.scryfall.io/normal/front/6/a/6afbbdad-aeed-428a-b840-c33f59a18d0b.jpg?1783906141"", 1)","TFIC","0007","Surge Foil","Surge Foil","Standard","FF7","Common","Token Creature — Rebel","R","No",0,0,0,0,"Near Mint (NM)","","",""
"Red Mage's Rapier","","=IMAGE(""https://cards.scryfall.io/normal/front/e/0/e0579955-75f9-47a9-8b03-e287d120826a.jpg?1783906600"", 1)","FIN","0152","Basic/Non-foil","Non-Foil, Traditional Foil","Standard","FF1","Common","Artifact — Equipment","R","No",0,0,0,0,"Near Mint (NM)",0.22,0.28,""
"Red XIII, Proud Warrior","","=IMAGE(""https://cards.scryfall.io/normal/front/1/0/10407b26-be28-4628-9567-746681e5c834.jpg?1783906343"", 1)","FIC","0091","Surge Foil","Surge Foil","Standard","FF7","Rare","Legendary Creature — Beast Warrior","GR","No",0,0,0,0,"Near Mint (NM)",0.32,"",""
"Red XIII, Proud Warrior","","=IMAGE(""https://cards.scryfall.io/normal/front/4/6/46ae057f-ae57-4c22-be68-2ef6a26e4e6c.jpg?1783906311"", 1)","FIC","0181","Basic/Non-foil","Non-Foil, Traditional Foil","Extended Art","FF7","Rare","Legendary Creature — Beast Warrior","GR","No",0,0,0,0,"Near Mint (NM)",1.55,6.31,""
"Red XIII, Proud Warrior // Red XIII, Proud Warrior","","=IMAGE(""https://cards.scryfall.io/normal/front/2/6/2677ce15-1452-4514-adeb-f63ef6822ba7.jpg?1783906409"", 1)","AFIN","0030","Basic/Non-foil","Non-Foil, Traditional Foil","Art Card","FF7","Common","Card // Card","Colorless","No",0,0,0,0,"Near Mint (NM)","","",""
"Rejoin the Fight","","=IMAGE(""https://cards.scryfall.io/normal/front/f/3/f3140950-1ce2-41b8-91f9-da53bfbee963.jpg?1783906358"", 1)","FIC","0049","Surge Foil","Surge Foil","Standard","FF6","Rare","Sorcery","B","No",0,0,0,0,"Near Mint (NM)",0.21,"",""
"Rejoin the Fight","","=IMAGE(""https://cards.scryfall.io/normal/front/3/2/32f42de9-2eb3-4c11-aed1-7c0fb8768af1.jpg?1783906333"", 1)","FIC","0118","Basic/Non-foil","Non-Foil, Traditional Foil","Extended Art","FF6","Rare","Sorcery","B","No",0,0,0,0,"Near Mint (NM)",0.37,0.61,""
"Relentless X-ATM092","","=IMAGE(""https://cards.scryfall.io/normal/front/e/0/e09ee4c9-85ef-4d1e-864b-d659b8e8f51d.jpg?1783906553"", 1)","FIN","0268","Basic/Non-foil","Non-Foil, Traditional Foil","Standard","FF8","Uncommon","Artifact Creature — Robot Spider","Colorless","No",0,0,0,0,"Near Mint (NM)",0.21,0.29,""
"Relic of Legends","","=IMAGE(""https://cards.scryfall.io/normal/front/e/d/ed235727-7e60-4b37-8947-4b3613711c4d.jpg?1785650570"", 1)","FIC","0354","Surge Foil","Surge Foil","Standard","FF14","Uncommon","Artifact","Colorless","No",0,0,0,0,"Near Mint (NM)",1.15,"",""
"Relm's Sketching","","=IMAGE(""https://cards.scryfall.io/normal/front/6/a/6aedac12-3714-4a81-bd4d-1d2555c66f78.jpg?1783906632"", 1)","FIN","0067","Basic/Non-foil","Non-Foil, Traditional Foil","Standard","FF6","Uncommon","Sorcery","U","No",0,0,0,0,"Near Mint (NM)",0.28,0.34,""
"Reno and Rude","","=IMAGE(""https://cards.scryfall.io/normal/front/b/5/b5eb0064-c7c4-4e3e-add2-b86269de3fb9.jpg?1783906613"", 1)","FIN","0113","Basic/Non-foil","Non-Foil, Traditional Foil","Standard","FF7","Uncommon","Legendary Creature — Human Assassin","B","No",0,0,0,0,"Near Mint (NM)",0.2,0.23,""
"Reno and Rude","","=IMAGE(""https://cards.scryfall.io/normal/front/e/f/ef6a2ef4-4aa1-4037-89d5-50c4a6579371.jpg?1783906480"", 1)","FIN","0450","Basic/Non-foil","Non-Foil, Traditional Foil","Extended Art","FF7","Uncommon","Legendary Creature — Human Assassin","B","No",0,0,0,0,"Near Mint (NM)",1.63,17.73,""
"Resentful Revelation","","=IMAGE(""https://cards.scryfall.io/normal/front/9/4/945006ea-c6a1-4ee5-abb2-387c2b6d3123.jpg?1783906613"", 1)","FIN","0114","Basic/Non-foil","Non-Foil, Traditional Foil","Standard","FF7","Common","Sorcery","B","No",0,0,0,0,"Near Mint (NM)",0.27,0.22,""
"Resourceful Defense","","=IMAGE(""https://cards.scryfall.io/normal/front/f/e/fe1d5e11-0c74-4de0-a8be-428af44be684.jpg?1783906283"", 1)","FIC","0251","Surge Foil","Surge Foil","Standard","FF10","Rare","Enchantment","W","No",0,0,0,0,"Near Mint (NM)",0.38,"",""
"Restoration Magic","","=IMAGE(""https://cards.scryfall.io/normal/front/4/9/494e68e9-ecba-4482-82bc-207ad59144c1.jpg?1783906646"", 1)","FIN","0030","Basic/Non-foil","Non-Foil, Traditional Foil","Standard","FF5","Uncommon","Instant","W","No",0,0,0,0,"Near Mint (NM)",2.34,2.75,""
"Retrieve the Esper","","=IMAGE(""https://cards.scryfall.io/normal/front/e/b/ebd733f0-8883-434a-b36c-ef76b091fe8e.jpg?1783906632"", 1)","FIN","0068","Basic/Non-foil","Non-Foil, Traditional Foil","Standard","FF6","Common","Sorcery","U","No",0,0,0,0,"Near Mint (NM)",0.11,0.26,""
"Stay with Me","Rhystic Study","=IMAGE(""https://cards.scryfall.io/normal/front/c/d/cd212de7-25f6-4b3b-a35b-df7d87fe205b.jpg?1783906385"", 1)","FCA","0031","Basic/Non-foil","Non-Foil, Traditional Foil","Borderless","FF10","Mythic","Enchantment","U","No",0,0,0,0,"Near Mint (NM)",109.72,399.15,""
"Ride the Shoopuf","","=IMAGE(""https://cards.scryfall.io/normal/front/1/9/19ad36d6-8bf4-490c-9980-b98a470af892.jpg?1783906584"", 1)","FIN","0197","Basic/Non-foil","Non-Foil, Traditional Foil","Standard","FF10","Uncommon","Enchantment","G","No",0,0,0,0,"Near Mint (NM)",0.32,0.65,""
"Rikku, Resourceful Guardian","","=IMAGE(""https://cards.scryfall.io/normal/front/b/6/b62cd4af-7d7a-4b0b-b2d6-2086281c7b21.jpg?1783904646"", 1)","FIC","0468","Wave Foil","Wave Foil","Borderless","FF10","Rare","Legendary Creature — Human Artificer","U","No",0,0,0,0,"Near Mint (NM)","",105.4,""
"Rikku, Resourceful Guardian","","=IMAGE(""https://cards.scryfall.io/normal/front/d/3/d377cc5f-f6eb-4ed0-a358-af22245f3550.jpg?1783906360"", 1)","FIC","0041","Surge Foil","Surge Foil","Standard","FF10","Rare","Legendary Creature — Human Artificer","U","No",0,0,0,0,"Near Mint (NM)",0.35,"",""
"Rikku, Resourceful Guardian","","=IMAGE(""https://cards.scryfall.io/normal/front/f/9/f993e3dd-f275-452b-b883-b9d420a91ded.jpg?1783906323"", 1)","FIC","0145","Basic/Non-foil","Non-Foil, Traditional Foil","Extended Art","FF10","Rare","Legendary Creature — Human Artificer","U","No",0,0,0,0,"Near Mint (NM)",2.04,8.53,""
"Ring of the Lucii","","=IMAGE(""https://cards.scryfall.io/normal/front/7/5/75761f1e-9449-4c58-8265-8abac71dafc1.jpg?1783906553"", 1)","FIN","0269","Basic/Non-foil","Non-Foil, Traditional Foil","Standard","FF15","Uncommon","Legendary Artifact","Colorless","No",0,0,0,0,"Near Mint (NM)",0.27,0.34,""
"Rinoa, Angel Wing","","=IMAGE(""https://cards.scryfall.io/normal/front/7/6/76a9b08e-53f7-48d7-a024-3e2bf2318391.jpg?1783904654"", 1)","FIC","0450","Basic/Non-foil","Non-Foil, Traditional Foil","Borderless","FF8","Rare","Legendary Creature — Human Rebel Warlock","W","No",0,0,0,0,"Near Mint (NM)",8.37,8.87,""
"Rinoa, Angel Wing // Rinoa, Angel Wing","","=IMAGE(""https://cards.scryfall.io/normal/front/6/d/6d3909f0-1bd4-476c-af64-cf346eeaab0c.jpg?1783904667"", 1)","AFIC","0009","Basic/Non-foil","Non-Foil, Traditional Foil","Art Card","FF8","Common","Card // Card","Colorless","No",0,0,0,0,"Near Mint (NM)","","",""
"Rinoa Heartilly","","=IMAGE(""https://cards.scryfall.io/normal/front/b/a/ba79d293-bf42-48b6-a868-5249f4beeb76.jpg?1783906565"", 1)","FIN","0237","Basic/Non-foil","Non-Foil, Traditional Foil","Standard","FF8","Uncommon","Legendary Creature — Human Rebel Warlock","GW","No",0,0,0,0,"Near Mint (NM)",0.25,0.27,""
"Rinoa Heartilly","","=IMAGE(""https://cards.scryfall.io/normal/front/3/f/3f77c0f4-7a1b-496e-b030-55627446dfe3.jpg?1783906457"", 1)","FIN","0502","Basic/Non-foil","Non-Foil, Traditional Foil","Extended Art","FF8","Uncommon","Legendary Creature — Human Rebel Warlock","GW","No",0,0,0,0,"Near Mint (NM)",1.94,17.4,""
"Rise of the Dark Realms","","=IMAGE(""https://cards.scryfall.io/normal/front/9/5/953c7338-e30d-452c-89ff-0c5fca690b2f.jpg?1783906272"", 1)","FIC","0283","Surge Foil","Surge Foil","Standard","FF6","Mythic","Sorcery","B","No",0,0,0,0,"Near Mint (NM)",4.23,"",""
"Rite of Replication","","=IMAGE(""https://cards.scryfall.io/normal/front/e/1/e1d1c0ab-6f75-4144-baab-59b2194742f9.jpg?1783906278"", 1)","FIC","0270","Surge Foil","Surge Foil","Standard","FF14","Rare","Sorcery","U","No",0,0,0,0,"Near Mint (NM)",0.31,"",""
"Robot Warrior","","=IMAGE(""https://cards.scryfall.io/normal/front/c/2/c2b4e93b-6b27-4dd3-a6dd-a75d6fab14dc.jpg?1783906134"", 1)","TFIN","0012","Basic/Non-foil","Non-Foil, Traditional Foil","Standard","FF6","Common","Token Artifact Creature — Robot Warrior","U","No",0,0,0,0,"Near Mint (NM)","","",""
"Rogue's Passage","","=IMAGE(""https://cards.scryfall.io/normal/front/b/8/b8cd0293-d140-4f80-804c-019957c1f49a.jpg?1783906211"", 1)","FIC","0415","Surge Foil","Surge Foil","Standard","FF6","Uncommon","Land","Colorless","No",0,0,0,0,"Near Mint (NM)",0.43,"",""
"Rook Turret","","=IMAGE(""https://cards.scryfall.io/normal/front/4/5/4572884d-0c0e-41e7-b219-f76b95fdbd01.jpg?1783906631"", 1)","FIN","0069","Basic/Non-foil","Non-Foil, Traditional Foil","Standard","FF14","Common","Artifact Creature — Construct","U","No",0,0,0,0,"Near Mint (NM)",0.24,0.26,""
"Rootbound Crag","","=IMAGE(""https://cards.scryfall.io/normal/front/7/3/73a2e070-f375-4558-a982-01f6f4e902e9.jpg?1783906211"", 1)","FIC","0416","Surge Foil","Surge Foil","Standard","FF7","Rare","Land","GR","No",0,0,0,0,"Near Mint (NM)",0.3,"",""
"Rosa, Resolute White Mage","","=IMAGE(""https://cards.scryfall.io/normal/front/c/4/c44e0ad6-9f44-4e4c-8c3b-3ee99409a740.jpg?1783906436"", 1)","FIN","0555","Promo","Non-Foil","Standard","FF4","Rare","Legendary Creature — Human Noble Cleric","W","No",0,0,0,0,"Near Mint (NM)",3.38,"",""
"Rosa, Resolute White Mage","","=IMAGE(""https://cards.scryfall.io/normal/front/d/7/d7964800-1392-4bb8-84e2-c9f3938ceac3.jpg?1783906490"", 1)","FIN","0431","Basic/Non-foil","Non-Foil, Traditional Foil","Extended Art","FF4","Rare","Legendary Creature — Human Noble Cleric","W","No",0,0,0,0,"Near Mint (NM)",9.55,78.67,""
"Rufus Shinra","","=IMAGE(""https://cards.scryfall.io/normal/front/f/5/f5fff00b-c9a0-4e90-abc0-349f8716c885.jpg?1783906564"", 1)","FIN","0238","Basic/Non-foil","Non-Foil, Traditional Foil","Standard","FF7","Uncommon","Legendary Creature — Human Noble","BW","No",0,0,0,0,"Near Mint (NM)",0.17,0.26,""
"Rufus Shinra","","=IMAGE(""https://cards.scryfall.io/normal/front/5/d/5d49c95e-2398-4646-b9f1-44d0b73fc157.jpg?1783906457"", 1)","FIN","0503","Basic/Non-foil","Non-Foil, Traditional Foil","Extended Art","FF7","Uncommon","Legendary Creature — Human Noble","BW","No",0,0,0,0,"Near Mint (NM)",1.3,24.83,""
"Rugged Prairie","","=IMAGE(""https://cards.scryfall.io/normal/front/3/d/3d575770-cb81-4353-b49e-cdaca7a5162f.jpg?1783906211"", 1)","FIC","0417","Surge Foil","Surge Foil","Standard","FF7","Rare","Land","RW","No",0,0,0,0,"Near Mint (NM)",0.35,"",""
"Ruin Grinder","","=IMAGE(""https://cards.scryfall.io/normal/front/a/0/a0eafd12-c0c9-4fe3-a4bb-40ab7b64e47c.jpg?1783906263"", 1)","FIC","0297","Surge Foil","Surge Foil","Standard","FF6","Rare","Artifact Creature — Construct","R","No",0,0,0,0,"Near Mint (NM)",0.24,"",""
"Ruinous Ultimatum","","=IMAGE(""https://cards.scryfall.io/normal/front/9/3/930bc0f5-758a-49a7-ab23-5b74802bcddb.jpg?1783906247"", 1)","FIC","0329","Surge Foil","Surge Foil","Standard","FF6","Rare","Sorcery","BRW","No",0,0,0,0,"Near Mint (NM)",0.43,"",""
"Ruinous Ultimatum // Ruinous Ultimatum","","=IMAGE(""https://cards.scryfall.io/normal/front/6/1/610d926c-ca66-4006-9241-e153c4ea6eca.jpg?1783906408"", 1)","AFIN","0033","Basic/Non-foil","Non-Foil, Traditional Foil","Art Card","FF6","Common","Card // Card","Colorless","No",0,0,0,0,"Near Mint (NM)","","",""
"Rydia's Return","","=IMAGE(""https://cards.scryfall.io/normal/front/4/0/40a06165-2835-4610-86a1-7f684992fcf2.jpg?1783906582"", 1)","FIN","0198","Basic/Non-foil","Non-Foil, Traditional Foil","Standard","FF4","Uncommon","Sorcery","G","No",0,0,0,0,"Near Mint (NM)",0.19,0.28,""
"Rydia, Summoner of Mist","","=IMAGE(""https://cards.scryfall.io/normal/front/9/9/99450143-6ab5-463d-9e04-e8e6703a8b92.jpg?1783906564"", 1)","FIN","0239","Basic/Non-foil","Non-Foil, Traditional Foil","Standard","FF4","Uncommon","Legendary Creature — Human Shaman","GR","No",0,0,0,0,"Near Mint (NM)",0.28,0.32,""
"Rydia, Summoner of Mist","","=IMAGE(""https://cards.scryfall.io/normal/front/f/6/f67652be-9b37-41d0-93db-ba26f8a23186.jpg?1783906458"", 1)","FIN","0504","Basic/Non-foil","Non-Foil, Traditional Foil","Extended Art","FF4","Uncommon","Legendary Creature — Human Shaman","GR","No",0,0,0,0,"Near Mint (NM)",3.72,34.71,""
"Sabin, Master Monk","","=IMAGE(""https://cards.scryfall.io/normal/front/4/3/43bacd07-fdaf-4ce4-bf7a-dda55a99d460.jpg?1783906355"", 1)","FIC","0057","Surge Foil","Surge Foil","Standard","FF6","Rare","Legendary Creature — Human Noble Monk","R","No",0,0,0,0,"Near Mint (NM)",0.17,"",""
"Sabin, Master Monk","","=IMAGE(""https://cards.scryfall.io/normal/front/d/3/d34e4b6f-9b6d-4599-be08-05dc5a2a38a4.jpg?1783906321"", 1)","FIC","0154","Basic/Non-foil","Non-Foil, Traditional Foil","Extended Art","FF6","Rare","Legendary Creature — Human Noble Monk","R","No",0,0,0,0,"Near Mint (NM)",0.41,2.11,""
"Sabotender","","=IMAGE(""https://cards.scryfall.io/normal/front/1/2/12df1295-8b08-4c8e-bac9-55b4f514c0be.jpg?1783906599"", 1)","FIN","0153","Basic/Non-foil","Non-Foil, Traditional Foil","Standard","FF11","Common","Creature — Plant","R","No",0,0,0,0,"Near Mint (NM)",0.32,0.34,""
"Sacred Peaks","","=IMAGE(""https://cards.scryfall.io/normal/front/e/b/eb18e293-a58b-4a49-b601-88a30ffa9b99.jpg?1783906211"", 1)","FIC","0418","Surge Foil","Surge Foil","Standard","FF6","Common","Land — Mountain Plains","RW","No",0,0,0,0,"Near Mint (NM)",0.15,"",""
"Sage's Nouliths","","=IMAGE(""https://cards.scryfall.io/normal/front/a/1/a12ff7c3-6ae0-4098-9240-ff3fd16a5288.jpg?1783906631"", 1)","FIN","0070","Basic/Non-foil","Non-Foil, Traditional Foil","Standard","FF14","Common","Artifact — Equipment","U","No",0,0,0,0,"Near Mint (NM)",0.14,0.18,""
"Sage's Nouliths","","=IMAGE(""https://cards.scryfall.io/normal/front/a/c/ace9baac-4aa6-49ef-b85d-514de6e77043.jpg?1783906429"", 1)","FIN","0582","Surge Foil","Surge Foil","Standard","FF14","Common","Artifact — Equipment","U","No",0,0,0,0,"Near Mint (NM)","",1.29,""
"Sage's Nouliths // Sage's Nouliths","","=IMAGE(""https://cards.scryfall.io/normal/front/a/0/a0923d9e-efd8-4c02-b08c-631b1f94a5b9.jpg?1783906423"", 1)","AFIN","0005","Basic/Non-foil","Non-Foil, Traditional Foil","Art Card","FF14","Common","Card // Card","Colorless","No",0,0,0,0,"Near Mint (NM)","","",""
"Sahagin","","=IMAGE(""https://cards.scryfall.io/normal/front/5/1/516940c7-c271-4f64-af75-c7ba98548382.jpg?1783906629"", 1)","FIN","0071","Basic/Non-foil","Non-Foil, Traditional Foil","Standard","FF14","Common","Creature — Merfolk Warrior","U","No",0,0,0,0,"Near Mint (NM)",0.11,0.14,""
"Samurai's Katana","","=IMAGE(""https://cards.scryfall.io/normal/front/1/1/11f1d378-c78c-402a-ac46-2d32598c23e7.jpg?1783906598"", 1)","FIN","0154","Basic/Non-foil","Non-Foil, Traditional Foil","Standard","FF14","Uncommon","Artifact — Equipment","R","No",0,0,0,0,"Near Mint (NM)",0.18,0.31,""
"Sandworm","","=IMAGE(""https://cards.scryfall.io/normal/front/a/6/a6e021da-2397-4ad3-a07b-65c701df531a.jpg?1783906599"", 1)","FIN","0155","Basic/Non-foil","Non-Foil, Traditional Foil","Standard","FF5","Uncommon","Creature — Worm","R","No",0,0,0,0,"Near Mint (NM)",0.12,0.25,""
"Sazh Katzroy","","=IMAGE(""https://cards.scryfall.io/normal/front/1/e/1e2a3566-1390-457e-8077-d776a8671319.jpg?1783906583"", 1)","FIN","0199","Basic/Non-foil","Non-Foil, Traditional Foil","Standard","FF13","Rare","Legendary Creature — Human Pilot","G","No",0,0,0,0,"Near Mint (NM)",0.69,0.96,""
"Sazh Katzroy","","=IMAGE(""https://cards.scryfall.io/normal/front/d/0/d07ed4e3-8c45-4535-bb0b-3d3a6df673f4.jpg?1783906167"", 1)","PFIN","199s","Promo","Traditional Foil, Promo","Standard","FF13","Rare","Legendary Creature — Human Pilot","G","No",0,0,0,0,"Near Mint (NM)","",8.28,""
"Sazh Katzroy","","=IMAGE(""https://cards.scryfall.io/normal/front/3/6/366fbdb4-56b4-4dd1-8cc7-565786c71c24.jpg?1783906473"", 1)","FIN","0472","Basic/Non-foil","Non-Foil, Traditional Foil","Extended Art","FF13","Rare","Legendary Creature — Human Pilot","G","No",0,0,0,0,"Near Mint (NM)",2.98,20.14,""
"Sazh's Chocobo","","=IMAGE(""https://cards.scryfall.io/normal/front/d/d/dda6b4d0-1b60-46b0-b321-b9ffe15afff4.jpg?1783906582"", 1)","FIN","0200","Basic/Non-foil","Non-Foil, Traditional Foil","Standard","FF13","Uncommon","Creature — Bird","G","No",0,0,0,0,"Near Mint (NM)",0.79,1.18,""
"Scavenger Grounds","","=IMAGE(""https://cards.scryfall.io/normal/front/a/4/a4e3f65d-8d73-4fd1-9de4-813ba6e40940.jpg?1783906211"", 1)","FIC","0419","Surge Foil","Surge Foil","Standard","FF14","Rare","Land — Desert","Colorless","No",0,0,0,0,"Near Mint (NM)",0.31,"",""
"Scholar of New Horizons","","=IMAGE(""https://cards.scryfall.io/normal/front/9/9/99e1d96f-c326-49b2-9a24-6e3e5465047e.jpg?1783906283"", 1)","FIC","0252","Surge Foil","Surge Foil","Standard","FF10","Rare","Creature — Human Scout","W","No",0,0,0,0,"Near Mint (NM)",0.33,"",""
"Scorpion Sentinel","","=IMAGE(""https://cards.scryfall.io/normal/front/0/8/08ab5220-e5c1-472e-8217-97fd60e1773c.jpg?1783906630"", 1)","FIN","0072","Basic/Non-foil","Non-Foil, Traditional Foil","Standard","FF7","Common","Artifact Creature — Robot Scorpion","U","No",0,0,0,0,"Near Mint (NM)",0.09,0.18,""
"Search for Dagger","","=IMAGE(""https://cards.scryfall.io/normal/front/9/a/9adaef20-1d82-4941-b4bb-a037cf3d63db.jpg?1783904653"", 1)","FIC","0459","Basic/Non-foil","Non-Foil, Traditional Foil","Borderless","FF9","Rare","Enchantment","W","No",0,0,0,0,"Near Mint (NM)",4.31,2.24,""
"Search for Dagger // Search for Dagger","","=IMAGE(""https://cards.scryfall.io/normal/front/c/5/c53779b1-f96d-4f99-9d71-b1d706fd13a5.jpg?1783904662"", 1)","AFIC","0018","Basic/Non-foil","Non-Foil, Traditional Foil","Art Card","FF9","Common","Card // Card","Colorless","No",0,0,0,0,"Near Mint (NM)","","",""
"Seaside Citadel","","=IMAGE(""https://cards.scryfall.io/normal/front/a/4/a4fa7ef6-4a14-4820-b646-8945ff3b4786.jpg?1783906210"", 1)","FIC","0420","Surge Foil","Surge Foil","Standard","FF10","Uncommon","Land","GUW","No",0,0,0,0,"Near Mint (NM)",0.34,"",""
"Secret Rendezvous","","=IMAGE(""https://cards.scryfall.io/normal/front/3/2/3219a87c-1b92-4777-ac5d-c78f3ddf35d2.jpg?1783906300"", 1)","FIC","0217","Basic/Non-foil","Non-Foil, Traditional Foil","Standard","FF7","Uncommon","Sorcery","W","No",0,0,0,0,"Near Mint (NM)",5.22,3.44,""
"Secret Rendezvous","","=IMAGE(""https://cards.scryfall.io/normal/front/d/3/d325fef9-2422-4b35-8b3d-4ed3b2553392.jpg?1783906299"", 1)","FIC","0218","Basic/Non-foil","Non-Foil, Traditional Foil","Standard","FF7","Uncommon","Sorcery","W","No",0,0,0,0,"Near Mint (NM)",6.99,6.41,""
"Secret Rendezvous","","=IMAGE(""https://cards.scryfall.io/normal/front/1/f/1fed38d0-c32c-440c-9d99-ca3b48a34791.jpg?1783906296"", 1)","FIC","0219","Basic/Non-foil","Non-Foil, Traditional Foil","Standard","FF7","Uncommon","Sorcery","W","No",0,0,0,0,"Near Mint (NM)",3.23,2.4,""
"Secret Rendezvous","","=IMAGE(""https://cards.scryfall.io/normal/front/d/0/d09a77e7-649c-4f2c-bcd3-0598271e9373.jpg?1783906284"", 1)","FIC","0253","Surge Foil","Surge Foil","Standard","FF7","Uncommon","Sorcery","W","No",0,0,0,0,"Near Mint (NM)",0.34,"",""
"Seifer Almasy","","=IMAGE(""https://cards.scryfall.io/normal/front/9/c/9c776984-99ea-4181-ac95-78c41ba9d54f.jpg?1783906597"", 1)","FIN","0156","Basic/Non-foil","Non-Foil, Traditional Foil","Standard","FF8","Rare","Legendary Creature — Human Knight","R","No",0,0,0,0,"Near Mint (NM)",0.32,0.47,""
"Seifer Almasy","","=IMAGE(""https://cards.scryfall.io/normal/front/8/e/8e0122f1-2d6b-423e-ac62-ffa4822632ed.jpg?1783906175"", 1)","PFIN","156s","Promo","Traditional Foil, Promo","Standard","FF8","Rare","Legendary Creature — Human Knight","R","No",0,0,0,0,"Near Mint (NM)","",4.17,""
"Seifer Almasy","","=IMAGE(""https://cards.scryfall.io/normal/front/e/0/e0863980-7f20-4af0-8a5a-5504b2419f64.jpg?1783906506"", 1)","FIN","0389","Basic/Non-foil","Non-Foil, Traditional Foil","Borderless","FF8","Rare","Legendary Creature — Human Knight","R","No",0,0,0,0,"Near Mint (NM)",0.94,1.34,""
"Seifer Almasy","","=IMAGE(""https://cards.scryfall.io/normal/front/5/0/50467632-dddf-45ef-900e-9718f364cf9b.jpg?1783906475"", 1)","FIN","0466","Basic/Non-foil","Non-Foil, Traditional Foil","Extended Art","FF8","Rare","Legendary Creature — Human Knight","R","No",0,0,0,0,"Near Mint (NM)",1.14,6.21,""
"Seifer Almasy","","=IMAGE(""https://cards.scryfall.io/normal/front/0/a/0a38194e-44bb-4f79-9797-03cb733808d0.jpg?1783906443"", 1)","FIN","0534","Surge Foil","Surge Foil","Borderless","FF8","Rare","Legendary Creature — Human Knight","R","No",0,0,0,0,"Near Mint (NM)","",11.38,""
"Seifer, Balamb Rival","","=IMAGE(""https://cards.scryfall.io/normal/front/8/a/8a24c7c8-18c6-4e0d-b49b-05c19deaf31e.jpg?1783904653"", 1)","FIC","0451","Basic/Non-foil","Non-Foil, Traditional Foil","Borderless","FF8","Rare","Legendary Creature — Human Mercenary","BR","No",0,0,0,0,"Near Mint (NM)",2.92,2.18,""
"Seifer, Balamb Rival // Seifer, Balamb Rival","","=IMAGE(""https://cards.scryfall.io/normal/front/8/3/837a0a26-e32f-42ff-889b-50f7064c4793.jpg?1783904667"", 1)","AFIC","0010","Basic/Non-foil","Non-Foil, Traditional Foil","Art Card","FF8","Common","Card // Card","Colorless","No",0,0,0,0,"Near Mint (NM)","","",""
"Self-Destruct","","=IMAGE(""https://cards.scryfall.io/normal/front/7/6/7661003c-bf83-46bb-bcc0-8fbf5819ffa8.jpg?1783906597"", 1)","FIN","0157","Basic/Non-foil","Non-Foil, Traditional Foil","Standard","FF5","Uncommon","Instant","R","No",0,0,0,0,"Near Mint (NM)",0.28,0.31,""
"Sephiroth, Fabled SOLDIER // Sephiroth, Fabled SOLDIER","","=IMAGE(""https://cards.scryfall.io/normal/front/2/1/213c5d4c-20d3-4e86-b0b1-d572b468fd7b.jpg?1783906401"", 1)","AFIN","0044","Basic/Non-foil","Non-Foil, Traditional Foil","Art Card","FF7","Common","Card // Card","Colorless","No",0,0,0,0,"Near Mint (NM)","","",""
"Sephiroth, Fabled SOLDIER // Sephiroth, One-Winged Angel","","=IMAGE(""https://cards.scryfall.io/normal/front/8/5/85eaf5e7-77dc-4842-a70c-ce4ac7f724df.jpg?1783906617"", 1)","FIN","0115","Basic/Non-foil","Non-Foil, Traditional Foil","Standard","FF7","Mythic","Legendary Creature — Human Avatar Soldier // Legendary Creature — Angel Nightmare Avatar","B","No",0,0,0,0,"Near Mint (NM)",29.83,37.07,""
"Sephiroth, Fabled SOLDIER // Sephiroth, One-Winged Angel","","=IMAGE(""https://cards.scryfall.io/normal/front/7/f/7f31721a-8fd4-46ca-bef9-d24ad4663a58.jpg?1783906186"", 1)","PFIN","115s","Promo","Traditional Foil, Promo","Standard","FF7","Mythic","Legendary Creature — Human Avatar Soldier // Legendary Creature — Angel Nightmare Avatar","B","No",0,0,0,0,"Near Mint (NM)","",98.09,""
"Sephiroth, Fabled SOLDIER // Sephiroth, One-Winged Angel","","=IMAGE(""https://cards.scryfall.io/normal/front/8/3/83c82209-47d5-4c4c-b8ec-96ab907e15d3.jpg?1783906538"", 1)","FIN","0317","Basic/Non-foil","Non-Foil, Traditional Foil","Borderless","FF7","Mythic","Legendary Creature — Human Avatar Soldier // Legendary Creature — Angel Nightmare Avatar","B","No",0,0,0,0,"Near Mint (NM)",68.2,177.72,""
"Sephiroth, Fabled SOLDIER // Sephiroth, One-Winged Angel","","=IMAGE(""https://cards.scryfall.io/normal/front/f/1/f150d6e9-3da6-4655-9c63-dd34525d08a1.jpg?1783906514"", 1)","FIN","0382","Basic/Non-foil","Non-Foil, Traditional Foil","Borderless","FF7","Mythic","Legendary Creature — Human Avatar Soldier // Legendary Creature — Angel Nightmare Avatar","B","No",0,0,0,0,"Near Mint (NM)",65.74,114.77,""
"Sephiroth, Fabled SOLDIER // Sephiroth, One-Winged Angel","","=IMAGE(""https://cards.scryfall.io/normal/front/7/c/7cb5acb6-14af-4e17-8e6c-b44122bd81e4.jpg?1783906487"", 1)","FIN","0451","Basic/Non-foil","Non-Foil, Traditional Foil","Extended Art","FF7","Mythic","Legendary Creature — Human Avatar Soldier // Legendary Creature — Angel Nightmare Avatar","B","No",0,0,0,0,"Near Mint (NM)",41.89,164.23,""
"Sephiroth, Fabled SOLDIER // Sephiroth, One-Winged Angel","","=IMAGE(""https://cards.scryfall.io/normal/front/d/b/db95465a-2a58-44d7-9439-edd18c9505f0.jpg?1783906453"", 1)","FIN","0527","Surge Foil","Surge Foil","Borderless","FF7","Mythic","Legendary Creature — Human Avatar Soldier // Legendary Creature — Angel Nightmare Avatar","B","No",0,0,0,0,"Near Mint (NM)","",887.51,""
"Sephiroth, Fallen Hero","","=IMAGE(""https://cards.scryfall.io/normal/front/d/f/df919eb8-9eff-4777-9c46-94c795cda918.jpg?1783906343"", 1)","FIC","0092","Surge Foil","Surge Foil","Standard","FF7","Rare","Legendary Creature — Human Avatar Soldier","RW","No",0,0,0,0,"Near Mint (NM)",0.36,"",""
"Sephiroth, Fallen Hero","","=IMAGE(""https://cards.scryfall.io/normal/front/4/2/42edc09b-29e7-41d1-ad4b-b904f2976a66.jpg?1783906312"", 1)","FIC","0182","Basic/Non-foil","Non-Foil, Traditional Foil","Extended Art","FF7","Rare","Legendary Creature — Human Avatar Soldier","RW","No",0,0,0,0,"Near Mint (NM)",2.71,16.12,""
"Sephiroth, One-Winged Angel Emblem","","=IMAGE(""https://cards.scryfall.io/normal/front/0/3/03165625-1cb9-4e7b-85be-df400adc4487.jpg?1783906129"", 1)","TFIN","0024","Basic/Non-foil","Non-Foil, Traditional Foil","Standard","FF7","Common","Emblem","Colorless","No",0,0,0,0,"Near Mint (NM)","","",""
"Sephiroth, Planet's Heir","","=IMAGE(""https://cards.scryfall.io/normal/front/a/b/abd73e52-62f0-4e89-9dc6-90ff0bc2a9b7.jpg?1783906437"", 1)","FIN","0553","Promo","Traditional Foil","Standard","FF7","Mythic","Legendary Creature — Human Avatar Soldier","BU","No",0,0,0,0,"Near Mint (NM)","",0.52,""
"Sephiroth, Planet's Heir","","=IMAGE(""https://cards.scryfall.io/normal/front/b/0/b03e29e2-cfda-4284-8d30-0686c01e861e.jpg?1783906458"", 1)","FIN","0505","Basic/Non-foil","Non-Foil","Extended Art","FF7","Mythic","Legendary Creature — Human Avatar Soldier","BU","No",0,0,0,0,"Near Mint (NM)",11.82,"",""
"Sephiroth's Intervention","","=IMAGE(""https://cards.scryfall.io/normal/front/c/f/cf7df82f-937a-443f-813f-2bcc6944c5c0.jpg?1783906612"", 1)","FIN","0116","Basic/Non-foil","Non-Foil, Traditional Foil","Standard","FF7","Common","Instant","B","No",0,0,0,0,"Near Mint (NM)",0.17,0.21,""
"Sepulchral Primordial","","=IMAGE(""https://cards.scryfall.io/normal/front/4/a/4a4192e9-ba32-4801-a7f5-b4dad3559e4e.jpg?1783906270"", 1)","FIC","0284","Surge Foil","Surge Foil","Standard","FF6","Rare","Creature — Avatar","B","No",0,0,0,0,"Near Mint (NM)",0.32,"",""
"Serah Farron // Crystallized Serah","","=IMAGE(""https://cards.scryfall.io/normal/front/6/2/62fa74c0-43ae-445c-8039-ca9d00e9709a.jpg?1783906569"", 1)","FIN","0240","Basic/Non-foil","Non-Foil, Traditional Foil","Standard","FF13","Rare","Legendary Creature — Human Citizen // Legendary Artifact","GW","No",0,0,0,0,"Near Mint (NM)",0.62,1.12,""
"Serah Farron // Crystallized Serah","","=IMAGE(""https://cards.scryfall.io/normal/front/4/c/4cdc9ed5-afce-4d82-9b72-9c42f4031a7f.jpg?1783906162"", 1)","PFIN","240s","Promo","Traditional Foil, Promo","Standard","FF13","Rare","Legendary Creature — Human Citizen // Legendary Artifact","GW","No",0,0,0,0,"Near Mint (NM)","",8.93,""
"Serah Farron // Crystallized Serah","","=IMAGE(""https://cards.scryfall.io/normal/front/7/2/7224bb1b-167c-47e5-8314-84aebca054b6.jpg?1783906461"", 1)","FIN","0506","Basic/Non-foil","Non-Foil, Traditional Foil","Extended Art","FF13","Rare","Legendary Creature — Human Citizen // Legendary Artifact","GW","No",0,0,0,0,"Near Mint (NM)",4.88,53.87,""
"Setzer, Wandering Gambler","","=IMAGE(""https://cards.scryfall.io/normal/front/5/e/5e3e5b0f-c702-4671-ad95-ab0cda1ab83d.jpg?1783906343"", 1)","FIC","0093","Surge Foil","Surge Foil","Standard","FF6","Rare","Legendary Creature — Human Rogue Pilot","BR","No",0,0,0,0,"Near Mint (NM)",0.2,"",""
"Setzer, Wandering Gambler","","=IMAGE(""https://cards.scryfall.io/normal/front/0/e/0e5b6968-fff2-4227-9442-d2b5225b29e5.jpg?1783906311"", 1)","FIC","0183","Basic/Non-foil","Non-Foil, Traditional Foil","Extended Art","FF6","Rare","Legendary Creature — Human Rogue Pilot","BR","No",0,0,0,0,"Near Mint (NM)",0.45,2.41,""
"Seymour Flux","","=IMAGE(""https://cards.scryfall.io/normal/front/c/5/c5fdc78e-0815-443c-8c26-35387b6f4f37.jpg?1783906434"", 1)","FIN","0558","Promo","Non-Foil","Standard","FF10","Rare","Legendary Creature — Spirit Avatar","B","No",0,0,0,0,"Near Mint (NM)",0.31,"",""
"Seymour Flux","","=IMAGE(""https://cards.scryfall.io/normal/front/8/f/8fc42c17-a12b-42db-bb01-3e444ac2a376.jpg?1783906480"", 1)","FIN","0452","Basic/Non-foil","Non-Foil, Traditional Foil","Extended Art","FF10","Rare","Legendary Creature — Spirit Avatar","B","No",0,0,0,0,"Near Mint (NM)",2.41,13.36,""
"Shadowblood Ridge","","=IMAGE(""https://cards.scryfall.io/normal/front/4/d/4d02658c-bbe8-4673-8b44-0b24e0155a85.jpg?1783906210"", 1)","FIC","0421","Surge Foil","Surge Foil","Standard","FF6","Rare","Land","BR","No",0,0,0,0,"Near Mint (NM)",0.3,"",""
"Shadow, Mysterious Assassin","","=IMAGE(""https://cards.scryfall.io/normal/front/f/8/f88d81d9-8ded-4c20-8237-2218046595fb.jpg?1783906358"", 1)","FIC","0050","Surge Foil","Surge Foil","Standard","FF6","Rare","Legendary Creature — Human Assassin","B","No",0,0,0,0,"Near Mint (NM)",0.31,"",""
"Shadow, Mysterious Assassin","","=IMAGE(""https://cards.scryfall.io/normal/front/d/2/d2a400d2-cf8e-4be8-9eb8-46af1aa73698.jpg?1783906324"", 1)","FIC","0148","Basic/Non-foil","Non-Foil, Traditional Foil","Extended Art","FF6","Rare","Legendary Creature — Human Assassin","B","No",0,0,0,0,"Near Mint (NM)",0.9,6.16,""
"Shadow, Mysterious Assassin // Shadow, Mysterious Assassin","","=IMAGE(""https://cards.scryfall.io/normal/front/0/1/0141880e-ad53-4c5a-8435-2da9d92057ba.jpg?1783906412"", 1)","AFIN","0026","Basic/Non-foil","Non-Foil, Traditional Foil","Art Card","FF6","Common","Card // Card","Colorless","No",0,0,0,0,"Near Mint (NM)","","",""
"Shambling Cie'th","","=IMAGE(""https://cards.scryfall.io/normal/front/f/0/f02ce338-4fe2-44b0-a896-3ed7e6c874a3.jpg?1783906612"", 1)","FIN","0117","Basic/Non-foil","Non-Foil, Traditional Foil","Standard","FF13","Uncommon","Creature — Mutant Horror","B","No",0,0,0,0,"Near Mint (NM)",0.13,0.22,""
"Shantotto, Tactician Magician","","=IMAGE(""https://cards.scryfall.io/normal/front/e/f/eff984b2-6ea9-4471-91c5-99c47f87f10b.jpg?1783906563"", 1)","FIN","0241","Basic/Non-foil","Non-Foil, Traditional Foil","Standard","FF11","Uncommon","Legendary Creature — Dwarf Wizard","RU","No",0,0,0,0,"Near Mint (NM)",0.25,0.28,""
"Shantotto, Tactician Magician","","=IMAGE(""https://cards.scryfall.io/normal/front/d/1/d1e01457-1696-4313-b21e-36e088735b1f.jpg?1783906458"", 1)","FIN","0507","Basic/Non-foil","Non-Foil, Traditional Foil","Extended Art","FF11","Uncommon","Legendary Creature — Dwarf Wizard","RU","No",0,0,0,0,"Near Mint (NM)",1.15,9.9,""
"Shantotto, Tactician Magician // Shantotto, Tactician Magician","","=IMAGE(""https://cards.scryfall.io/normal/front/b/5/b5b6b3a2-3bbc-4f6a-9b59-db5e1e1e59eb.jpg?1783906418"", 1)","AFIN","0016","Basic/Non-foil","Non-Foil, Traditional Foil","Art Card","FF11","Common","Card // Card","Colorless","No",0,0,0,0,"Near Mint (NM)","","",""
"Sharlayan, Nation of Scholars","","=IMAGE(""https://cards.scryfall.io/normal/front/7/a/7a745b5e-cdb8-4d05-ac5c-87be69536da6.jpg?1783906545"", 1)","FIN","0288","Basic/Non-foil","Non-Foil, Traditional Foil","Standard","FF14","Common","Land — Town","UW","No",0,0,0,0,"Near Mint (NM)",0.17,0.27,""
"Shelinda, Yevon Acolyte","","=IMAGE(""https://cards.scryfall.io/normal/front/6/f/6f2cec5d-50ea-4d0f-8925-eba06222d015.jpg?1783906342"", 1)","FIC","0094","Surge Foil","Surge Foil","Standard","FF10","Rare","Legendary Creature — Human Cleric","GW","No",0,0,0,0,"Near Mint (NM)",0.23,"",""
"Shelinda, Yevon Acolyte","","=IMAGE(""https://cards.scryfall.io/normal/front/d/8/d87bd7f7-b56d-4cc0-98cc-2d035865c7b6.jpg?1783906310"", 1)","FIC","0184","Basic/Non-foil","Non-Foil, Traditional Foil","Extended Art","FF10","Rare","Legendary Creature — Human Cleric","GW","No",0,0,0,0,"Near Mint (NM)",0.48,2.67,""
"Shineshadow Snarl","","=IMAGE(""https://cards.scryfall.io/normal/front/e/4/e45eff2e-c624-4c59-b192-a9d7dc2eeeba.jpg?1783906211"", 1)","FIC","0422","Surge Foil","Surge Foil","Standard","FF14","Rare","Land","BW","No",0,0,0,0,"Near Mint (NM)",0.29,"",""
"Shinra Reinforcements","","=IMAGE(""https://cards.scryfall.io/normal/front/7/3/7367b257-1a8c-4593-a307-7116e36e0342.jpg?1783906612"", 1)","FIN","0118","Basic/Non-foil","Non-Foil, Traditional Foil","Standard","FF7","Common","Creature — Human Soldier","B","No",0,0,0,0,"Near Mint (NM)",0.1,0.27,""
"Sidequest: Card Collection // Magicked Card","","=IMAGE(""https://cards.scryfall.io/normal/front/8/a/8ac3d2c9-5978-4cfb-a746-c901decff093.jpg?1783906635"", 1)","FIN","0073","Basic/Non-foil","Non-Foil, Traditional Foil","Standard","FF14","Uncommon","Enchantment // Artifact — Vehicle","U","No",0,0,0,0,"Near Mint (NM)",0.16,0.25,""
"Sidequest: Catch a Fish // Cooking Campsite","","=IMAGE(""https://cards.scryfall.io/normal/front/b/d/bdb5452e-d97f-409b-91d0-2664f39b09b8.jpg?1783906651"", 1)","FIN","0031","Basic/Non-foil","Non-Foil, Traditional Foil","Standard","FF15","Uncommon","Enchantment // Land","W","No",0,0,0,0,"Near Mint (NM)",0.22,0.32,""
"Sidequest: Hunt the Mark // Yiazmat, Ultimate Mark","","=IMAGE(""https://cards.scryfall.io/normal/front/c/3/c3eb2ae5-10de-4c3d-91c8-8734befc80b2.jpg?1783906616"", 1)","FIN","0119","Basic/Non-foil","Non-Foil, Traditional Foil","Standard","FF12","Uncommon","Enchantment // Legendary Creature — Dragon","B","No",0,0,0,0,"Near Mint (NM)",0.18,0.29,""
"Sidequest: Hunt the Mark // Yiazmat, Ultimate Mark","","=IMAGE(""https://cards.scryfall.io/normal/front/d/e/de8067cc-3de3-43b2-8fcf-6dce6f4f7db1.jpg?1783906484"", 1)","FIN","0453","Basic/Non-foil","Non-Foil, Traditional Foil","Extended Art","FF12","Uncommon","Enchantment // Legendary Creature — Dragon","B","No",0,0,0,0,"Near Mint (NM)",1.07,19.29,""
"Sidequest: Play Blitzball // World Champion, Celestial Weapon","","=IMAGE(""https://cards.scryfall.io/normal/front/3/1/31e2ad37-73cf-4858-8a3a-fc1165cd21a7.jpg?1783906601"", 1)","FIN","0158","Basic/Non-foil","Non-Foil, Traditional Foil","Standard","FF10","Uncommon","Enchantment // Legendary Artifact — Equipment","R","No",0,0,0,0,"Near Mint (NM)",0.24,0.3,""
"Sidequest: Raise a Chocobo // Black Chocobo","","=IMAGE(""https://cards.scryfall.io/normal/front/0/c/0cbf911c-a721-4b84-8645-d83a0966be18.jpg?1783906586"", 1)","FIN","0201","Basic/Non-foil","Non-Foil, Traditional Foil","Standard","FF7","Uncommon","Enchantment // Creature — Bird","G","No",0,0,0,0,"Near Mint (NM)",0.28,0.34,""
"Siegfried, Famed Swordsman","","=IMAGE(""https://cards.scryfall.io/normal/front/6/9/69dadb0c-413e-4658-9cdc-23a65df7a800.jpg?1783906357"", 1)","FIC","0051","Surge Foil","Surge Foil","Standard","FF6","Rare","Legendary Creature — Human Warrior Rogue","B","No",0,0,0,0,"Near Mint (NM)",0.28,"",""
"Siegfried, Famed Swordsman","","=IMAGE(""https://cards.scryfall.io/normal/front/d/b/dba36096-75dd-47d6-b222-970b7450098c.jpg?1783906322"", 1)","FIC","0149","Basic/Non-foil","Non-Foil, Traditional Foil","Extended Art","FF6","Rare","Legendary Creature — Human Warrior Rogue","B","No",0,0,0,0,"Near Mint (NM)",0.45,3.66,""
"Sin, Spira's Punishment","","=IMAGE(""https://cards.scryfall.io/normal/front/6/5/659be746-bd31-4a70-8cec-7798da78b0b5.jpg?1783906563"", 1)","FIN","0242","Basic/Non-foil","Non-Foil, Traditional Foil","Standard","FF10","Rare","Legendary Creature — Leviathan Avatar","BGU","No",0,0,0,0,"Near Mint (NM)",0.35,0.77,""
"Sin, Spira's Punishment","","=IMAGE(""https://cards.scryfall.io/normal/front/7/f/7fbcb624-3521-44ec-8bf8-0c628c2a14c7.jpg?1783906157"", 1)","PFIN","242s","Promo","Traditional Foil, Promo","Standard","FF10","Rare","Legendary Creature — Leviathan Avatar","BGU","No",0,0,0,0,"Near Mint (NM)","",5.63,""
"Sin, Spira's Punishment","","=IMAGE(""https://cards.scryfall.io/normal/front/c/e/ce15bf1d-debf-4e0f-a69d-a57619d4b0ee.jpg?1783906524"", 1)","FIN","0348","Basic/Non-foil","Non-Foil, Traditional Foil","Borderless","FF10","Rare","Legendary Creature — Leviathan Avatar","BGU","No",0,0,0,0,"Near Mint (NM)",1.41,2.8,""
"Sin, Spira's Punishment","","=IMAGE(""https://cards.scryfall.io/normal/front/0/7/075dd582-61b7-45e9-9dcf-0b544b733e61.jpg?1783906457"", 1)","FIN","0508","Basic/Non-foil","Non-Foil, Traditional Foil","Extended Art","FF10","Rare","Legendary Creature — Leviathan Avatar","BGU","No",0,0,0,0,"Near Mint (NM)",1.1,10.89,""
"Sin, Spira's Punishment // Sin, Spira's Punishment","","=IMAGE(""https://cards.scryfall.io/normal/front/b/6/b65952d3-31ff-493f-85b3-82b15257158f.jpg?1783906408"", 1)","AFIN","0036","Basic/Non-foil","Non-Foil, Traditional Foil","Art Card","FF10","Common","Card // Card","Colorless","No",0,0,0,0,"Near Mint (NM)","","",""
"Sin, Unending Cataclysm","","=IMAGE(""https://cards.scryfall.io/normal/front/f/c/fc0474b7-3d32-49b4-80c7-822de6cdbfa6.jpg?1783906341"", 1)","FIC","0095","Surge Foil","Surge Foil","Standard","FF10","Rare","Legendary Creature — Leviathan Avatar","GU","No",0,0,0,0,"Near Mint (NM)",0.35,"",""
"Sin, Unending Cataclysm","","=IMAGE(""https://cards.scryfall.io/normal/front/8/e/8e6e92aa-43bc-4be5-97a5-0817e7c3c9a9.jpg?1783906309"", 1)","FIC","0185","Basic/Non-foil","Non-Foil, Traditional Foil","Extended Art","FF10","Rare","Legendary Creature — Leviathan Avatar","GU","No",0,0,0,0,"Near Mint (NM)",1.59,5.33,""
"Skullclamp","","=IMAGE(""https://cards.scryfall.io/normal/front/4/e/4e5d5649-3e30-4aca-80f8-5a7522d366da.jpg?1783906237"", 1)","FIC","0355","Surge Foil","Surge Foil","Standard","FF7","Uncommon","Artifact — Equipment","Colorless","No",0,0,0,0,"Near Mint (NM)",6.86,"",""
"Skycloud Expanse","","=IMAGE(""https://cards.scryfall.io/normal/front/0/9/0972c465-0369-4ac2-9912-2898fad1bdba.jpg?1783906210"", 1)","FIC","0423","Surge Foil","Surge Foil","Standard","FF14","Rare","Land","UW","No",0,0,0,0,"Near Mint (NM)",0.28,"",""
"Slash of Light","","=IMAGE(""https://cards.scryfall.io/normal/front/d/a/da6d9529-3cb0-4adc-8209-b9b02db3bf54.jpg?1783906645"", 1)","FIN","0032","Basic/Non-foil","Non-Foil, Traditional Foil","Standard","FF1","Common","Instant","W","No",0,0,0,0,"Near Mint (NM)",0.13,0.22,""
"Slayers' Stronghold","","=IMAGE(""https://cards.scryfall.io/normal/front/3/0/30d0754a-f7bb-4c13-b7e3-28046db48cc1.jpg?1783906208"", 1)","FIC","0424","Surge Foil","Surge Foil","Standard","FF7","Rare","Land","RW","No",0,0,0,0,"Near Mint (NM)",0.29,"",""
"Sleep Magic","","=IMAGE(""https://cards.scryfall.io/normal/front/c/9/c96cae63-7625-48e3-aaba-5b1632a8642d.jpg?1783906629"", 1)","FIN","0074","Basic/Non-foil","Non-Foil, Traditional Foil","Standard","FF9","Uncommon","Enchantment — Aura","U","No",0,0,0,0,"Near Mint (NM)",0.13,0.3,""
"Smoldering Marsh","","=IMAGE(""https://cards.scryfall.io/normal/front/7/d/7ddf0ca3-dc64-47ac-87b9-4bd85b173885.jpg?1783906208"", 1)","FIC","0425","Surge Foil","Surge Foil","Standard","FF6","Rare","Land — Swamp Mountain","BR","No",0,0,0,0,"Near Mint (NM)",0.3,"",""
"The Strahl","Smuggler's Copter","=IMAGE(""https://cards.scryfall.io/normal/front/d/0/d0e53c71-6a58-4ea1-a550-f3cbd749eafd.jpg?1783906375"", 1)","FCA","0062","Basic/Non-foil","Non-Foil, Traditional Foil","Borderless","FF12","Rare","Artifact — Vehicle","Colorless","No",0,0,0,0,"Near Mint (NM)",1.42,7.86,""
"Snapcaster Mage","","=IMAGE(""https://cards.scryfall.io/normal/front/4/7/4790a887-26dd-4a5f-9b85-10346cb6328b.jpg?1783904647"", 1)","FIC","0469","Wave Foil","Wave Foil","Borderless","FF14","Mythic","Creature — Human Wizard","U","No",0,0,0,0,"Near Mint (NM)","",149.67,""
"Snort","","=IMAGE(""https://cards.scryfall.io/normal/front/4/6/46f1179d-6e48-46ed-ab41-abddace7b5d4.jpg?1783906354"", 1)","FIC","0058","Surge Foil","Surge Foil","Standard","FF6","Rare","Sorcery","R","No",0,0,0,0,"Near Mint (NM)",0.3,"",""
"Snort","","=IMAGE(""https://cards.scryfall.io/normal/front/2/f/2fbe13c7-af6c-43f4-b947-f32ea48a0edb.jpg?1783906334"", 1)","FIC","0120","Basic/Non-foil","Non-Foil, Traditional Foil","Extended Art","FF6","Rare","Sorcery","R","No",0,0,0,0,"Near Mint (NM)",1.21,2.22,""
"Snow Villiers","","=IMAGE(""https://cards.scryfall.io/normal/front/3/9/399bb699-e61d-4b41-b6e9-e594cbad6194.jpg?1783906643"", 1)","FIN","0033","Basic/Non-foil","Non-Foil, Traditional Foil","Standard","FF13","Uncommon","Legendary Creature — Human Rebel Monk","W","No",0,0,0,0,"Near Mint (NM)",0.17,0.24,""
"Snow Villiers","","=IMAGE(""https://cards.scryfall.io/normal/front/8/f/8ff58500-479d-48d2-b84e-ff3cdb9d0154.jpg?1783906488"", 1)","FIN","0432","Basic/Non-foil","Non-Foil, Traditional Foil","Extended Art","FF13","Uncommon","Legendary Creature — Human Rebel Monk","W","No",0,0,0,0,"Near Mint (NM)",0.87,8.07,""
"Snuff Out","","=IMAGE(""https://cards.scryfall.io/normal/front/a/3/a3b1fc65-3620-4052-a1f8-1779d95029c7.jpg?1783906269"", 1)","FIC","0285","Surge Foil","Surge Foil","Standard","FF14","Common","Instant","B","No",0,0,0,0,"Near Mint (NM)",6.56,"",""
"Soldier","","=IMAGE(""https://cards.scryfall.io/normal/front/c/4/c459f2ec-2aa3-44f6-999f-b1467dd4e27c.jpg?1783906142"", 1)","TFIC","0002","Surge Foil","Surge Foil","Standard","FF7","Common","Token Creature — Soldier","W","No",0,0,0,0,"Near Mint (NM)","","",""
"SOLDIER Military Program","","=IMAGE(""https://cards.scryfall.io/normal/front/d/d/dddad2c2-bd19-42bd-aad6-bbf23ccef269.jpg?1783906364"", 1)","FIC","0025","Surge Foil","Surge Foil","Standard","FF7","Rare","Enchantment","W","No",0,0,0,0,"Near Mint (NM)",0.27,"",""
"SOLDIER Military Program","","=IMAGE(""https://cards.scryfall.io/normal/front/f/d/fda5e860-2d9c-4c7a-981a-86c58e59cd14.jpg?1783906338"", 1)","FIC","0108","Basic/Non-foil","Non-Foil, Traditional Foil","Extended Art","FF7","Rare","Enchantment","W","No",0,0,0,0,"Near Mint (NM)",0.54,0.99,""
"Solemn Simulacrum","","=IMAGE(""https://cards.scryfall.io/normal/front/6/4/64d2d473-9157-408a-b088-1489306c1912.jpg?1783906236"", 1)","FIC","0360","Surge Foil","Surge Foil","Standard","FF6","Rare","Artifact Creature — Golem","Colorless","No",0,0,0,0,"Near Mint (NM)",0.32,"",""
"Sol Ring","","=IMAGE(""https://cards.scryfall.io/normal/front/8/f/8fb860f9-3729-436e-adfb-c98c2a389d5d.jpg?1783906236"", 1)","FIC","0356","Surge Foil","Surge Foil","Standard","FF6","Uncommon","Artifact","Colorless","No",0,0,0,0,"Near Mint (NM)",1.6,"",""
"Sol Ring","","=IMAGE(""https://cards.scryfall.io/normal/front/d/1/d105068a-d4f1-4971-b5a0-72806a798497.jpg?1783906235"", 1)","FIC","0357","Surge Foil","Surge Foil","Standard","FF7","Uncommon","Artifact","Colorless","No",0,0,0,0,"Near Mint (NM)",1.57,"",""
"Sol Ring","","=IMAGE(""https://cards.scryfall.io/normal/front/9/a/9a34ac23-e318-4c0b-ab4c-e1eaa0e2547e.jpg?1783906235"", 1)","FIC","0358","Surge Foil","Surge Foil","Standard","FF10","Uncommon","Artifact","Colorless","No",0,0,0,0,"Near Mint (NM)",1.54,"",""
"Sol Ring","","=IMAGE(""https://cards.scryfall.io/normal/front/1/a/1abcafa9-0f27-482f-95a9-24520f0106b8.jpg?1783906235"", 1)","FIC","0359","Surge Foil","Surge Foil","Standard","FF14","Uncommon","Artifact","Colorless","No",0,0,0,0,"Near Mint (NM)",1.58,"",""
"Sorceress's Schemes","","=IMAGE(""https://cards.scryfall.io/normal/front/7/e/7efd7627-0754-4685-9d04-8f5f82f45632.jpg?1783906596"", 1)","FIN","0159","Basic/Non-foil","Non-Foil, Traditional Foil","Standard","FF8","Uncommon","Sorcery","R","No",0,0,0,0,"Near Mint (NM)",0.25,0.32,""
"Sorceress's Schemes // Sorceress's Schemes","","=IMAGE(""https://cards.scryfall.io/normal/front/c/8/c8e2bfb1-5a6a-4e49-a0ad-b7fae84890d1.jpg?1783906420"", 1)","AFIN","0009","Basic/Non-foil","Non-Foil, Traditional Foil","Art Card","FF8","Common","Card // Card","Colorless","No",0,0,0,0,"Near Mint (NM)","","",""
"Sphere Grid","","=IMAGE(""https://cards.scryfall.io/normal/front/5/1/51188b1d-cb45-40f7-a3c2-5652b0679e02.jpg?1783906351"", 1)","FIC","0070","Surge Foil","Surge Foil","Standard","FF10","Rare","Enchantment","G","No",0,0,0,0,"Near Mint (NM)",8.74,"",""
"Sphere Grid","","=IMAGE(""https://cards.scryfall.io/normal/front/0/6/064a1fc2-6983-4ebf-a0bc-524bc77682c2.jpg?1783906332"", 1)","FIC","0123","Basic/Non-foil","Non-Foil, Traditional Foil","Extended Art","FF10","Rare","Enchantment","G","No",0,0,0,0,"Near Mint (NM)",12.84,19.51,""
"Spire of Industry","","=IMAGE(""https://cards.scryfall.io/normal/front/6/0/60057719-f597-4f2e-a75c-663f98a08573.jpg?1783906209"", 1)","FIC","0426","Surge Foil","Surge Foil","Standard","FF7","Rare","Land","Colorless","No",0,0,0,0,"Near Mint (NM)",0.26,"",""
"Spirit","","=IMAGE(""https://cards.scryfall.io/normal/front/0/0/004f2ea4-0477-49b2-ad06-5aac7991103d.jpg?1783906143"", 1)","TFIC","0003","Surge Foil","Surge Foil","Standard","FF10","Common","Token Creature — Spirit","W","No",0,0,0,0,"Near Mint (NM)","","",""
"Squall, Gunblade Duelist","","=IMAGE(""https://cards.scryfall.io/normal/front/6/8/682b9f3c-960b-4600-b650-eefd588071d3.jpg?1783904653"", 1)","FIC","0453","Basic/Non-foil","Non-Foil, Traditional Foil","Borderless","FF8","Rare","Legendary Creature — Human Mercenary","BRW","No",0,0,0,0,"Near Mint (NM)",4.6,4.16,""
"Squall, Gunblade Duelist // Squall, Gunblade Duelist","","=IMAGE(""https://cards.scryfall.io/normal/front/d/f/df08fc22-2158-442a-96ac-60e7275bb9dd.jpg?1783904665"", 1)","AFIC","0012","Basic/Non-foil","Non-Foil, Traditional Foil","Art Card","FF8","Common","Card // Card","Colorless","No",0,0,0,0,"Near Mint (NM)","","",""
"Squall, SeeD Mercenary","","=IMAGE(""https://cards.scryfall.io/normal/front/c/c/cc4e5234-fb41-48f7-91f4-039710542bc3.jpg?1783906563"", 1)","FIN","0243","Basic/Non-foil","Non-Foil, Traditional Foil","Standard","FF8","Rare","Legendary Creature — Human Knight Mercenary","BW","No",0,0,0,0,"Near Mint (NM)",1.17,1.3,""
"Squall, SeeD Mercenary","","=IMAGE(""https://cards.scryfall.io/normal/front/a/c/acbb8887-03f7-47b0-9ab0-b887d1c253bc.jpg?1783906157"", 1)","PFIN","243s","Promo","Traditional Foil, Promo","Standard","FF8","Rare","Legendary Creature — Human Knight Mercenary","BW","No",0,0,0,0,"Near Mint (NM)","",11.46,""
"Squall, SeeD Mercenary","","=IMAGE(""https://cards.scryfall.io/normal/front/8/8/883c6111-c921-4cd6-930d-4fa335ef2871.jpg?1783906500"", 1)","FIN","0402","Basic/Non-foil","Non-Foil, Traditional Foil","Borderless","FF8","Rare","Legendary Creature — Human Knight Mercenary","BW","No",0,0,0,0,"Near Mint (NM)",4.95,7.79,""
"Squall, SeeD Mercenary","","=IMAGE(""https://cards.scryfall.io/normal/front/f/e/fef02132-34e6-4f3a-ac60-af3221a782b3.jpg?1783906456"", 1)","FIN","0509","Basic/Non-foil","Non-Foil, Traditional Foil","Extended Art","FF8","Rare","Legendary Creature — Human Knight Mercenary","BW","No",0,0,0,0,"Near Mint (NM)",3.04,16.05,""
"Squall, SeeD Mercenary","","=IMAGE(""https://cards.scryfall.io/normal/front/5/1/51df7137-8bfc-4140-b436-88834bd78b73.jpg?1783906439"", 1)","FIN","0547","Surge Foil","Surge Foil","Borderless","FF8","Rare","Legendary Creature — Human Knight Mercenary","BW","No",0,0,0,0,"Near Mint (NM)","",83.27,""
"Squall, SeeD Mercenary // Squall, SeeD Mercenary","","=IMAGE(""https://cards.scryfall.io/normal/front/2/5/25f3ad30-ea49-4f24-ad85-95959a4c9e1e.jpg?1783906401"", 1)","AFIN","0047","Basic/Non-foil","Non-Foil, Traditional Foil","Art Card","FF8","Common","Card // Card","Colorless","No",0,0,0,0,"Near Mint (NM)","","",""
"Squid","","=IMAGE(""https://cards.scryfall.io/normal/front/6/6/660d8e43-13e1-464b-b251-c7c2d77732ca.jpg?1783906141"", 1)","TFIC","0005","Surge Foil","Surge Foil","Standard","FF10","Common","Token Creature — Squid","U","No",0,0,0,0,"Near Mint (NM)","","",""
"Firion, Swordmaster","Sram, Senior Edificer","=IMAGE(""https://cards.scryfall.io/normal/front/0/8/084d7a61-ef18-42e3-8485-76ae9a36ef7b.jpg?1783906394"", 1)","FCA","0003","Basic/Non-foil","Non-Foil, Traditional Foil","Borderless","FF2","Rare","Legendary Creature — Dwarf Advisor","W","No",0,0,0,0,"Near Mint (NM)",6.7,41.51,""
"Starting Town","","=IMAGE(""https://cards.scryfall.io/normal/front/f/c/fc7d1912-7e27-49ef-bd98-375d975a42b0.jpg?1783906546"", 1)","FIN","0289","Basic/Non-foil","Non-Foil, Traditional Foil","Standard","FF1","Rare","Land — Town","Colorless","No",0,0,0,0,"Near Mint (NM)",10.4,15.13,""
"Starting Town","","=IMAGE(""https://cards.scryfall.io/normal/front/7/c/7cf8d52a-d503-4285-a909-380c3c619f91.jpg?1783906146"", 1)","PFIN","289s","Promo","Traditional Foil, Promo","Standard","FF1","Rare","Land — Town","Colorless","No",0,0,0,0,"Near Mint (NM)","",48.87,""
"Stiltzkin, Moogle Merchant","","=IMAGE(""https://cards.scryfall.io/normal/front/0/6/06a972a4-0c1b-4f12-a5a5-fdea47c4cd35.jpg?1783906644"", 1)","FIN","0034","Basic/Non-foil","Non-Foil, Traditional Foil","Standard","FF9","Rare","Legendary Creature — Moogle","W","No",0,0,0,0,"Near Mint (NM)",0.34,0.43,""
"Stiltzkin, Moogle Merchant","","=IMAGE(""https://cards.scryfall.io/normal/front/c/7/c7d9c54d-edec-40a8-82d8-b12cee7daa21.jpg?1783904642"", 1)","FIN","0565","Wave Foil","Wave Foil","Borderless","FF9","Rare","Legendary Creature — Moogle","W","No",0,0,0,0,"Near Mint (NM)","",24.79,""
"Stiltzkin, Moogle Merchant","","=IMAGE(""https://cards.scryfall.io/normal/front/f/b/fb059c1d-4fb5-4275-ae70-aec6b80b7535.jpg?1783906197"", 1)","PFIN","34s","Promo","Traditional Foil, Promo","Standard","FF9","Rare","Legendary Creature — Moogle","W","No",0,0,0,0,"Near Mint (NM)","",6.94,""
"Stiltzkin, Moogle Merchant","","=IMAGE(""https://cards.scryfall.io/normal/front/8/3/8347cb57-7c20-4085-83f3-bee35b55b3f1.jpg?1783906531"", 1)","FIN","0327","Basic/Non-foil","Non-Foil, Traditional Foil","Borderless","FF9","Rare","Legendary Creature — Moogle","W","No",0,0,0,0,"Near Mint (NM)",1.64,3.06,""
"Stiltzkin, Moogle Merchant","","=IMAGE(""https://cards.scryfall.io/normal/front/e/a/ea207686-faf2-4e60-a613-a6752a3d1ddf.jpg?1783906488"", 1)","FIN","0433","Basic/Non-foil","Non-Foil, Traditional Foil","Extended Art","FF9","Rare","Legendary Creature — Moogle","W","No",0,0,0,0,"Near Mint (NM)",1.05,5.28,""
"Stiltzkin, Moogle Merchant // Stiltzkin, Moogle Merchant","","=IMAGE(""https://cards.scryfall.io/normal/front/2/3/23aa866f-fe13-478c-9ec4-f99f8119b6d7.jpg?1783906426"", 1)","AFIN","0003","Basic/Non-foil","Non-Foil, Traditional Foil","Art Card","FF9","Common","Card // Card","Colorless","No",0,0,0,0,"Near Mint (NM)","","",""
"Stitcher's Supplier","","=IMAGE(""https://cards.scryfall.io/normal/front/f/a/fa6c734a-672b-44cb-9232-5688e3534ccc.jpg?1783906265"", 1)","FIC","0287","Surge Foil","Surge Foil","Standard","FF6","Uncommon","Creature — Zombie","B","No",0,0,0,0,"Near Mint (NM)",0.32,"",""
"Stitch Together","","=IMAGE(""https://cards.scryfall.io/normal/front/7/3/73f1aa13-b3bc-480e-826c-6bded7ee1ca6.jpg?1783906269"", 1)","FIC","0286","Surge Foil","Surge Foil","Standard","FF6","Uncommon","Sorcery","B","No",0,0,0,0,"Near Mint (NM)",0.42,"",""
"Stolen Uniform","","=IMAGE(""https://cards.scryfall.io/normal/front/0/d/0d80c511-2f4d-4f77-8143-7b49b2b19fae.jpg?1783906629"", 1)","FIN","0075","Basic/Non-foil","Non-Foil, Traditional Foil","Standard","FF6","Uncommon","Instant","U","No",0,0,0,0,"Near Mint (NM)",0.19,0.25,""
"Stolen Uniform","","=IMAGE(""https://cards.scryfall.io/normal/front/0/c/0cf03aad-0562-4d29-8c70-dc529c3a3961.jpg?1783906529"", 1)","FIN","0332","Basic/Non-foil","Non-Foil, Traditional Foil","Borderless","FF6","Uncommon","Instant","U","No",0,0,0,0,"Near Mint (NM)",0.3,0.45,""
"Strago and Relm","","=IMAGE(""https://cards.scryfall.io/normal/front/a/8/a8c971d0-9ac4-4b34-ae19-1152c1c9dac1.jpg?1783906354"", 1)","FIC","0059","Surge Foil","Surge Foil","Standard","FF6","Rare","Legendary Creature — Human Wizard","R","No",0,0,0,0,"Near Mint (NM)",0.28,"",""
"Strago and Relm","","=IMAGE(""https://cards.scryfall.io/normal/front/8/b/8b880c1a-b82d-42ae-aaaf-22cdc81fe891.jpg?1783906321"", 1)","FIC","0155","Basic/Non-foil","Non-Foil, Traditional Foil","Extended Art","FF6","Rare","Legendary Creature — Human Wizard","R","No",0,0,0,0,"Near Mint (NM)",0.49,2.0,""
"Luca Stadium","Strixhaven Stadium","=IMAGE(""https://cards.scryfall.io/normal/front/b/c/bcf0d751-5c47-4531-add4-acd07b82adf5.jpg?1783906375"", 1)","FCA","0063","Basic/Non-foil","Non-Foil, Traditional Foil","Borderless","FF10","Uncommon","Artifact","Colorless","No",0,0,0,0,"Near Mint (NM)",0.3,5.44,""
"Memories of Nibelheim","Stroke of Midnight","=IMAGE(""https://cards.scryfall.io/normal/front/7/1/711135d0-7769-4154-873a-e2505f8795f0.jpg?1783906389"", 1)","FCA","0026","Basic/Non-foil","Non-Foil, Traditional Foil","Borderless","FF7","Uncommon","Instant","W","No",0,0,0,0,"Near Mint (NM)",1.11,9.94,""
"Stuck in Summoner's Sanctum","","=IMAGE(""https://cards.scryfall.io/normal/front/6/6/6678501e-6349-4e37-ab4c-a31a3d408d52.jpg?1783906629"", 1)","FIN","0076","Basic/Non-foil","Non-Foil, Traditional Foil","Standard","FF10","Common","Enchantment — Aura","U","No",0,0,0,0,"Near Mint (NM)",0.14,0.3,""
"Sublime Epiphany","","=IMAGE(""https://cards.scryfall.io/normal/front/a/7/a71d0330-ae9b-48c4-802b-b2383958e0d4.jpg?1783906277"", 1)","FIC","0271","Surge Foil","Surge Foil","Standard","FF14","Rare","Instant","U","No",0,0,0,0,"Near Mint (NM)",0.27,"",""
"Sulfurous Springs","","=IMAGE(""https://cards.scryfall.io/normal/front/3/5/35b403ee-62cc-4f67-911e-4bf26e495374.jpg?1783906205"", 1)","FIC","0427","Surge Foil","Surge Foil","Standard","FF6","Rare","Land","BR","No",0,0,0,0,"Near Mint (NM)",1.13,"",""
"Summon: Anima","","=IMAGE(""https://cards.scryfall.io/normal/front/a/a/aa4f6703-21f8-4c29-ad5a-5afb54188ade.jpg?1783906610"", 1)","FIN","0120","Basic/Non-foil","Non-Foil, Traditional Foil","Standard","FF10","Uncommon","Enchantment Creature — Saga Horror","B","No",0,0,0,0,"Near Mint (NM)",0.25,0.27,""
"Summon: Anima","","=IMAGE(""https://cards.scryfall.io/normal/front/d/4/d4aa9f4e-cba9-41fa-8c65-3e263988f90d.jpg?1783906518"", 1)","FIN","0364","Basic/Non-foil","Non-Foil, Traditional Foil","Borderless","FF10","Uncommon","Enchantment Creature — Saga Horror","B","No",0,0,0,0,"Near Mint (NM)",0.56,0.65,""
"Summon: Bahamut","","=IMAGE(""https://cards.scryfall.io/normal/front/9/5/95318d85-4a08-47ac-a43d-ea83c0bea81c.jpg?1783906656"", 1)","FIN","0001","Basic/Non-foil","Non-Foil, Traditional Foil","Standard","FF10","Mythic","Enchantment Creature — Saga Dragon","Colorless","No",0,0,0,0,"Near Mint (NM)",22.59,26.23,""
"Summon: Bahamut","","=IMAGE(""https://cards.scryfall.io/normal/front/5/c/5c0e08d1-ecec-4577-b16e-a8d8478472a0.jpg?1783906200"", 1)","PFIN","1s","Promo","Traditional Foil, Promo","Standard","FF10","Mythic","Enchantment Creature — Saga Dragon","Colorless","No",0,0,0,0,"Near Mint (NM)","",50.0,""
"Summon: Bahamut","","=IMAGE(""https://cards.scryfall.io/normal/front/f/d/fd5cb1fc-71b2-4b05-abd3-c90e95c53ad1.jpg?1783906521"", 1)","FIN","0356","Basic/Non-foil","Non-Foil, Traditional Foil","Borderless","FF10","Mythic","Enchantment Creature — Saga Dragon","Colorless","No",0,0,0,0,"Near Mint (NM)",50.54,103.78,""
"Summon: Bahamut // Summon: Bahamut","","=IMAGE(""https://cards.scryfall.io/normal/front/a/3/a306d654-15ef-4bfa-8f16-972408963743.jpg?1783906407"", 1)","AFIN","0037","Basic/Non-foil","Non-Foil, Traditional Foil","Art Card","FF10","Common","Card // Card","Colorless","No",0,0,0,0,"Near Mint (NM)","","",""
"Summon: Brynhildr","","=IMAGE(""https://cards.scryfall.io/normal/front/8/a/8ab5429a-1075-49aa-9608-0610080fbf7a.jpg?1784182953"", 1)","FIN","0160","Basic/Non-foil","Non-Foil, Traditional Foil","Standard","FF13","Rare","Enchantment Creature — Saga Knight","R","No",0,0,0,0,"Near Mint (NM)",0.27,0.45,""
"Summon: Brynhildr","","=IMAGE(""https://cards.scryfall.io/normal/front/5/9/59d7c696-0ffa-4327-9045-eaefefcf4fe0.jpg?1783906174"", 1)","PFIN","160s","Promo","Traditional Foil, Promo","Standard","FF13","Rare","Enchantment Creature — Saga Knight","R","No",0,0,0,0,"Near Mint (NM)","",3.36,""
"Summon: Brynhildr","","=IMAGE(""https://cards.scryfall.io/normal/front/f/a/fac98745-a30e-4f64-be21-302c0d73d4f7.jpg?1783906517"", 1)","FIN","0366","Basic/Non-foil","Non-Foil, Traditional Foil","Borderless","FF13","Rare","Enchantment Creature — Saga Knight","R","No",0,0,0,0,"Near Mint (NM)",1.63,2.52,""
"Summon: Choco/Mog","","=IMAGE(""https://cards.scryfall.io/normal/front/0/0/00546117-018a-4286-bc20-b5446c5be56f.jpg?1784182958"", 1)","FIN","0035","Basic/Non-foil","Non-Foil, Traditional Foil","Standard","FF7","Common","Enchantment Creature — Saga Bird Moogle","W","No",0,0,0,0,"Near Mint (NM)",0.19,0.29,""
"Summon: Choco/Mog","","=IMAGE(""https://cards.scryfall.io/normal/front/b/9/b95481b1-1780-4cf9-b910-dd0a4461f818.jpg?1783906520"", 1)","FIN","0358","Basic/Non-foil","Non-Foil, Traditional Foil","Borderless","FF7","Common","Enchantment Creature — Saga Bird Moogle","W","No",0,0,0,0,"Near Mint (NM)",0.29,0.59,""
"Summoner's Grimoire","","=IMAGE(""https://cards.scryfall.io/normal/front/d/9/d9fda3fc-569d-49f8-a2ed-e0b1d6668426.jpg?1783906580"", 1)","FIN","0205","Basic/Non-foil","Non-Foil, Traditional Foil","Standard","FF14","Rare","Artifact — Book Equipment","G","No",0,0,0,0,"Near Mint (NM)",0.31,0.75,""
"Summoner's Grimoire","","=IMAGE(""https://cards.scryfall.io/normal/front/f/9/f9b9c711-9525-4206-8582-d9f12cdaa876.jpg?1783906167"", 1)","PFIN","205s","Promo","Traditional Foil, Promo","Standard","FF14","Rare","Artifact — Book Equipment","G","No",0,0,0,0,"Near Mint (NM)","",10.23,""
"Summoner's Sending","","=IMAGE(""https://cards.scryfall.io/normal/front/8/1/8150be1a-4bac-4c67-9165-9d6fc04a69cc.jpg?1783906365"", 1)","FIC","0029","Surge Foil","Surge Foil","Standard","FF10","Rare","Enchantment","W","No",0,0,0,0,"Near Mint (NM)",0.29,"",""
"Summoner's Sending","","=IMAGE(""https://cards.scryfall.io/normal/front/c/5/c539c201-64c2-475c-b934-8a738d071b02.jpg?1783906339"", 1)","FIC","0109","Basic/Non-foil","Non-Foil, Traditional Foil","Extended Art","FF10","Rare","Enchantment","W","No",0,0,0,0,"Near Mint (NM)",0.61,1.58,""
"Summon: Esper Ramuh","","=IMAGE(""https://cards.scryfall.io/normal/front/8/4/840659ee-1493-4190-a514-c2c9ae14e331.jpg?1783906596"", 1)","FIN","0161","Basic/Non-foil","Non-Foil, Traditional Foil","Standard","FF6","Uncommon","Enchantment Creature — Saga Wizard","R","No",0,0,0,0,"Near Mint (NM)",0.19,0.29,""
"Summon: Esper Ramuh","","=IMAGE(""https://cards.scryfall.io/normal/front/a/6/a6edb808-9753-4029-81ed-60a91ebc1d77.jpg?1783906518"", 1)","FIN","0367","Basic/Non-foil","Non-Foil, Traditional Foil","Borderless","FF6","Uncommon","Enchantment Creature — Saga Wizard","R","No",0,0,0,0,"Near Mint (NM)",0.32,0.43,""
"Summon: Esper Ramuh // Summon: Esper Ramuh","","=IMAGE(""https://cards.scryfall.io/normal/front/c/7/c74a6ccf-fd7e-4f53-aa14-e9cede3661e7.jpg?1783906402"", 1)","AFIN","0040","Basic/Non-foil","Non-Foil, Traditional Foil","Art Card","FF6","Common","Card // Card","Colorless","No",0,0,0,0,"Near Mint (NM)","","",""
"Summon: Esper Valigarmanda","","=IMAGE(""https://cards.scryfall.io/normal/front/7/f/7f0298b4-c7ca-49b8-baaa-b9fad4c2bfd5.jpg?1783906354"", 1)","FIC","0060","Surge Foil","Surge Foil","Standard","FF6","Rare","Enchantment Creature — Saga Drake","R","No",0,0,0,0,"Near Mint (NM)",0.24,"",""
"Summon: Esper Valigarmanda","","=IMAGE(""https://cards.scryfall.io/normal/front/e/3/e34b664c-2e80-4672-83ae-51babf28cf6c.jpg?1783906304"", 1)","FIC","0198","Basic/Non-foil","Non-Foil, Traditional Foil","Borderless","FF6","Rare","Enchantment Creature — Saga Drake","R","No",0,0,0,0,"Near Mint (NM)",3.29,6.18,""
"Summon: Fat Chocobo","","=IMAGE(""https://cards.scryfall.io/normal/front/3/2/32eb192b-de6b-4814-8077-628d343d014e.jpg?1784182967"", 1)","FIN","0202","Basic/Non-foil","Non-Foil, Traditional Foil","Standard","FF7","Common","Enchantment Creature — Saga Bird","G","No",0,0,0,0,"Near Mint (NM)",0.19,0.24,""
"Summon: Fat Chocobo","","=IMAGE(""https://cards.scryfall.io/normal/front/a/4/a44ae92c-4894-4172-82b3-11e2e94653ef.jpg?1783906515"", 1)","FIN","0371","Basic/Non-foil","Non-Foil, Traditional Foil","Borderless","FF7","Common","Enchantment Creature — Saga Bird","G","No",0,0,0,0,"Near Mint (NM)",0.38,0.54,""
"Summon: Fenrir","","=IMAGE(""https://cards.scryfall.io/normal/front/9/3/93feb9d5-d004-4598-a448-b3488c869c05.jpg?1783906581"", 1)","FIN","0203","Basic/Non-foil","Non-Foil, Traditional Foil","Standard","FF11","Uncommon","Enchantment Creature — Saga Wolf","G","No",0,0,0,0,"Near Mint (NM)",0.74,0.56,""
"Summon: Fenrir","","=IMAGE(""https://cards.scryfall.io/normal/front/4/1/412093fb-15c1-4b36-aa53-9484f955ee2c.jpg?1783906513"", 1)","FIN","0372","Basic/Non-foil","Non-Foil, Traditional Foil","Borderless","FF11","Uncommon","Enchantment Creature — Saga Wolf","G","No",0,0,0,0,"Near Mint (NM)",2.06,2.27,""
"Summon: G.F. Cerberus","","=IMAGE(""https://cards.scryfall.io/normal/front/d/0/d0e5cbd4-401b-4456-80bf-d90beadfd1f8.jpg?1784182970"", 1)","FIN","0162","Basic/Non-foil","Non-Foil, Traditional Foil","Standard","FF8","Rare","Enchantment Creature — Saga Dog","R","No",0,0,0,0,"Near Mint (NM)",0.25,0.47,""
"Summon: G.F. Cerberus","","=IMAGE(""https://cards.scryfall.io/normal/front/5/b/5bb06121-b390-4e3d-8822-4389570b0e15.jpg?1783906173"", 1)","PFIN","162s","Promo","Traditional Foil, Promo","Standard","FF8","Rare","Enchantment Creature — Saga Dog","R","No",0,0,0,0,"Near Mint (NM)","",3.3,""
"Summon: G.F. Cerberus","","=IMAGE(""https://cards.scryfall.io/normal/front/a/5/a5ad1e50-2bf1-4f43-9da4-62a89b521206.jpg?1783906517"", 1)","FIN","0368","Basic/Non-foil","Non-Foil, Traditional Foil","Borderless","FF8","Rare","Enchantment Creature — Saga Dog","R","No",0,0,0,0,"Near Mint (NM)",1.54,3.85,""
"Summon: G.F. Ifrit","","=IMAGE(""https://cards.scryfall.io/normal/front/c/6/c6c73092-5195-4bdc-b039-a699f6e297b2.jpg?1784182974"", 1)","FIN","0163","Basic/Non-foil","Non-Foil, Traditional Foil","Standard","FF8","Common","Enchantment Creature — Saga Demon","R","No",0,0,0,0,"Near Mint (NM)",0.18,0.28,""
"Summon: G.F. Ifrit","","=IMAGE(""https://cards.scryfall.io/normal/front/2/5/25c3ce9a-39e5-4273-ba67-224a837b75e7.jpg?1783906517"", 1)","FIN","0369","Basic/Non-foil","Non-Foil, Traditional Foil","Borderless","FF8","Common","Enchantment Creature — Saga Demon","R","No",0,0,0,0,"Near Mint (NM)",0.35,0.35,""
"Summon: Good King Mog XII","","=IMAGE(""https://cards.scryfall.io/normal/front/c/1/c14098d6-28ae-492f-8ffc-7d115d83ce6a.jpg?1783906365"", 1)","FIC","0026","Surge Foil","Surge Foil","Standard","FF14","Rare","Enchantment Creature — Saga Moogle","W","No",0,0,0,0,"Near Mint (NM)",0.4,"",""
"Summon: Good King Mog XII","","=IMAGE(""https://cards.scryfall.io/normal/front/3/a/3aabb93a-7fa2-4fb5-a683-db1d274ac367.jpg?1783906306"", 1)","FIC","0194","Basic/Non-foil","Non-Foil, Traditional Foil","Borderless","FF14","Rare","Enchantment Creature — Saga Moogle","W","No",0,0,0,0,"Near Mint (NM)",6.72,9.49,""
"Summon: Good King Mog XII // Summon: Good King Mog XII","","=IMAGE(""https://cards.scryfall.io/normal/front/6/7/674c5221-9726-4c37-822a-73e60fa55cfa.jpg?1783906402"", 1)","AFIN","0041","Basic/Non-foil","Non-Foil, Traditional Foil","Art Card","FF14","Common","Card // Card","Colorless","No",0,0,0,0,"Near Mint (NM)","","",""
"Summoning Materia","","=IMAGE(""https://cards.scryfall.io/normal/front/1/7/176401fb-f87c-4085-9dac-e6c8a843e32e.jpg?1783906350"", 1)","FIC","0072","Surge Foil","Surge Foil","Standard","FF7","Rare","Artifact — Equipment","G","No",0,0,0,0,"Near Mint (NM)",0.23,"",""
"Summoning Materia","","=IMAGE(""https://cards.scryfall.io/normal/front/c/b/cb916f4e-1aa4-4092-9dc6-7ba59fb87a05.jpg?1783906332"", 1)","FIC","0124","Basic/Non-foil","Non-Foil, Traditional Foil","Extended Art","FF7","Rare","Artifact — Equipment","G","No",0,0,0,0,"Near Mint (NM)",0.61,1.56,""
"Summon: Ixion","","=IMAGE(""https://cards.scryfall.io/normal/front/a/c/acb35dcb-0bee-4deb-88bf-ffa1f110c67b.jpg?1783906365"", 1)","FIC","0027","Surge Foil","Surge Foil","Standard","FF10","Rare","Enchantment Creature — Saga Unicorn","W","No",0,0,0,0,"Near Mint (NM)",0.32,"",""
"Summon: Ixion","","=IMAGE(""https://cards.scryfall.io/normal/front/9/2/92c0bfc2-ba98-48b6-82a4-95a2321c8df4.jpg?1783906306"", 1)","FIC","0195","Basic/Non-foil","Non-Foil, Traditional Foil","Borderless","FF10","Rare","Enchantment Creature — Saga Unicorn","W","No",0,0,0,0,"Near Mint (NM)",6.34,12.83,""
"Summon: Knights of Round","","=IMAGE(""https://cards.scryfall.io/normal/front/4/4/44d23652-077e-4c1f-b640-b284685db911.jpg?1783906644"", 1)","FIN","0036","Basic/Non-foil","Non-Foil, Traditional Foil","Standard","FF7","Mythic","Enchantment Creature — Saga Knight","W","No",0,0,0,0,"Near Mint (NM)",14.25,14.92,""
"Summon: Knights of Round","","=IMAGE(""https://cards.scryfall.io/normal/front/d/9/d9120fd0-f958-4ce3-82cd-0500d4549654.jpg?1783906194"", 1)","PFIN","36s","Promo","Traditional Foil, Promo","Standard","FF7","Mythic","Enchantment Creature — Saga Knight","W","No",0,0,0,0,"Near Mint (NM)","",38.58,""
"Summon: Knights of Round","","=IMAGE(""https://cards.scryfall.io/normal/front/b/8/b8a48466-6dc1-4874-9328-c7358e642f39.jpg?1783906519"", 1)","FIN","0359","Basic/Non-foil","Non-Foil, Traditional Foil","Borderless","FF7","Mythic","Enchantment Creature — Saga Knight","W","No",0,0,0,0,"Near Mint (NM)",24.6,33.96,""
"Summon: Kujata","","=IMAGE(""https://cards.scryfall.io/normal/front/b/a/ba934866-efd0-4126-b1ff-9c7e82b73bd6.jpg?1783906353"", 1)","FIC","0061","Surge Foil","Surge Foil","Standard","FF7","Rare","Enchantment Creature — Saga Ox","R","No",0,0,0,0,"Near Mint (NM)",0.24,"",""
"Summon: Kujata","","=IMAGE(""https://cards.scryfall.io/normal/front/a/4/a469904f-f144-4e70-b689-c7869e40bcb2.jpg?1783906305"", 1)","FIC","0199","Basic/Non-foil","Non-Foil, Traditional Foil","Borderless","FF7","Rare","Enchantment Creature — Saga Ox","R","No",0,0,0,0,"Near Mint (NM)",2.46,5.21,""
"Summon: Leviathan","","=IMAGE(""https://cards.scryfall.io/normal/front/e/a/ea7f26a9-b203-4ee7-88f1-3d9c77a25bcb.jpg?1783906627"", 1)","FIN","0077","Basic/Non-foil","Non-Foil, Traditional Foil","Standard","FF15","Rare","Enchantment Creature — Saga Leviathan","U","No",0,0,0,0,"Near Mint (NM)",1.11,1.93,""
"Summon: Leviathan","","=IMAGE(""https://cards.scryfall.io/normal/front/2/2/22281ba1-d509-4039-83c7-d912a1ce5ac4.jpg?1783906185"", 1)","PFIN","77s","Promo","Traditional Foil, Promo","Standard","FF15","Rare","Enchantment Creature — Saga Leviathan","U","No",0,0,0,0,"Near Mint (NM)","",6.1,""
"Summon: Leviathan","","=IMAGE(""https://cards.scryfall.io/normal/front/4/c/4c6738f5-55cb-48f0-8e70-296d1c549cd3.jpg?1783906518"", 1)","FIN","0361","Basic/Non-foil","Non-Foil, Traditional Foil","Borderless","FF15","Rare","Enchantment Creature — Saga Leviathan","U","No",0,0,0,0,"Near Mint (NM)",4.73,7.17,""
"Summon: Leviathan // Summon: Leviathan","","=IMAGE(""https://cards.scryfall.io/normal/front/7/e/7eb8d77f-8e60-47f7-8e5a-01baca70d554.jpg?1783906404"", 1)","AFIN","0038","Basic/Non-foil","Non-Foil, Traditional Foil","Art Card","FF15","Common","Card // Card","Colorless","No",0,0,0,0,"Near Mint (NM)","","",""
"Summon: Magus Sisters","","=IMAGE(""https://cards.scryfall.io/normal/front/7/6/76a8cae7-e6ea-45eb-be8d-0e6a29b98aa6.jpg?1783906350"", 1)","FIC","0071","Surge Foil","Surge Foil","Standard","FF10","Rare","Enchantment Creature — Saga Faerie","G","No",0,0,0,0,"Near Mint (NM)",0.29,"",""
"Summon: Magus Sisters","","=IMAGE(""https://cards.scryfall.io/normal/front/8/3/83ba525d-d38e-4e68-9516-b6239a1b0b09.jpg?1783906305"", 1)","FIC","0200","Basic/Non-foil","Non-Foil, Traditional Foil","Borderless","FF10","Rare","Enchantment Creature — Saga Faerie","G","No",0,0,0,0,"Near Mint (NM)",3.9,7.18,""
"Summon: Primal Garuda","","=IMAGE(""https://cards.scryfall.io/normal/front/e/4/e44497a8-067e-454e-a9c0-684f03df55ff.jpg?1783906643"", 1)","FIN","0037","Basic/Non-foil","Non-Foil, Traditional Foil","Standard","FF14","Uncommon","Enchantment Creature — Saga Harpy","W","No",0,0,0,0,"Near Mint (NM)",0.23,0.32,""
"Summon: Primal Garuda","","=IMAGE(""https://cards.scryfall.io/normal/front/f/6/f6ee6624-79be-4a76-8c12-80bf31f81ae2.jpg?1783906519"", 1)","FIN","0360","Basic/Non-foil","Non-Foil, Traditional Foil","Borderless","FF14","Uncommon","Enchantment Creature — Saga Harpy","W","No",0,0,0,0,"Near Mint (NM)",0.51,0.68,""
"Summon: Primal Odin","","=IMAGE(""https://cards.scryfall.io/normal/front/8/b/8b1b5f06-e34d-44a3-976e-5157c4b7a0f4.jpg?1783906611"", 1)","FIN","0121","Basic/Non-foil","Non-Foil, Traditional Foil","Standard","FF14","Rare","Enchantment Creature — Saga Knight","B","No",0,0,0,0,"Near Mint (NM)",1.99,2.06,""
"Summon: Primal Odin","","=IMAGE(""https://cards.scryfall.io/normal/front/1/3/13e0ad67-35a6-48f3-83cb-5ffd07daf717.jpg?1783906180"", 1)","PFIN","121s","Promo","Traditional Foil, Promo","Standard","FF14","Rare","Enchantment Creature — Saga Knight","B","No",0,0,0,0,"Near Mint (NM)","",10.99,""
"Summon: Primal Odin","","=IMAGE(""https://cards.scryfall.io/normal/front/d/8/d8117e64-6e43-4aa8-90df-c5b21fbb9182.jpg?1783906518"", 1)","FIN","0365","Basic/Non-foil","Non-Foil, Traditional Foil","Borderless","FF14","Rare","Enchantment Creature — Saga Knight","B","No",0,0,0,0,"Near Mint (NM)",8.01,11.17,""
"Summon: Shiva","","=IMAGE(""https://cards.scryfall.io/normal/front/a/8/a80511f8-7cb1-4974-afde-8a5cebe13ad7.jpg?1783906628"", 1)","FIN","0078","Basic/Non-foil","Non-Foil, Traditional Foil","Standard","FF10","Uncommon","Enchantment Creature — Saga Elemental","U","No",0,0,0,0,"Near Mint (NM)",0.24,0.31,""
"Summon: Shiva","","=IMAGE(""https://cards.scryfall.io/normal/front/3/4/340b2b03-1b20-411c-ba30-2be77655290a.jpg?1783906520"", 1)","FIN","0362","Basic/Non-foil","Non-Foil, Traditional Foil","Borderless","FF10","Uncommon","Enchantment Creature — Saga Elemental","U","No",0,0,0,0,"Near Mint (NM)",1.13,1.28,""
"Summon: Titan","","=IMAGE(""https://cards.scryfall.io/normal/front/5/c/5ce6ea96-7293-496d-b9c8-8ed6d6109a4d.jpg?1783906580"", 1)","FIN","0204","Basic/Non-foil","Non-Foil, Traditional Foil","Standard","FF15","Rare","Enchantment Creature — Saga Giant","G","No",0,0,0,0,"Near Mint (NM)",2.44,2.34,""
"Summon: Titan","","=IMAGE(""https://cards.scryfall.io/normal/front/1/e/1eb2a447-e18e-4318-898d-bc12fdd16172.jpg?1783906167"", 1)","PFIN","204s","Promo","Traditional Foil, Promo","Standard","FF15","Rare","Enchantment Creature — Saga Giant","G","No",0,0,0,0,"Near Mint (NM)","",5.38,""
"Summon: Titan","","=IMAGE(""https://cards.scryfall.io/normal/front/e/5/e5881485-7935-427e-911e-843f198d94dc.jpg?1783906513"", 1)","FIN","0373","Basic/Non-foil","Non-Foil, Traditional Foil","Borderless","FF15","Rare","Enchantment Creature — Saga Giant","G","No",0,0,0,0,"Near Mint (NM)",6.58,7.33,""
"Summon: Valefor","","=IMAGE(""https://cards.scryfall.io/normal/front/e/0/e0474d99-48e5-4e60-8cd6-537a10bcfea5.jpg?1783906359"", 1)","FIC","0042","Surge Foil","Surge Foil","Standard","FF10","Rare","Enchantment Creature — Saga Drake","U","No",0,0,0,0,"Near Mint (NM)",0.34,"",""
"Summon: Valefor","","=IMAGE(""https://cards.scryfall.io/normal/front/c/9/c95c1a97-4c9e-4d38-8b12-193f8ff0d556.jpg?1783906306"", 1)","FIC","0197","Basic/Non-foil","Non-Foil, Traditional Foil","Borderless","FF10","Rare","Enchantment Creature — Saga Drake","U","No",0,0,0,0,"Near Mint (NM)",6.25,9.79,""
"Summon: Yojimbo","","=IMAGE(""https://cards.scryfall.io/normal/front/c/d/cdbc2d28-ea35-47c6-af7e-07924e9d5794.jpg?1783906365"", 1)","FIC","0028","Surge Foil","Surge Foil","Standard","FF10","Rare","Enchantment Creature — Saga Samurai","W","No",0,0,0,0,"Near Mint (NM)",1.18,"",""
"Summon: Yojimbo","","=IMAGE(""https://cards.scryfall.io/normal/front/f/b/fb7f1e73-183f-4041-907d-700e248ac5af.jpg?1783906307"", 1)","FIC","0196","Basic/Non-foil","Non-Foil, Traditional Foil","Borderless","FF10","Rare","Enchantment Creature — Saga Samurai","W","No",0,0,0,0,"Near Mint (NM)",9.69,20.21,""
"Sungrass Prairie","","=IMAGE(""https://cards.scryfall.io/normal/front/8/1/81e28e36-893f-4b34-aef7-5f2c15dc231c.jpg?1783906207"", 1)","FIC","0428","Surge Foil","Surge Foil","Standard","FF7","Rare","Land","GW","No",0,0,0,0,"Near Mint (NM)",0.27,"",""
"Sunken Hollow","","=IMAGE(""https://cards.scryfall.io/normal/front/3/e/3eb96a33-46db-4d84-9a7f-9bb6a19a1a93.jpg?1783906205"", 1)","FIC","0429","Surge Foil","Surge Foil","Standard","FF14","Rare","Land — Island Swamp","BU","No",0,0,0,0,"Near Mint (NM)",0.31,"",""
"Sunken Ruins","","=IMAGE(""https://cards.scryfall.io/normal/front/2/d/2dbd21b1-d6cf-4d10-8a31-aa52208c95d7.jpg?1783906206"", 1)","FIC","0430","Surge Foil","Surge Foil","Standard","FF14","Rare","Land","BU","No",0,0,0,0,"Near Mint (NM)",3.19,"",""
"Sunlit Marsh","","=IMAGE(""https://cards.scryfall.io/normal/front/4/b/4b163c67-2e88-4181-90c9-3f15eba59d03.jpg?1783906206"", 1)","FIC","0431","Surge Foil","Surge Foil","Standard","FF14","Common","Land — Plains Swamp","BW","No",0,0,0,0,"Near Mint (NM)",0.26,"",""
"Sunpetal Grove","","=IMAGE(""https://cards.scryfall.io/normal/front/5/b/5b0275b1-64bc-4c78-ac1a-9bd31399b946.jpg?1783906205"", 1)","FIC","0432","Surge Foil","Surge Foil","Standard","FF10","Rare","Land","GW","No",0,0,0,0,"Near Mint (NM)",0.35,"",""
"Sunscorched Divide","","=IMAGE(""https://cards.scryfall.io/normal/front/8/4/84b648e4-d9c2-426f-8b2a-ef88e9eb25ac.jpg?1783906206"", 1)","FIC","0433","Surge Foil","Surge Foil","Standard","FF6","Rare","Land","RW","No",0,0,0,0,"Near Mint (NM)",0.28,"",""
"Sunscorch Regent","","=IMAGE(""https://cards.scryfall.io/normal/front/2/5/25774e8c-bbc1-4a53-926c-7c01c2ac908f.jpg?1783906282"", 1)","FIC","0255","Surge Foil","Surge Foil","Standard","FF10","Rare","Creature — Dragon","W","No",0,0,0,0,"Near Mint (NM)",0.31,"",""
"Sun Titan","","=IMAGE(""https://cards.scryfall.io/normal/front/e/1/e135d544-2a3e-4b22-ae4d-6c2203769e2a.jpg?1783906282"", 1)","FIC","0254","Surge Foil","Surge Foil","Standard","FF6","Mythic","Creature — Giant","W","No",0,0,0,0,"Near Mint (NM)",0.32,"",""
"Suplex","","=IMAGE(""https://cards.scryfall.io/normal/front/f/6/f61693a2-7042-44e0-85ba-9bf12ab94e7e.jpg?1783906595"", 1)","FIN","0164","Basic/Non-foil","Non-Foil, Traditional Foil","Standard","FF6","Common","Sorcery","R","No",0,0,0,0,"Near Mint (NM)",0.24,0.3,""
"Swallowed by Leviathan","","=IMAGE(""https://cards.scryfall.io/normal/front/2/2/2270642d-fe2a-4265-aff0-a24a43ebe0a1.jpg?1783906627"", 1)","FIN","0079","Basic/Non-foil","Non-Foil, Traditional Foil","Standard","FF2","Uncommon","Instant","U","No",0,0,0,0,"Near Mint (NM)",0.23,0.32,""
"Swamp","","=IMAGE(""https://cards.scryfall.io/normal/front/6/c/6c0ea7e6-0659-4944-a997-f46e00340542.jpg?1783904643"", 1)","FIC","0480","Wave Foil","Wave Foil","Standard","FF15","Common","Basic Land — Swamp","B","No",0,0,0,0,"Near Mint (NM)","",2.81,""
"Swamp","","=IMAGE(""https://cards.scryfall.io/normal/front/f/6/f66094ef-059b-4511-aa6e-835906736de4.jpg?1783906542"", 1)","FIN","0300","Basic/Non-foil","Non-Foil, Traditional Foil","Standard","FF14","Common","Basic Land — Swamp","B","No",0,0,0,0,"Near Mint (NM)",0.32,0.47,""
"Swamp","","=IMAGE(""https://cards.scryfall.io/normal/front/a/7/a7f56d20-16dc-4b7f-98bf-124817a83bae.jpg?1783906542"", 1)","FIN","0301","Basic/Non-foil","Non-Foil, Traditional Foil","Standard","FF2","Common","Basic Land — Swamp","B","No",0,0,0,0,"Near Mint (NM)",0.3,0.34,""
"Swamp","","=IMAGE(""https://cards.scryfall.io/normal/front/0/8/08ec1e4f-e284-4216-a022-bd94c4dae02b.jpg?1783906542"", 1)","FIN","0302","Basic/Non-foil","Non-Foil, Traditional Foil","Standard","FF5","Common","Basic Land — Swamp","B","No",0,0,0,0,"Near Mint (NM)",0.25,0.35,""
"Swamp","","=IMAGE(""https://cards.scryfall.io/normal/front/1/1/1176ebbf-4130-4e4e-ad49-65101a7357b4.jpg?1783906430"", 1)","FIN","0574","Surge Foil","Surge Foil","Showcase","FF14","Common","Basic Land — Swamp","B","No",0,0,0,0,"Near Mint (NM)","",2.27,""
"Swiftfoot Boots","","=IMAGE(""https://cards.scryfall.io/normal/front/1/b/1beee53e-9380-481e-86a6-d13645a6a5a5.jpg?1783906235"", 1)","FIC","0361","Surge Foil","Surge Foil","Standard","FF6","Uncommon","Artifact — Equipment","Colorless","No",0,0,0,0,"Near Mint (NM)",2.68,"",""
"Sword of the Animist","","=IMAGE(""https://cards.scryfall.io/normal/front/a/8/a822129c-0699-40e2-8639-c1a609a5ba3b.jpg?1783906233"", 1)","FIC","0362","Surge Foil","Surge Foil","Standard","FF7","Rare","Legendary Artifact — Equipment","Colorless","No",0,0,0,0,"Near Mint (NM)",5.13,"",""
"Swords to Plowshares","","=IMAGE(""https://cards.scryfall.io/normal/front/0/6/06554274-78ee-4bfc-b203-b81cb4639427.jpg?1783906280"", 1)","FIC","0256","Surge Foil","Surge Foil","Standard","FF14","Uncommon","Instant","W","No",0,0,0,0,"Near Mint (NM)",1.41,"",""
"Syncopate","","=IMAGE(""https://cards.scryfall.io/normal/front/8/3/83e1cd8d-5b97-427a-be75-2a1947f9c59b.jpg?1783906627"", 1)","FIN","0080","Basic/Non-foil","Non-Foil, Traditional Foil","Standard","FF10","Common","Instant","U","No",0,0,0,0,"Near Mint (NM)",0.16,0.3,""
"Syphon Mind","","=IMAGE(""https://cards.scryfall.io/normal/front/6/0/601be092-2353-4b86-ac01-e8fbdbed29b7.jpg?1783906265"", 1)","FIC","0288","Surge Foil","Surge Foil","Standard","FF14","Common","Sorcery","B","No",0,0,0,0,"Near Mint (NM)",0.37,"",""
"Golbez, Clad In Darkness","Syr Konrad, the Grim","=IMAGE(""https://cards.scryfall.io/normal/front/5/b/5b40815d-0104-461e-b193-fcf5e1f35299.jpg?1783906394"", 1)","FCA","0010","Basic/Non-foil","Non-Foil, Traditional Foil","Borderless","FF4","Uncommon","Legendary Creature — Human Knight","B","No",0,0,0,0,"Near Mint (NM)",1.3,5.69,""
"Talisman of Conviction","","=IMAGE(""https://cards.scryfall.io/normal/front/0/2/029fb369-f5ef-4768-8c0b-23d3cfd023d9.jpg?1783906233"", 1)","FIC","0363","Surge Foil","Surge Foil","Standard","FF6","Uncommon","Artifact","RW","No",0,0,0,0,"Near Mint (NM)",0.32,"",""
"Talisman of Dominance","","=IMAGE(""https://cards.scryfall.io/normal/front/c/7/c7fb7ff7-aef0-4893-a120-e17a082cd07f.jpg?1783906235"", 1)","FIC","0364","Surge Foil","Surge Foil","Standard","FF14","Uncommon","Artifact","BU","No",0,0,0,0,"Near Mint (NM)",1.61,"",""
"Talisman of Hierarchy","","=IMAGE(""https://cards.scryfall.io/normal/front/7/9/79696e14-837f-431a-b5fb-fe3620bb8262.jpg?1783906234"", 1)","FIC","0365","Surge Foil","Surge Foil","Standard","FF14","Uncommon","Artifact","BW","No",0,0,0,0,"Near Mint (NM)",0.45,"",""
"Talisman of Indulgence","","=IMAGE(""https://cards.scryfall.io/normal/front/0/f/0f7b46ae-2cd4-407b-a97a-d112a5b6b86b.jpg?1783906232"", 1)","FIC","0366","Surge Foil","Surge Foil","Standard","FF6","Uncommon","Artifact","BR","No",0,0,0,0,"Near Mint (NM)",1.96,"",""
"Talisman of Progress","","=IMAGE(""https://cards.scryfall.io/normal/front/2/d/2dc4dfe7-ae80-4a6e-b588-fd497c35fe37.jpg?1783906232"", 1)","FIC","0367","Surge Foil","Surge Foil","Standard","FF14","Uncommon","Artifact","UW","No",0,0,0,0,"Near Mint (NM)",0.39,"",""
"Tangled Islet","","=IMAGE(""https://cards.scryfall.io/normal/front/d/e/defd23e2-9459-45b1-ba18-3661b220fac6.jpg?1783906204"", 1)","FIC","0434","Surge Foil","Surge Foil","Standard","FF10","Common","Land — Forest Island","GU","No",0,0,0,0,"Near Mint (NM)",0.28,"",""
"Tataru Taru","","=IMAGE(""https://cards.scryfall.io/normal/front/9/3/93176e85-2343-43a8-8578-69699b464b86.jpg?1783906365"", 1)","FIC","0030","Surge Foil","Surge Foil","Standard","FF14","Rare","Legendary Creature — Dwarf Advisor","W","No",0,0,0,0,"Near Mint (NM)",9.26,"",""
"Tataru Taru","","=IMAGE(""https://cards.scryfall.io/normal/front/5/4/545c98b3-dc78-4070-8dcb-f6a246abce09.jpg?1783904647"", 1)","FIC","0466","Wave Foil","Wave Foil","Borderless","FF14","Rare","Legendary Creature — Dwarf Advisor","W","No",0,0,0,0,"Near Mint (NM)","",184.33,""
"Tataru Taru","","=IMAGE(""https://cards.scryfall.io/normal/front/8/c/8c832508-e6f8-4581-8424-744f4e24fad2.jpg?1783906327"", 1)","FIC","0138","Basic/Non-foil","Non-Foil, Traditional Foil","Extended Art","FF14","Rare","Legendary Creature — Dwarf Advisor","W","No",0,0,0,0,"Near Mint (NM)",11.68,32.58,""
"Tataru Taru // Tataru Taru","","=IMAGE(""https://cards.scryfall.io/normal/front/e/0/e0da27b5-9586-4d66-b052-1efb86a34704.jpg?1783906411"", 1)","AFIN","0025","Basic/Non-foil","Non-Foil, Traditional Foil","Art Card","FF14","Common","Card // Card","Colorless","No",0,0,0,0,"Near Mint (NM)","","",""
"Edea Kramer","Teferi, Mage of Zhalfir","=IMAGE(""https://cards.scryfall.io/normal/front/9/c/9ca8fdd4-7e62-4475-9aed-c227ab3977f7.jpg?1783906384"", 1)","FCA","0032","Basic/Non-foil","Non-Foil, Traditional Foil","Borderless","FF8","Rare","Legendary Creature — Human Wizard","U","No",0,0,0,0,"Near Mint (NM)",1.85,15.07,""
"Tellah, Great Sage","","=IMAGE(""https://cards.scryfall.io/normal/front/a/6/a67793ef-ef80-4434-9c54-e3fd8a270bbe.jpg?1783906561"", 1)","FIN","0244","Basic/Non-foil","Non-Foil, Traditional Foil","Standard","FF4","Rare","Legendary Creature — Human Wizard","RU","No",0,0,0,0,"Near Mint (NM)",0.33,0.38,""
"Tellah, Great Sage","","=IMAGE(""https://cards.scryfall.io/normal/front/8/9/8952beec-fd8e-481c-aea7-e3105fb5bcc9.jpg?1783906156"", 1)","PFIN","244s","Promo","Traditional Foil, Promo","Standard","FF4","Rare","Legendary Creature — Human Wizard","RU","No",0,0,0,0,"Near Mint (NM)","",3.13,""
"Tellah, Great Sage","","=IMAGE(""https://cards.scryfall.io/normal/front/0/d/0dcb6a53-ad1b-465b-8d4c-f2c8b2b29e25.jpg?1783906523"", 1)","FIN","0349","Basic/Non-foil","Non-Foil, Traditional Foil","Borderless","FF4","Rare","Legendary Creature — Human Wizard","RU","No",0,0,0,0,"Near Mint (NM)",1.75,2.36,""
"Tellah, Great Sage","","=IMAGE(""https://cards.scryfall.io/normal/front/e/0/e0c5f3d5-ca17-4d4c-8de4-3559d6c6fe94.jpg?1783906456"", 1)","FIN","0510","Basic/Non-foil","Non-Foil, Traditional Foil","Extended Art","FF4","Rare","Legendary Creature — Human Wizard","RU","No",0,0,0,0,"Near Mint (NM)",0.99,4.95,""
"Temple of Enlightenment","","=IMAGE(""https://cards.scryfall.io/normal/front/f/c/fc99e7b0-0f2c-4a2b-938b-abd31b71cd4f.jpg?1783906205"", 1)","FIC","0435","Surge Foil","Surge Foil","Standard","FF10","Rare","Land","UW","No",0,0,0,0,"Near Mint (NM)",0.34,"",""
"Temple of Mystery","","=IMAGE(""https://cards.scryfall.io/normal/front/3/e/3ede4ff9-b0f6-4075-b7ad-3ec90497d0f6.jpg?1783906204"", 1)","FIC","0436","Surge Foil","Surge Foil","Standard","FF10","Rare","Land","GU","No",0,0,0,0,"Near Mint (NM)",0.24,"",""
"Temple of Plenty","","=IMAGE(""https://cards.scryfall.io/normal/front/0/4/04dc78e1-50d8-493a-9c1f-9c1d95343fff.jpg?1783906203"", 1)","FIC","0437","Surge Foil","Surge Foil","Standard","FF10","Rare","Land","GW","No",0,0,0,0,"Near Mint (NM)",0.24,"",""
"Temple of the False God","","=IMAGE(""https://cards.scryfall.io/normal/front/f/1/f1cb4775-8e14-4c83-a417-40d1432ac90a.jpg?1783906202"", 1)","FIC","0438","Surge Foil","Surge Foil","Standard","FF10","Uncommon","Land","Colorless","No",0,0,0,0,"Near Mint (NM)",0.27,"",""
"Terra, Herald of Hope","","=IMAGE(""https://cards.scryfall.io/normal/front/5/a/5aa1a2d7-6133-41a9-9662-9008d1309935.jpg?1783906373"", 1)","FIC","0004","Basic/Non-foil","Non-Foil, Traditional Foil","Standard","FF6","Mythic","Legendary Creature — Human Wizard Warrior","BRW","No",0,0,0,0,"Near Mint (NM)",1.39,0.41,""
"Terra, Herald of Hope","","=IMAGE(""https://cards.scryfall.io/normal/front/e/0/e0946131-2cda-4850-912e-cb8a8124685b.jpg?1783906309"", 1)","FIC","0186","Basic/Non-foil","Non-Foil, Traditional Foil","Extended Art","FF6","Mythic","Legendary Creature — Human Wizard Warrior","BRW","No",0,0,0,0,"Near Mint (NM)",3.33,9.57,""
"Terra, Herald of Hope","","=IMAGE(""https://cards.scryfall.io/normal/front/9/0/901bd4dc-ebd3-40af-9fb0-57a8719329a4.jpg?1783906302"", 1)","FIC","0204","Basic/Non-foil","Non-Foil, Traditional Foil","Borderless","FF6","Mythic","Legendary Creature — Human Wizard Warrior","BRW","No",0,0,0,0,"Near Mint (NM)",50.82,85.15,""
"Terra, Herald of Hope","","=IMAGE(""https://cards.scryfall.io/normal/front/b/b/bb077546-d0f6-4b74-bc59-3c6a50fbc4f2.jpg?1783906300"", 1)","FIC","0212","Surge Foil","Surge Foil","Borderless","FF6","Mythic","Legendary Creature — Human Wizard Warrior","BRW","No",0,0,0,0,"Near Mint (NM)","",346.77,""
"Terra, Herald of Hope","","=IMAGE(""https://cards.scryfall.io/normal/front/4/f/4f36f28b-b9c9-42a2-a2e5-d1b532e482a3.jpg?1783906296"", 1)","FIC","0223","Surge Foil","Surge Foil","Standard","FF6","Mythic","Legendary Creature — Human Wizard Warrior","BRW","No",0,0,0,0,"Near Mint (NM)","",2.29,""
"Terra, Herald of Hope // Terra, Herald of Hope","","=IMAGE(""https://cards.scryfall.io/normal/front/8/d/8d40da4e-9470-40a4-8eb6-d6ee3f99a153.jpg?1783906415"", 1)","AFIN","0020","Basic/Non-foil","Non-Foil, Traditional Foil","Art Card","FF6","Common","Card // Card","Colorless","No",0,0,0,0,"Near Mint (NM)","","",""
"Terra, Magical Adept // Esper Terra","","=IMAGE(""https://cards.scryfall.io/normal/front/f/b/fbd447aa-588d-4c4d-925e-a7d3bdf6a65c.jpg?1783906567"", 1)","FIN","0245","Basic/Non-foil","Non-Foil, Traditional Foil","Standard","FF6","Mythic","Legendary Creature — Human Wizard Warrior // Legendary Enchantment Creature — Saga Wizard","BGRUW","No",0,0,0,0,"Near Mint (NM)",1.85,4.6,""
"Terra, Magical Adept // Esper Terra","","=IMAGE(""https://cards.scryfall.io/normal/front/a/3/a33f6d61-ce5e-42b8-b407-10383cdae5b5.jpg?1783906160"", 1)","PFIN","245s","Promo","Traditional Foil, Promo","Standard","FF6","Mythic","Legendary Creature — Human Wizard Warrior // Legendary Enchantment Creature — Saga Wizard","BGRUW","No",0,0,0,0,"Near Mint (NM)","",37.31,""
"Terra, Magical Adept // Esper Terra","","=IMAGE(""https://cards.scryfall.io/normal/front/0/c/0cf789e7-045c-4ad1-abc3-23eabda54f02.jpg?1783906538"", 1)","FIN","0323","Basic/Non-foil","Non-Foil, Traditional Foil","Borderless","FF6","Mythic","Legendary Creature — Human Wizard Warrior // Legendary Enchantment Creature — Saga Wizard","BGRUW","No",0,0,0,0,"Near Mint (NM)",29.42,106.51,""
"Terra, Magical Adept // Esper Terra","","=IMAGE(""https://cards.scryfall.io/normal/front/f/e/fe0aa7d7-73e7-4c8c-92b5-b923817ce461.jpg?1783906462"", 1)","FIN","0511","Basic/Non-foil","Non-Foil, Traditional Foil","Extended Art","FF6","Mythic","Legendary Creature — Human Wizard Warrior // Legendary Enchantment Creature — Saga Wizard","BGRUW","No",0,0,0,0,"Near Mint (NM)",13.04,37.05,""
"Thancred Waters","","=IMAGE(""https://cards.scryfall.io/normal/front/c/c/cc74ea74-05cf-4a33-84df-94ec34e816fe.jpg?1783906364"", 1)","FIC","0031","Surge Foil","Surge Foil","Standard","FF14","Rare","Legendary Creature — Human Warrior","W","No",0,0,0,0,"Near Mint (NM)",0.18,"",""
"Thancred Waters","","=IMAGE(""https://cards.scryfall.io/normal/front/b/c/bcd85c4e-c674-4753-ae82-80293554fdc5.jpg?1783906327"", 1)","FIC","0139","Basic/Non-foil","Non-Foil, Traditional Foil","Extended Art","FF14","Rare","Legendary Creature — Human Warrior","W","No",0,0,0,0,"Near Mint (NM)",0.42,2.76,""
"The Blackjack","","=IMAGE(""https://cards.scryfall.io/normal/front/a/f/af39ce29-47bb-42bf-8d3d-224bdce96a83.jpg?1783906141"", 1)","TFIC","0008","Surge Foil","Surge Foil","Standard","FF6","Common","Token Legendary Artifact — Vehicle","Colorless","No",0,0,0,0,"Near Mint (NM)","","",""
"The Crystal's Chosen","","=IMAGE(""https://cards.scryfall.io/normal/front/d/4/d4df4373-0ee6-44e3-81c6-0881c070014c.jpg?1783906652"", 1)","FIN","0014","Basic/Non-foil","Non-Foil, Traditional Foil","Standard","FF3","Uncommon","Sorcery","W","No",0,0,0,0,"Near Mint (NM)",0.21,0.26,""
"The Darkness Crystal","","=IMAGE(""https://cards.scryfall.io/normal/front/0/f/0f93b6ac-54ce-45d0-8549-19307406e6e5.jpg?1783906621"", 1)","FIN","0096","Basic/Non-foil","Non-Foil, Traditional Foil","Standard","FF3","Rare","Legendary Artifact","B","No",0,0,0,0,"Near Mint (NM)",5.09,5.45,""
"The Darkness Crystal","","=IMAGE(""https://cards.scryfall.io/normal/front/c/9/c90cb6f4-d5c7-41c2-91ae-9c864f240804.jpg?1783906184"", 1)","PFIN","96s","Promo","Traditional Foil, Promo","Standard","FF3","Rare","Legendary Artifact","B","No",0,0,0,0,"Near Mint (NM)","",10.25,""
"The Darkness Crystal","","=IMAGE(""https://cards.scryfall.io/normal/front/7/4/749f2041-0eb5-42c3-b9ac-05a7575cb693.jpg?1783906529"", 1)","FIN","0335","Basic/Non-foil","Non-Foil, Traditional Foil","Borderless","FF3","Rare","Legendary Artifact","B","No",0,0,0,0,"Near Mint (NM)",11.7,17.07,""
"The Destined Black Mage","","=IMAGE(""https://cards.scryfall.io/normal/front/c/b/cbba90d0-c45e-4ef1-ba0e-a2160533e27f.jpg?1783904654"", 1)","FIC","0447","Basic/Non-foil","Non-Foil, Traditional Foil","Borderless","FF1","Rare","Legendary Creature — Human Wizard","B","No",0,0,0,0,"Near Mint (NM)",19.0,17.42,""
"The Destined Black Mage // The Destined Black Mage","","=IMAGE(""https://cards.scryfall.io/normal/front/7/6/76ed17e5-4adb-4b75-99a4-62c1b107cfdd.jpg?1783904670"", 1)","AFIC","0006","Basic/Non-foil","Non-Foil, Traditional Foil","Art Card","FF1","Common","Card // Card","Colorless","No",0,0,0,0,"Near Mint (NM)","","",""
"The Destined Thief","","=IMAGE(""https://cards.scryfall.io/normal/front/d/e/de95250d-294d-4a0e-8049-e0a877078e2e.jpg?1783904655"", 1)","FIC","0446","Basic/Non-foil","Non-Foil, Traditional Foil","Borderless","FF1","Rare","Legendary Creature — Human Rogue","U","No",0,0,0,0,"Near Mint (NM)",3.75,2.83,""
"The Destined Thief // The Destined Thief","","=IMAGE(""https://cards.scryfall.io/normal/front/4/0/40a495d6-cd48-45a5-9afd-d9ec3a21ec3a.jpg?1783904670"", 1)","AFIC","0005","Basic/Non-foil","Non-Foil, Traditional Foil","Art Card","FF1","Common","Card // Card","Colorless","No",0,0,0,0,"Near Mint (NM)","","",""
"The Destined Warrior","","=IMAGE(""https://cards.scryfall.io/normal/front/7/4/743ee254-07f1-4d13-9ec7-6cb6358b9303.jpg?1783904658"", 1)","FIC","0443","Basic/Non-foil","Non-Foil, Traditional Foil","Borderless","FF1","Rare","Legendary Creature — Human Warrior","BUW","No",0,0,0,0,"Near Mint (NM)",3.85,2.15,""
"The Destined Warrior // The Destined Warrior","","=IMAGE(""https://cards.scryfall.io/normal/front/f/7/f7e44a42-ac64-49e2-875c-355f932467e1.jpg?1783904672"", 1)","AFIC","0002","Basic/Non-foil","Non-Foil, Traditional Foil","Art Card","FF1","Common","Card // Card","Colorless","No",0,0,0,0,"Near Mint (NM)","","",""
"The Destined White Mage","","=IMAGE(""https://cards.scryfall.io/normal/front/8/b/8b52f14c-e6b9-4ad0-8515-6644b201e2ea.jpg?1783904657"", 1)","FIC","0444","Basic/Non-foil","Non-Foil, Traditional Foil","Borderless","FF1","Rare","Legendary Creature — Human Cleric","W","No",0,0,0,0,"Near Mint (NM)",11.82,12.4,""
"The Destined White Mage // The Destined White Mage","","=IMAGE(""https://cards.scryfall.io/normal/front/0/a/0aa1e74b-7fd7-4c48-a0a3-56eb1a6f877a.jpg?1783904671"", 1)","AFIC","0003","Basic/Non-foil","Non-Foil, Traditional Foil","Art Card","FF1","Common","Card // Card","Colorless","No",0,0,0,0,"Near Mint (NM)","","",""
"The Earth Crystal","","=IMAGE(""https://cards.scryfall.io/normal/front/d/5/d585e218-3dc8-4fbd-8ad2-795fbc9b2155.jpg?1783906588"", 1)","FIN","0184","Basic/Non-foil","Non-Foil, Traditional Foil","Standard","FF3","Rare","Legendary Artifact","G","No",0,0,0,0,"Near Mint (NM)",11.69,14.28,""
"The Earth Crystal","","=IMAGE(""https://cards.scryfall.io/normal/front/0/1/010549ae-1289-47ee-a69b-135094f32607.jpg?1783906172"", 1)","PFIN","184s","Promo","Traditional Foil, Promo","Standard","FF3","Rare","Legendary Artifact","G","No",0,0,0,0,"Near Mint (NM)","",21.29,""
"The Earth Crystal","","=IMAGE(""https://cards.scryfall.io/normal/front/9/2/9240303a-73a3-4daf-b5fc-090ce7cbd92a.jpg?1783906525"", 1)","FIN","0342","Basic/Non-foil","Non-Foil, Traditional Foil","Borderless","FF3","Rare","Legendary Artifact","G","No",0,0,0,0,"Near Mint (NM)",19.52,27.85,""
"The Emperor of Palamecia // The Emperor of Palamecia","","=IMAGE(""https://cards.scryfall.io/normal/front/9/b/9b491159-5ac0-4376-8344-33e01c64cda7.jpg?1783906419"", 1)","AFIN","0013","Basic/Non-foil","Non-Foil, Traditional Foil","Art Card","FF2","Common","Card // Card","Colorless","No",0,0,0,0,"Near Mint (NM)","","",""
"The Emperor of Palamecia // The Lord Master of Hell","","=IMAGE(""https://cards.scryfall.io/normal/front/3/d/3d75e8fd-6139-4b10-9ce3-195b47d72e0c.jpg?1783906579"", 1)","FIN","0219","Basic/Non-foil","Non-Foil, Traditional Foil","Standard","FF2","Uncommon","Legendary Creature — Human Noble Wizard // Legendary Creature — Demon Noble Wizard","RU","No",0,0,0,0,"Near Mint (NM)",0.34,0.33,""
"The Emperor of Palamecia // The Lord Master of Hell","","=IMAGE(""https://cards.scryfall.io/normal/front/1/b/1b4d8a51-2307-4ed6-af25-c48946219096.jpg?1783906471"", 1)","FIN","0484","Basic/Non-foil","Non-Foil, Traditional Foil","Extended Art","FF2","Uncommon","Legendary Creature — Human Noble Wizard // Legendary Creature — Demon Noble Wizard","RU","No",0,0,0,0,"Near Mint (NM)",5.3,42.54,""
"The Falcon, Airship Restored","","=IMAGE(""https://cards.scryfall.io/normal/front/0/8/080fc2be-d463-4e8e-ba42-8f3cb0c95ed3.jpg?1783906359"", 1)","FIC","0045","Surge Foil","Surge Foil","Standard","FF6","Rare","Legendary Artifact — Vehicle","B","No",0,0,0,0,"Near Mint (NM)",0.19,"",""
"The Falcon, Airship Restored","","=IMAGE(""https://cards.scryfall.io/normal/front/8/1/81313ac5-ee30-4ac4-ad5f-e9dbda46b2b0.jpg?1783906334"", 1)","FIC","0116","Basic/Non-foil","Non-Foil, Traditional Foil","Extended Art","FF6","Rare","Legendary Artifact — Vehicle","B","No",0,0,0,0,"Near Mint (NM)",0.33,0.66,""
"The Final Days","","=IMAGE(""https://cards.scryfall.io/normal/front/b/b/bbf01770-6d0f-4015-b4b4-a74a53cb767a.jpg?1783906619"", 1)","FIN","0101","Basic/Non-foil","Non-Foil, Traditional Foil","Standard","FF14","Uncommon","Sorcery","B","No",0,0,0,0,"Near Mint (NM)",0.21,0.26,""
"The Final Days // The Final Days","","=IMAGE(""https://cards.scryfall.io/normal/front/1/1/11910fed-224d-44de-98e8-12ad49626178.jpg?1783906424"", 1)","AFIN","0006","Basic/Non-foil","Non-Foil, Traditional Foil","Art Card","FF14","Common","Card // Card","Colorless","No",0,0,0,0,"Near Mint (NM)","","",""
"The Fire Crystal","","=IMAGE(""https://cards.scryfall.io/normal/front/e/a/ea430b17-2014-4b8e-b53f-43bcfc06f7cd.jpg?1783906605"", 1)","FIN","0135","Basic/Non-foil","Non-Foil, Traditional Foil","Standard","FF3","Rare","Legendary Artifact","R","No",0,0,0,0,"Near Mint (NM)",6.6,7.11,""
"The Fire Crystal","","=IMAGE(""https://cards.scryfall.io/normal/front/d/a/daceda7c-db1d-4847-9c80-13fdfe4d2135.jpg?1783906177"", 1)","PFIN","135s","Promo","Traditional Foil, Promo","Standard","FF3","Rare","Legendary Artifact","R","No",0,0,0,0,"Near Mint (NM)","",16.34,""
"The Fire Crystal","","=IMAGE(""https://cards.scryfall.io/normal/front/5/8/58306c68-5de8-48f4-9ce5-ea69792af58c.jpg?1783906527"", 1)","FIN","0337","Basic/Non-foil","Non-Foil, Traditional Foil","Borderless","FF3","Rare","Legendary Artifact","R","No",0,0,0,0,"Near Mint (NM)",11.07,17.61,""
"The Gold Saucer","","=IMAGE(""https://cards.scryfall.io/normal/front/5/3/5363c881-443d-43df-afd8-f81e1a1741a2.jpg?1783906549"", 1)","FIN","0279","Basic/Non-foil","Non-Foil, Traditional Foil","Standard","FF7","Uncommon","Land — Town","Colorless","No",0,0,0,0,"Near Mint (NM)",0.3,0.34,""
"The Lunar Whale","","=IMAGE(""https://cards.scryfall.io/normal/front/a/e/ae875471-346c-4a76-b26f-b7205dad5b80.jpg?1783906634"", 1)","FIN","0060","Basic/Non-foil","Non-Foil, Traditional Foil","Standard","FF4","Rare","Legendary Artifact — Vehicle","U","No",0,0,0,0,"Near Mint (NM)",0.28,0.44,""
"The Lunar Whale","","=IMAGE(""https://cards.scryfall.io/normal/front/3/a/3a27f9fd-d3d9-42c4-be59-9a5d9cfabf6d.jpg?1783906190"", 1)","PFIN","60s","Promo","Traditional Foil, Promo","Standard","FF4","Rare","Legendary Artifact — Vehicle","U","No",0,0,0,0,"Near Mint (NM)","",4.05,""
"The Masamune","","=IMAGE(""https://cards.scryfall.io/normal/front/f/c/fc408575-8ef7-4043-b6b7-b38cef7c97d1.jpg?1783906555"", 1)","FIN","0264","Basic/Non-foil","Non-Foil, Traditional Foil","Standard","FF7","Rare","Legendary Artifact — Equipment","Colorless","No",0,0,0,0,"Near Mint (NM)",1.25,1.49,""
"The Masamune","","=IMAGE(""https://cards.scryfall.io/normal/front/7/c/7c84eb88-2e8e-490f-8628-61e8efb8524c.jpg?1783906149"", 1)","PFIN","264s","Promo","Traditional Foil, Promo","Standard","FF7","Rare","Legendary Artifact — Equipment","Colorless","No",0,0,0,0,"Near Mint (NM)","",8.22,""
"The Masamune","","=IMAGE(""https://cards.scryfall.io/normal/front/a/2/a288efba-7c70-428d-a2b7-571891976f78.jpg?1783906523"", 1)","FIN","0353","Basic/Non-foil","Non-Foil, Traditional Foil","Borderless","FF7","Rare","Legendary Artifact — Equipment","Colorless","No",0,0,0,0,"Near Mint (NM)",6.53,10.0,""
"The Monarch","","=IMAGE(""https://cards.scryfall.io/normal/front/6/6/66f569e1-5a37-4801-be01-9c5d44a82427.jpg?1783906138"", 1)","TFIC","0011","Surge Foil","Surge Foil","Standard","FF6","Common","Card","Colorless","No",0,0,0,0,"Near Mint (NM)","","",""
"The Prima Vista","","=IMAGE(""https://cards.scryfall.io/normal/front/e/3/e3998132-5746-4dde-9529-97d3ad7d7361.jpg?1783906633"", 1)","FIN","0064","Basic/Non-foil","Non-Foil, Traditional Foil","Standard","FF9","Uncommon","Legendary Artifact — Vehicle","U","No",0,0,0,0,"Near Mint (NM)",0.16,0.21,""
"The Regalia","","=IMAGE(""https://cards.scryfall.io/normal/front/d/c/dc420e79-c483-474f-97cd-e9c6a636c306.jpg?1783906553"", 1)","FIN","0267","Basic/Non-foil","Non-Foil, Traditional Foil","Standard","FF15","Rare","Legendary Artifact — Vehicle","Colorless","No",0,0,0,0,"Near Mint (NM)",1.75,2.46,""
"The Regalia","","=IMAGE(""https://cards.scryfall.io/normal/front/7/7/7797680e-c2f0-454a-813d-ea285b013d5c.jpg?1783906148"", 1)","PFIN","267s","Promo","Traditional Foil, Promo","Standard","FF15","Rare","Legendary Artifact — Vehicle","Colorless","No",0,0,0,0,"Near Mint (NM)","",16.73,""
"The Wandering Minstrel","","=IMAGE(""https://cards.scryfall.io/normal/front/7/7/77bc419d-ff69-4e7c-afe6-faca383a5ed7.jpg?1783906560"", 1)","FIN","0249","Basic/Non-foil","Non-Foil, Traditional Foil","Standard","FF14","Rare","Legendary Creature — Human Bard","BGRUW","No",0,0,0,0,"Near Mint (NM)",0.33,0.56,""
"The Wandering Minstrel","","=IMAGE(""https://cards.scryfall.io/normal/front/f/e/fe0c1b06-30f2-42bd-bdcb-169fb6bc0b3f.jpg?1783906153"", 1)","PFIN","249s","Promo","Traditional Foil, Promo","Standard","FF14","Rare","Legendary Creature — Human Bard","BGRUW","No",0,0,0,0,"Near Mint (NM)","",6.42,""
"The Wandering Minstrel","","=IMAGE(""https://cards.scryfall.io/normal/front/f/3/f39b9892-9b82-4dea-bae0-e1735618341e.jpg?1783906499"", 1)","FIN","0403","Basic/Non-foil","Non-Foil, Traditional Foil","Borderless","FF14","Rare","Legendary Creature — Human Bard","BGRUW","No",0,0,0,0,"Near Mint (NM)",2.1,3.56,""
"The Wandering Minstrel","","=IMAGE(""https://cards.scryfall.io/normal/front/f/d/fd5de0c8-6af9-4b0a-be9d-19af1e7bd7c3.jpg?1783906452"", 1)","FIN","0515","Basic/Non-foil","Non-Foil, Traditional Foil","Extended Art","FF14","Rare","Legendary Creature — Human Bard","BGRUW","No",0,0,0,0,"Near Mint (NM)",1.03,15.54,""
"The Wandering Minstrel","","=IMAGE(""https://cards.scryfall.io/normal/front/f/e/fe9cd860-1b4e-48ec-be30-e0ec4ca75e26.jpg?1783906437"", 1)","FIN","0548","Surge Foil","Surge Foil","Borderless","FF14","Rare","Legendary Creature — Human Bard","BGRUW","No",0,0,0,0,"Near Mint (NM)","",32.87,""
"The Warring Triad","","=IMAGE(""https://cards.scryfall.io/normal/front/9/9/99fd1cd5-4740-4a0f-b773-3d3b66861d77.jpg?1783906340"", 1)","FIC","0099","Surge Foil","Surge Foil","Standard","FF6","Rare","Legendary Artifact Creature — God","Colorless","No",0,0,0,0,"Near Mint (NM)",0.71,"",""
"The Warring Triad","","=IMAGE(""https://cards.scryfall.io/normal/front/5/9/59c9633d-484c-4bce-ac86-696791afd6a4.jpg?1783906307"", 1)","FIC","0193","Basic/Non-foil","Non-Foil, Traditional Foil","Extended Art","FF6","Rare","Legendary Artifact Creature — God","Colorless","No",0,0,0,0,"Near Mint (NM)",3.0,10.1,""
"The Water Crystal","","=IMAGE(""https://cards.scryfall.io/normal/front/e/0/e0af8436-797b-4e1f-b21a-d8e93701c3c9.jpg?1783906626"", 1)","FIN","0085","Basic/Non-foil","Non-Foil, Traditional Foil","Standard","FF3","Rare","Legendary Artifact","U","No",0,0,0,0,"Near Mint (NM)",4.04,4.92,""
"The Water Crystal","","=IMAGE(""https://cards.scryfall.io/normal/front/0/9/093948e5-3036-42b4-8682-37b298248916.jpg?1783906187"", 1)","PFIN","85s","Promo","Traditional Foil, Promo","Standard","FF3","Rare","Legendary Artifact","U","No",0,0,0,0,"Near Mint (NM)","",10.35,""
"The Water Crystal","","=IMAGE(""https://cards.scryfall.io/normal/front/7/5/7572888a-c394-4d9f-b66f-30d91364d265.jpg?1783906529"", 1)","FIN","0333","Basic/Non-foil","Non-Foil, Traditional Foil","Borderless","FF3","Rare","Legendary Artifact","U","No",0,0,0,0,"Near Mint (NM)",9.4,11.46,""
"The Wind Crystal","","=IMAGE(""https://cards.scryfall.io/normal/front/1/9/19bd0885-baaa-40f2-9c59-b1ea53807540.jpg?1783906641"", 1)","FIN","0043","Basic/Non-foil","Non-Foil, Traditional Foil","Standard","FF3","Rare","Legendary Artifact","W","No",0,0,0,0,"Near Mint (NM)",5.82,8.38,""
"The Wind Crystal","","=IMAGE(""https://cards.scryfall.io/normal/front/4/f/4f461671-097a-4cd6-8114-4ec769e66904.jpg?1783906194"", 1)","PFIN","43s","Promo","Traditional Foil, Promo","Standard","FF3","Rare","Legendary Artifact","W","No",0,0,0,0,"Near Mint (NM)","",15.15,""
"The Wind Crystal","","=IMAGE(""https://cards.scryfall.io/normal/front/4/2/423134fa-62d9-439c-b123-eeea52f42414.jpg?1783906531"", 1)","FIN","0330","Basic/Non-foil","Non-Foil, Traditional Foil","Borderless","FF3","Rare","Legendary Artifact","W","No",0,0,0,0,"Near Mint (NM)",12.44,16.54,""
"Thief's Knife","","=IMAGE(""https://cards.scryfall.io/normal/front/c/2/c2dcfd0a-3f52-4616-a09a-fd2db8b6b93e.jpg?1783906627"", 1)","FIN","0081","Basic/Non-foil","Non-Foil, Traditional Foil","Standard","FF1","Uncommon","Artifact — Equipment","U","No",0,0,0,0,"Near Mint (NM)",0.22,0.29,""
"Thought Vessel","","=IMAGE(""https://cards.scryfall.io/normal/front/5/c/5c617d99-354a-4586-9a09-1671c0e88754.jpg?1783906230"", 1)","FIC","0368","Surge Foil","Surge Foil","Standard","FF14","Common","Artifact","Colorless","No",0,0,0,0,"Near Mint (NM)",2.8,"",""
"Tidus, Zanarkand Fayth","Thrasios, Triton Hero","=IMAGE(""https://cards.scryfall.io/normal/front/5/f/5f13417d-3fe1-4357-b826-cb48dd111247.jpg?1783906376"", 1)","FCA","0058","Basic/Non-foil","Non-Foil, Traditional Foil","Borderless","FF10","Mythic","Legendary Creature — Merfolk Wizard","GU","No",0,0,0,0,"Near Mint (NM)",18.17,153.95,""
"Three Visits","","=IMAGE(""https://cards.scryfall.io/normal/front/5/b/5bcf7495-a8af-4c7f-a27d-be27748f64e0.jpg?1783906253"", 1)","FIC","0315","Surge Foil","Surge Foil","Standard","FF10","Uncommon","Sorcery","G","No",0,0,0,0,"Near Mint (NM)",5.03,"",""
"Thunder Magic","","=IMAGE(""https://cards.scryfall.io/normal/front/9/f/9f2b202c-91da-40ec-8324-6b6be7cb3bc8.jpg?1783906595"", 1)","FIN","0165","Basic/Non-foil","Non-Foil, Traditional Foil","Standard","FF13","Common","Instant","R","No",0,0,0,0,"Near Mint (NM)",0.23,0.28,""
"Tidus, Blitzball Star","","=IMAGE(""https://cards.scryfall.io/normal/front/a/a/aa851d68-a7a4-48c0-9cd7-d3d2e079f3a1.jpg?1783906562"", 1)","FIN","0246","Basic/Non-foil","Non-Foil, Traditional Foil","Standard","FF10","Uncommon","Legendary Creature — Human Warrior","UW","No",0,0,0,0,"Near Mint (NM)",0.23,0.27,""
"Tidus, Blitzball Star","","=IMAGE(""https://cards.scryfall.io/normal/front/c/f/cfe3a1fa-d885-48c0-aa47-bfd8d340bf8e.jpg?1783906456"", 1)","FIN","0512","Basic/Non-foil","Non-Foil, Traditional Foil","Extended Art","FF10","Uncommon","Legendary Creature — Human Warrior","UW","No",0,0,0,0,"Near Mint (NM)",1.5,15.43,""
"Tidus, Yuna's Guardian","","=IMAGE(""https://cards.scryfall.io/normal/front/2/c/2cfd4494-346c-4cbc-8072-e267254cefcc.jpg?1783906372"", 1)","FIC","0005","Basic/Non-foil","Non-Foil, Traditional Foil","Standard","FF10","Mythic","Legendary Creature — Human Warrior","GUW","No",0,0,0,0,"Near Mint (NM)",2.52,0.44,""
"Tidus, Yuna's Guardian","","=IMAGE(""https://cards.scryfall.io/normal/front/7/7/77248a4b-0823-4d33-8355-30d0ed158796.jpg?1783906310"", 1)","FIC","0187","Basic/Non-foil","Non-Foil, Traditional Foil","Extended Art","FF10","Mythic","Legendary Creature — Human Warrior","GUW","No",0,0,0,0,"Near Mint (NM)",5.13,10.07,""
"Tidus, Yuna's Guardian","","=IMAGE(""https://cards.scryfall.io/normal/front/7/f/7f4af6c8-c419-42a9-ae5e-c3b73ea5eeea.jpg?1783906302"", 1)","FIC","0205","Basic/Non-foil","Non-Foil, Traditional Foil","Borderless","FF10","Mythic","Legendary Creature — Human Warrior","GUW","No",0,0,0,0,"Near Mint (NM)",39.38,55.66,""
"Tidus, Yuna's Guardian","","=IMAGE(""https://cards.scryfall.io/normal/front/5/c/5c40cf0f-2eee-4c56-8c5d-fd70e11dc3cc.jpg?1783906299"", 1)","FIC","0213","Surge Foil","Surge Foil","Borderless","FF10","Mythic","Legendary Creature — Human Warrior","GUW","No",0,0,0,0,"Near Mint (NM)","",253.95,""
"Tidus, Yuna's Guardian","","=IMAGE(""https://cards.scryfall.io/normal/front/6/0/6021debf-8d5d-40e4-a197-3751b3ef5701.jpg?1783906295"", 1)","FIC","0224","Surge Foil","Surge Foil","Standard","FF10","Mythic","Legendary Creature — Human Warrior","GUW","No",0,0,0,0,"Near Mint (NM)","",3.6,""
"Tifa Lockhart","","=IMAGE(""https://cards.scryfall.io/normal/front/f/b/fb781323-2746-405d-a9b2-e778c037a6e9.jpg?1783906580"", 1)","FIN","0206","Basic/Non-foil","Non-Foil, Traditional Foil","Standard","FF7","Rare","Legendary Creature — Human Monk","G","No",0,0,0,0,"Near Mint (NM)",2.26,3.9,""
"Tifa Lockhart","","=IMAGE(""https://cards.scryfall.io/normal/front/3/9/39a038ed-9ed9-4a32-9613-989e4809ec94.jpg?1783904641"", 1)","FIN","0567","Wave Foil","Wave Foil","Borderless","FF7","Rare","Legendary Creature — Human Monk","G","No",0,0,0,0,"Near Mint (NM)","",169.62,""
"Tifa Lockhart","","=IMAGE(""https://cards.scryfall.io/normal/front/3/6/360102fd-59a0-43a2-bbed-cc5e3b592696.jpg?1783906166"", 1)","PFIN","206s","Promo","Traditional Foil, Promo","Standard","FF7","Rare","Legendary Creature — Human Monk","G","No",0,0,0,0,"Near Mint (NM)","",34.24,""
"Tifa Lockhart","","=IMAGE(""https://cards.scryfall.io/normal/front/d/4/d402d825-4c2c-46db-b16b-5df583bc5f83.jpg?1783906508"", 1)","FIN","0391","Basic/Non-foil","Non-Foil, Traditional Foil","Borderless","FF7","Rare","Legendary Creature — Human Monk","G","No",0,0,0,0,"Near Mint (NM)",13.95,17.94,""
"Tifa Lockhart","","=IMAGE(""https://cards.scryfall.io/normal/front/1/6/165a50ba-5ead-45aa-be8a-9bdd9766da66.jpg?1783906473"", 1)","FIN","0473","Basic/Non-foil","Non-Foil, Traditional Foil","Extended Art","FF7","Rare","Legendary Creature — Human Monk","G","No",0,0,0,0,"Near Mint (NM)",7.87,38.16,""
"Tifa Lockhart","","=IMAGE(""https://cards.scryfall.io/normal/front/1/7/17e88e4e-d8f0-4598-bfd4-006469c6f26e.jpg?1783906443"", 1)","FIN","0536","Surge Foil","Surge Foil","Borderless","FF7","Rare","Legendary Creature — Human Monk","G","No",0,0,0,0,"Near Mint (NM)","",125.87,""
"Tifa, Martial Artist","","=IMAGE(""https://cards.scryfall.io/normal/front/3/1/31513afc-329c-4913-8fcd-945c39ec82b2.jpg?1783906372"", 1)","FIC","0006","Basic/Non-foil","Non-Foil, Traditional Foil","Standard","FF7","Mythic","Legendary Creature — Human Monk","GRW","No",0,0,0,0,"Near Mint (NM)",3.31,0.82,""
"Tifa, Martial Artist","","=IMAGE(""https://cards.scryfall.io/normal/front/4/0/40df262f-e567-4be2-99e4-6b62e864d259.jpg?1783906308"", 1)","FIC","0188","Basic/Non-foil","Non-Foil, Traditional Foil","Extended Art","FF7","Mythic","Legendary Creature — Human Monk","GRW","No",0,0,0,0,"Near Mint (NM)",6.33,20.17,""
"Tifa, Martial Artist","","=IMAGE(""https://cards.scryfall.io/normal/front/3/3/33743b2c-9e30-458d-ada5-fd1cd5b25a5a.jpg?1783906302"", 1)","FIC","0206","Basic/Non-foil","Non-Foil, Traditional Foil","Borderless","FF7","Mythic","Legendary Creature — Human Monk","GRW","No",0,0,0,0,"Near Mint (NM)",39.24,58.71,""
"Tifa, Martial Artist","","=IMAGE(""https://cards.scryfall.io/normal/front/e/c/ec975a48-5919-4666-9c60-b9fbe986f18c.jpg?1783906299"", 1)","FIC","0214","Surge Foil","Surge Foil","Borderless","FF7","Mythic","Legendary Creature — Human Monk","GRW","No",0,0,0,0,"Near Mint (NM)","",361.26,""
"Tifa, Martial Artist","","=IMAGE(""https://cards.scryfall.io/normal/front/0/9/09f09db5-ee5a-4a4b-9dbb-aca0dff04fcf.jpg?1783906294"", 1)","FIC","0225","Surge Foil","Surge Foil","Standard","FF7","Mythic","Legendary Creature — Human Monk","GRW","No",0,0,0,0,"Near Mint (NM)","",7.92,""
"Tifa, Martial Artist // Tifa, Martial Artist","","=IMAGE(""https://cards.scryfall.io/normal/front/0/9/090c3bb1-3964-4c0b-a7b1-e614de781364.jpg?1783906399"", 1)","AFIN","0052","Basic/Non-foil","Non-Foil, Traditional Foil","Art Card","FF7","Common","Card // Card","Colorless","No",0,0,0,0,"Near Mint (NM)","","",""
"Tifa's Limit Break","","=IMAGE(""https://cards.scryfall.io/normal/front/2/4/24d6eab7-22bd-494f-8cbe-204446f24be9.jpg?1783906579"", 1)","FIN","0207","Basic/Non-foil","Non-Foil, Traditional Foil","Standard","FF7","Uncommon","Instant","G","No",0,0,0,0,"Near Mint (NM)",0.31,0.75,""
"Tireless Tracker","","=IMAGE(""https://cards.scryfall.io/normal/front/f/d/fd5a8a4c-4d66-48a1-bc3e-caaa2dbb64d4.jpg?1783906253"", 1)","FIC","0316","Surge Foil","Surge Foil","Standard","FF10","Rare","Creature — Human Scout","G","No",0,0,0,0,"Near Mint (NM)",0.27,"",""
"Together Forever","","=IMAGE(""https://cards.scryfall.io/normal/front/8/3/834c5cf1-69a7-462c-822e-47a43a86f9a9.jpg?1783906281"", 1)","FIC","0257","Surge Foil","Surge Foil","Standard","FF10","Rare","Enchantment","W","No",0,0,0,0,"Near Mint (NM)",0.3,"",""
"Together Forever // Together Forever","","=IMAGE(""https://cards.scryfall.io/normal/front/8/2/82981213-987a-407a-9084-00c69735fab8.jpg?1783906409"", 1)","AFIN","0032","Basic/Non-foil","Non-Foil, Traditional Foil","Art Card","FF10","Common","Card // Card","Colorless","No",0,0,0,0,"Near Mint (NM)","","",""
"Tome of Legends","","=IMAGE(""https://cards.scryfall.io/normal/front/0/8/08b0d5aa-8d76-4951-a326-0f4078fdfd28.jpg?1783906230"", 1)","FIC","0369","Surge Foil","Surge Foil","Standard","FF14","Rare","Artifact — Book","Colorless","No",0,0,0,0,"Near Mint (NM)",0.33,"",""
"Tonberry","","=IMAGE(""https://cards.scryfall.io/normal/front/1/a/1a9b8723-4383-4c14-b24d-52863af8703d.jpg?1783906610"", 1)","FIN","0122","Basic/Non-foil","Non-Foil, Traditional Foil","Standard","FF5","Uncommon","Creature — Salamander Horror","B","No",0,0,0,0,"Near Mint (NM)",0.25,0.27,""
"Torgal, A Fine Hound","","=IMAGE(""https://cards.scryfall.io/normal/front/0/f/0f5725aa-42bb-4dfd-9c15-135b38b33da3.jpg?1783906578"", 1)","FIN","0208","Basic/Non-foil","Non-Foil, Traditional Foil","Standard","FF16","Uncommon","Legendary Creature — Wolf","G","No",0,0,0,0,"Near Mint (NM)",0.31,0.3,""
"Torgal, A Fine Hound","","=IMAGE(""https://cards.scryfall.io/normal/front/6/6/66188ecc-ac97-4dcb-ada3-57d86915a911.jpg?1783906523"", 1)","FIN","0345","Basic/Non-foil","Non-Foil, Traditional Foil","Borderless","FF16","Uncommon","Legendary Creature — Wolf","G","No",0,0,0,0,"Near Mint (NM)",0.58,0.86,""
"Torgal, A Fine Hound","","=IMAGE(""https://cards.scryfall.io/normal/front/b/4/b4b78fba-cde2-4ab9-bc96-51d0fc5b29cf.jpg?1783906471"", 1)","FIN","0474","Basic/Non-foil","Non-Foil, Traditional Foil","Extended Art","FF16","Uncommon","Legendary Creature — Wolf","G","No",0,0,0,0,"Near Mint (NM)",1.53,18.57,""
"Torrential Gearhulk","","=IMAGE(""https://cards.scryfall.io/normal/front/a/6/a6a0afd5-f3f9-459e-bd03-1a7a3521b570.jpg?1783906274"", 1)","FIC","0272","Surge Foil","Surge Foil","Standard","FF14","Rare","Artifact Creature — Construct","U","No",0,0,0,0,"Near Mint (NM)",0.32,"",""
"Town Greeter","","=IMAGE(""https://cards.scryfall.io/normal/front/4/9/49cd4efa-4df4-4257-9a42-60330f7781e2.jpg?1783906577"", 1)","FIN","0209","Basic/Non-foil","Non-Foil, Traditional Foil","Standard","FF1","Common","Creature — Human Citizen","G","No",0,0,0,0,"Near Mint (NM)",0.22,0.23,""
"Tragic Arrogance","","=IMAGE(""https://cards.scryfall.io/normal/front/a/4/a479784c-3f94-4950-8928-6a1e57bb6627.jpg?1783906283"", 1)","FIC","0258","Surge Foil","Surge Foil","Standard","FF6","Rare","Sorcery","W","No",0,0,0,0,"Near Mint (NM)",0.21,"",""
"Trailblazer's Boots","","=IMAGE(""https://cards.scryfall.io/normal/front/f/d/fd1f14be-8c7c-471d-93e3-5856f48ff94a.jpg?1786083583"", 1)","FIC","0370","Surge Foil","Surge Foil","Standard","FF7","Uncommon","Artifact — Equipment","Colorless","No",0,0,0,0,"Near Mint (NM)",1.36,"",""
"Transpose","","=IMAGE(""https://cards.scryfall.io/normal/front/6/6/66392b0e-8691-42a4-bc84-03b017174a73.jpg?1783906356"", 1)","FIC","0052","Surge Foil","Surge Foil","Standard","FF14","Rare","Instant","B","No",0,0,0,0,"Near Mint (NM)",0.37,"",""
"Transpose","","=IMAGE(""https://cards.scryfall.io/normal/front/5/1/51cb61ab-0508-4668-8680-051d38df7ccb.jpg?1783906332"", 1)","FIC","0119","Basic/Non-foil","Non-Foil, Traditional Foil","Extended Art","FF14","Rare","Instant","B","No",0,0,0,0,"Near Mint (NM)",1.57,3.45,""
"Traveling Chocobo","","=IMAGE(""https://cards.scryfall.io/normal/front/2/4/2462df62-fc35-47ed-9571-40452074dc6d.jpg?1783906576"", 1)","FIN","0210","Basic/Non-foil","Non-Foil, Traditional Foil","Standard","FF7","Mythic","Creature — Bird","G","No",0,0,0,0,"Near Mint (NM)",18.28,19.5,""
"Traveling Chocobo","","=IMAGE(""https://cards.scryfall.io/normal/front/f/5/f58e882a-c59f-4f72-91b5-0291f8360a2c.jpg?1783904641"", 1)","FIN","0568","Wave Foil","Wave Foil","Borderless","FF7","Mythic","Creature — Bird","G","No",0,0,0,0,"Near Mint (NM)","",120.87,""
"Traveling Chocobo","","=IMAGE(""https://cards.scryfall.io/normal/front/9/e/9eedb34d-9815-48d3-be1b-d08c0adb1448.jpg?1783906166"", 1)","PFIN","210s","Promo","Traditional Foil, Promo","Standard","FF7","Mythic","Creature — Bird","G","No",0,0,0,0,"Near Mint (NM)","",72.68,""
"Traveling Chocobo","","=IMAGE(""https://cards.scryfall.io/normal/front/2/8/28ce1dbc-508c-4d09-8e44-37bf5ebfdc8f.jpg?1783906500"", 1)","FIN","0406","Basic/Non-foil","Non-Foil, Traditional Foil","Borderless","FF7","Mythic","Creature — Bird","G","No",0,0,0,0,"Near Mint (NM)",31.61,44.75,""
"Traveling Chocobo","","=IMAGE(""https://cards.scryfall.io/normal/front/7/1/71b97e69-f198-41ec-9385-015ec2f0160f.jpg?1783906437"", 1)","FIN","0551","Traditional Foil","Traditional Foil","Borderless","FF15","Mythic","Creature — Bird","G","No",0,0,0,0,"Near Mint (NM)","",5950.0,""
"Traveling Chocobo","","=IMAGE(""https://cards.scryfall.io/normal/front/8/1/81690ce7-0651-40e4-9769-baebe10e2cbf.jpg?1783906438"", 1)","FIN","551a","Traditional Foil","Traditional Foil","Borderless","FF7","Mythic","Creature — Bird","G","No",0,0,0,0,"Near Mint (NM)","",1790.64,""
"Traveling Chocobo","","=IMAGE(""https://cards.scryfall.io/normal/front/a/c/ac3db85f-8cc3-4869-a555-882b62a1726b.jpg?1783906437"", 1)","FIN","551b","Traditional Foil","Traditional Foil","Borderless","FF7","Mythic","Creature — Bird","G","No",0,0,0,0,"Near Mint (NM)","",1804.41,""
"Traveling Chocobo","","=IMAGE(""https://cards.scryfall.io/normal/front/1/5/156cfd45-1556-4804-becf-039cfff7de3d.jpg?1783906436"", 1)","FIN","551c","Traditional Foil","Traditional Foil","Borderless","FF7","Mythic","Creature — Bird","G","No",0,0,0,0,"Near Mint (NM)","",1917.02,""
"Traveling Chocobo","","=IMAGE(""https://cards.scryfall.io/normal/front/e/4/e40d85a5-ecfa-4f95-920b-404eb448324f.jpg?1783906437"", 1)","FIN","551d","Traditional Foil","Traditional Foil","Borderless","FF7","Mythic","Creature — Bird","G","No",0,0,0,0,"Near Mint (NM)","",1864.08,""
"Traveling Chocobo","","=IMAGE(""https://cards.scryfall.io/normal/front/6/c/6ce8744a-ede3-4662-968a-360eb6639f08.jpg?1783906436"", 1)","FIN","551f","Serialized","Serialized","Borderless","FF7","Mythic","Creature — Bird","G","No",0,0,0,0,"Near Mint (NM)","","",""
"Travel the Overworld","","=IMAGE(""https://cards.scryfall.io/normal/front/a/a/aa5086e0-e2f2-498f-9035-1b31e1d21e0a.jpg?1783906626"", 1)","FIN","0082","Basic/Non-foil","Non-Foil, Traditional Foil","Standard","FF5","Uncommon","Sorcery","U","No",0,0,0,0,"Near Mint (NM)",0.2,0.29,""
"Giant of Babil","Traxos, Scourge of Kroog","=IMAGE(""https://cards.scryfall.io/normal/front/3/f/3f0cbff1-4b4e-4d60-b114-20bd3e977b25.jpg?1783906388"", 1)","FCA","0020","Basic/Non-foil","Non-Foil, Traditional Foil","Borderless","FF4","Rare","Legendary Artifact Creature — Construct","Colorless","No",0,0,0,0,"Near Mint (NM)",1.77,11.06,""
"Treasure","","=IMAGE(""https://cards.scryfall.io/normal/front/a/b/ab0cda01-10b5-4a1b-b2bb-ad8bb296590f.jpg?1783906129"", 1)","TFIN","0023","Basic/Non-foil","Non-Foil, Traditional Foil","Standard","FF1","Common","Token Artifact — Treasure","Colorless","No",0,0,0,0,"Near Mint (NM)","","",""
"Treasure","","=IMAGE(""https://cards.scryfall.io/normal/front/e/5/e5f4f810-f95a-41ac-9c3b-47254c03e766.jpg?1783906125"", 1)","TFIN","0036","Surge Foil","Surge Foil","Standard","FF1","Common","Token Artifact — Treasure","Colorless","No",0,0,0,0,"Near Mint (NM)","","",""
"Treno, Dark City","","=IMAGE(""https://cards.scryfall.io/normal/front/f/6/f6285535-bc44-4274-a886-b14d7c7aaba8.jpg?1783906545"", 1)","FIN","0290","Basic/Non-foil","Non-Foil, Traditional Foil","Standard","FF9","Common","Land — Town","BU","No",0,0,0,0,"Near Mint (NM)",0.18,0.25,""
"Triple Triad","","=IMAGE(""https://cards.scryfall.io/normal/front/d/9/d9a1de36-7f47-4b28-bb56-38d7e5bed82f.jpg?1783906594"", 1)","FIN","0166","Basic/Non-foil","Non-Foil, Traditional Foil","Standard","FF8","Rare","Enchantment","R","No",0,0,0,0,"Near Mint (NM)",0.37,0.58,""
"Triple Triad","","=IMAGE(""https://cards.scryfall.io/normal/front/6/4/64634ded-8ff9-4f99-afa7-137fc307c0b6.jpg?1783906173"", 1)","PFIN","166s","Promo","Traditional Foil, Promo","Standard","FF8","Rare","Enchantment","R","No",0,0,0,0,"Near Mint (NM)","",5.49,""
"Triple Triad","","=IMAGE(""https://cards.scryfall.io/normal/front/5/b/5bd84d2c-6f09-4aef-a98b-7b256c7de821.jpg?1783906527"", 1)","FIN","0340","Basic/Non-foil","Non-Foil, Traditional Foil","Borderless","FF8","Rare","Enchantment","R","No",0,0,0,0,"Near Mint (NM)",1.86,2.55,""
"Tromell, Seymour's Butler","","=IMAGE(""https://cards.scryfall.io/normal/front/0/f/0f4f6de2-1c3d-4f3b-b999-70879f9cbb26.jpg?1783906349"", 1)","FIC","0073","Surge Foil","Surge Foil","Standard","FF10","Rare","Legendary Creature — Elf Advisor","G","No",0,0,0,0,"Near Mint (NM)",0.35,"",""
"Tromell, Seymour's Butler","","=IMAGE(""https://cards.scryfall.io/normal/front/0/a/0ab4ee8a-acf7-46ec-a32a-befe1e0e7d58.jpg?1783906318"", 1)","FIC","0162","Basic/Non-foil","Non-Foil, Traditional Foil","Extended Art","FF10","Rare","Legendary Creature — Elf Advisor","G","No",0,0,0,0,"Near Mint (NM)",1.7,5.01,""
"Cecil Harvey","Tymna the Weaver","=IMAGE(""https://cards.scryfall.io/normal/front/8/7/87eff269-c8d7-479e-ade4-383b8622e70d.jpg?1783906389"", 1)","FCA","0018","Basic/Non-foil","Non-Foil, Traditional Foil","Borderless","FF4","Rare","Legendary Creature — Human Cleric","BW","No",0,0,0,0,"Near Mint (NM)",11.62,69.31,""
"Ultima","","=IMAGE(""https://cards.scryfall.io/normal/front/3/9/39504a0e-f63f-4907-afd7-c4492f6b8a3b.jpg?1783906642"", 1)","FIN","0038","Basic/Non-foil","Non-Foil, Traditional Foil","Standard","FF14","Rare","Sorcery","W","No",0,0,0,0,"Near Mint (NM)",0.53,0.87,""
"Ultima","","=IMAGE(""https://cards.scryfall.io/normal/front/1/5/1586fec8-08c5-4bd5-9167-cfae9ac8e2cb.jpg?1783906195"", 1)","PFIN","38s","Promo","Traditional Foil, Promo","Standard","FF14","Rare","Sorcery","W","No",0,0,0,0,"Near Mint (NM)","",10.4,""
"Ultima","","=IMAGE(""https://cards.scryfall.io/normal/front/e/6/e673fb51-d36c-42fb-91bf-805812522064.jpg?1783906531"", 1)","FIN","0328","Basic/Non-foil","Non-Foil, Traditional Foil","Borderless","FF14","Rare","Sorcery","W","No",0,0,0,0,"Near Mint (NM)",2.28,3.31,""
"Ultima, Origin of Oblivion","","=IMAGE(""https://cards.scryfall.io/normal/front/d/5/d55a4c02-1aa4-454c-9041-84937377a53b.jpg?1785650765"", 1)","FIN","0002","Basic/Non-foil","Non-Foil, Traditional Foil","Standard","FF16","Rare","Legendary Creature — God","Colorless","No",0,0,0,0,"Near Mint (NM)",0.81,1.77,""
"Ultima, Origin of Oblivion","","=IMAGE(""https://cards.scryfall.io/normal/front/6/7/67bd0d2c-2fcf-46e2-a303-52e37e086f5d.jpg?1785650769"", 1)","PFIN","2s","Promo","Traditional Foil, Promo","Standard","FF16","Rare","Legendary Creature — God","Colorless","No",0,0,0,0,"Near Mint (NM)","",11.08,""
"Ultima, Origin of Oblivion","","=IMAGE(""https://cards.scryfall.io/normal/front/2/a/2ac1b165-27ff-47f3-b598-43f7f021093a.jpg?1783906532"", 1)","FIN","0324","Basic/Non-foil","Non-Foil, Traditional Foil","Borderless","FF16","Rare","Legendary Creature — God","Colorless","No",0,0,0,0,"Near Mint (NM)",4.43,6.71,""
"Ultima, Origin of Oblivion","","=IMAGE(""https://cards.scryfall.io/normal/front/e/6/e6e27054-03e1-424e-92d8-6e77d7683d79.jpg?1785650773"", 1)","FIN","0421","Basic/Non-foil","Non-Foil, Traditional Foil","Extended Art","FF16","Rare","Legendary Creature — God","Colorless","No",0,0,0,0,"Near Mint (NM)",3.52,22.92,""
"Ultimate Magic: Holy","","=IMAGE(""https://cards.scryfall.io/normal/front/8/f/8fdb8414-2f08-42fb-ae0a-c7f0af1e144e.jpg?1783906364"", 1)","FIC","0032","Surge Foil","Surge Foil","Standard","FF7","Rare","Instant","W","No",0,0,0,0,"Near Mint (NM)",0.41,"",""
"Ultimate Magic: Holy","","=IMAGE(""https://cards.scryfall.io/normal/front/6/c/6c85ce70-7080-430e-8560-81bc09ca329e.jpg?1783906337"", 1)","FIC","0110","Basic/Non-foil","Non-Foil, Traditional Foil","Extended Art","FF7","Rare","Instant","W","No",0,0,0,0,"Near Mint (NM)",2.53,3.67,""
"Ultimate Magic: Meteor","","=IMAGE(""https://cards.scryfall.io/normal/front/b/5/b5b0f0fd-574a-4ae7-ab55-b815112d6b3a.jpg?1783906353"", 1)","FIC","0062","Surge Foil","Surge Foil","Standard","FF7","Rare","Sorcery","R","No",0,0,0,0,"Near Mint (NM)",0.24,"",""
"Ultimate Magic: Meteor","","=IMAGE(""https://cards.scryfall.io/normal/front/8/0/809276a9-4804-422f-abb0-ba302f329e6e.jpg?1783906333"", 1)","FIC","0121","Basic/Non-foil","Non-Foil, Traditional Foil","Extended Art","FF7","Rare","Sorcery","R","No",0,0,0,0,"Near Mint (NM)",0.47,1.1,""
"Ultima Weapon","","=IMAGE(""https://cards.scryfall.io/normal/front/b/9/b9162d08-a6ba-4e6e-b82c-9b092bd781dd.jpg?1783906432"", 1)","FIN","0563","Promo","Non-Foil","Standard","FF7","Rare","Legendary Artifact — Equipment","Colorless","No",0,0,0,0,"Near Mint (NM)",5.23,"",""
"Ultimecia, Temporal Threat","","=IMAGE(""https://cards.scryfall.io/normal/front/b/6/b64e4475-f1c6-4d85-b42f-6d84d06855bb.jpg?1783906436"", 1)","FIN","0556","Promo","Non-Foil","Standard","FF8","Rare","Legendary Creature — Human Warlock","U","No",0,0,0,0,"Near Mint (NM)",0.53,"",""
"Ultimecia, Temporal Threat","","=IMAGE(""https://cards.scryfall.io/normal/front/f/9/f988af75-acf4-41bb-b4c5-58492fd1f6a0.jpg?1783906485"", 1)","FIN","0441","Basic/Non-foil","Non-Foil, Traditional Foil","Extended Art","FF8","Rare","Legendary Creature — Human Warlock","U","No",0,0,0,0,"Near Mint (NM)",3.98,30.41,""
"Ultimecia, Time Sorceress // Ultimecia, Omnipotent","","=IMAGE(""https://cards.scryfall.io/normal/front/2/d/2d6a2b68-5407-464e-a335-7866fd969c30.jpg?1783906565"", 1)","FIN","0247","Basic/Non-foil","Non-Foil, Traditional Foil","Standard","FF8","Uncommon","Legendary Creature — Human Warlock // Legendary Creature — Nightmare Warlock","BU","No",0,0,0,0,"Near Mint (NM)",0.27,0.35,""
"Ultimecia, Time Sorceress // Ultimecia, Omnipotent","","=IMAGE(""https://cards.scryfall.io/normal/front/e/7/e7922b5a-6e75-4910-93ad-37e322073d35.jpg?1783906460"", 1)","FIN","0513","Basic/Non-foil","Non-Foil, Traditional Foil","Extended Art","FF8","Uncommon","Legendary Creature — Human Warlock // Legendary Creature — Nightmare Warlock","BU","No",0,0,0,0,"Near Mint (NM)",2.86,27.63,""
"Ultros, Obnoxious Octopus","","=IMAGE(""https://cards.scryfall.io/normal/front/1/4/14379198-9a0a-4853-9d51-fb074a24b1c0.jpg?1783906626"", 1)","FIN","0083","Basic/Non-foil","Non-Foil, Traditional Foil","Standard","FF6","Uncommon","Legendary Creature — Octopus","U","No",0,0,0,0,"Near Mint (NM)",0.19,0.25,""
"Ultros, Obnoxious Octopus","","=IMAGE(""https://cards.scryfall.io/normal/front/9/e/9e3f57b6-0d03-4176-8c2a-0937437fb62e.jpg?1783906484"", 1)","FIN","0442","Basic/Non-foil","Non-Foil, Traditional Foil","Extended Art","FF6","Uncommon","Legendary Creature — Octopus","U","No",0,0,0,0,"Near Mint (NM)",1.19,15.1,""
"Umaro, Raging Yeti","","=IMAGE(""https://cards.scryfall.io/normal/front/3/1/31aed8e9-44be-4e7c-85ac-a084eaecaea7.jpg?1783906353"", 1)","FIC","0063","Surge Foil","Surge Foil","Standard","FF6","Rare","Legendary Creature — Yeti Berserker","R","No",0,0,0,0,"Near Mint (NM)",0.17,"",""
"Umaro, Raging Yeti","","=IMAGE(""https://cards.scryfall.io/normal/front/8/5/85b5e0a7-8d3c-4d79-b507-8d4ce9a04328.jpg?1783906320"", 1)","FIC","0156","Basic/Non-foil","Non-Foil, Traditional Foil","Extended Art","FF6","Rare","Legendary Creature — Yeti Berserker","R","No",0,0,0,0,"Near Mint (NM)",0.33,1.72,""
"Undercity Dire Rat","","=IMAGE(""https://cards.scryfall.io/normal/front/2/7/274788f4-fbf3-4a15-bdc0-f513a2fde30d.jpg?1783906610"", 1)","FIN","0123","Basic/Non-foil","Non-Foil, Traditional Foil","Standard","FF12","Common","Creature — Rat","B","No",0,0,0,0,"Near Mint (NM)",0.18,0.28,""
"Underground River","","=IMAGE(""https://cards.scryfall.io/normal/front/c/2/c219a41a-d5f4-42f3-841c-2518be583198.jpg?1783906202"", 1)","FIC","0439","Surge Foil","Surge Foil","Standard","FF14","Rare","Land","BU","No",0,0,0,0,"Near Mint (NM)",1.67,"",""
"Unexpected Request","","=IMAGE(""https://cards.scryfall.io/normal/front/0/2/0265fd20-a85d-49ce-b338-4c40843a5b18.jpg?1783906594"", 1)","FIN","0167","Basic/Non-foil","Non-Foil, Traditional Foil","Standard","FF9","Uncommon","Sorcery","R","No",0,0,0,0,"Near Mint (NM)",0.21,0.28,""
"Unfinished Business","","=IMAGE(""https://cards.scryfall.io/normal/front/7/6/76c9b6c1-05de-4c16-8ebf-ea68aa110a69.jpg?1783906279"", 1)","FIC","0259","Surge Foil","Surge Foil","Standard","FF7","Rare","Sorcery","W","No",0,0,0,0,"Near Mint (NM)",0.23,"",""
"Urianger Augurelt","","=IMAGE(""https://cards.scryfall.io/normal/front/4/4/44d44107-da15-41b9-8dfb-6335c1cbd83a.jpg?1783906341"", 1)","FIC","0096","Surge Foil","Surge Foil","Standard","FF14","Rare","Legendary Creature — Elf Advisor","UW","No",0,0,0,0,"Near Mint (NM)",0.21,"",""
"Urianger Augurelt","","=IMAGE(""https://cards.scryfall.io/normal/front/e/b/ebbd957a-db0f-4f3c-8269-801feb6a53db.jpg?1783906308"", 1)","FIC","0189","Basic/Non-foil","Non-Foil, Traditional Foil","Extended Art","FF14","Rare","Legendary Creature — Elf Advisor","UW","No",0,0,0,0,"Near Mint (NM)",0.36,3.43,""
"Terra Branford","Urza, Lord High Artificer","=IMAGE(""https://cards.scryfall.io/normal/front/9/8/98294441-b5a1-4b59-9325-80d0ff913ebd.jpg?1783906394"", 1)","FCA","0005","Basic/Non-foil","Non-Foil, Traditional Foil","Borderless","FF6","Mythic","Legendary Creature — Human Artificer","U","No",0,0,0,0,"Near Mint (NM)",25.35,277.63,""
"Vaan, Street Thief","","=IMAGE(""https://cards.scryfall.io/normal/front/5/0/50e1ec29-9de3-4f1b-b818-057e030d475b.jpg?1783906593"", 1)","FIN","0168","Basic/Non-foil","Non-Foil, Traditional Foil","Standard","FF12","Rare","Legendary Creature — Human Scout","R","No",0,0,0,0,"Near Mint (NM)",0.33,0.41,""
"Vaan, Street Thief","","=IMAGE(""https://cards.scryfall.io/normal/front/5/c/5c04ec8b-967e-4ad3-b11b-eebb09821d8f.jpg?1783906173"", 1)","PFIN","168s","Promo","Traditional Foil, Promo","Standard","FF12","Rare","Legendary Creature — Human Scout","R","No",0,0,0,0,"Near Mint (NM)","",3.83,""
"Vaan, Street Thief","","=IMAGE(""https://cards.scryfall.io/normal/front/6/d/6db5c3de-eb63-40f1-a721-9f2de47ea59e.jpg?1783906505"", 1)","FIN","0390","Basic/Non-foil","Non-Foil, Traditional Foil","Borderless","FF12","Rare","Legendary Creature — Human Scout","R","No",0,0,0,0,"Near Mint (NM)",1.05,1.4,""
"Vaan, Street Thief","","=IMAGE(""https://cards.scryfall.io/normal/front/d/b/dbd01ef3-0b06-46a3-97f9-eaff2a539a4a.jpg?1783906475"", 1)","FIN","0467","Basic/Non-foil","Non-Foil, Traditional Foil","Extended Art","FF12","Rare","Legendary Creature — Human Scout","R","No",0,0,0,0,"Near Mint (NM)",1.13,4.91,""
"Vaan, Street Thief","","=IMAGE(""https://cards.scryfall.io/normal/front/9/c/9cbdcfad-dd4f-4405-9379-eb11c6e4d4f5.jpg?1783906442"", 1)","FIN","0535","Surge Foil","Surge Foil","Borderless","FF12","Rare","Legendary Creature — Human Scout","R","No",0,0,0,0,"Near Mint (NM)","",11.03,""
"Valkyrie Aerial Unit","","=IMAGE(""https://cards.scryfall.io/normal/front/b/4/b40a055f-ea66-44d4-b058-a328a3d10994.jpg?1783906626"", 1)","FIN","0084","Basic/Non-foil","Non-Foil, Traditional Foil","Standard","FF7","Uncommon","Artifact Creature — Construct","U","No",0,0,0,0,"Near Mint (NM)",0.19,0.26,""
"Vandalblast","","=IMAGE(""https://cards.scryfall.io/normal/front/9/b/9b5a8df2-2bc0-408c-a9d2-e70c0f56642d.jpg?1783906262"", 1)","FIC","0298","Surge Foil","Surge Foil","Standard","FF7","Uncommon","Sorcery","R","No",0,0,0,0,"Near Mint (NM)",1.25,"",""
"Vanille, Cheerful l'Cie","","=IMAGE(""https://cards.scryfall.io/normal/front/9/1/91226c1a-63a0-494e-bcf0-77c2d6f49213.jpg?1783906577"", 1)","FIN","0211","Basic/Non-foil","Non-Foil, Traditional Foil","Standard","FF13","Uncommon","Legendary Creature — Human Cleric","BG","No",0,0,0,0,"Near Mint (NM)",0.19,0.29,""
"Vanille, Cheerful l'Cie","","=IMAGE(""https://cards.scryfall.io/normal/front/2/8/28cdd11b-7337-4696-b2a0-77236c7b7210.jpg?1783906505"", 1)","FIN","0392","Basic/Non-foil","Non-Foil, Traditional Foil","Borderless","FF13","Uncommon","Legendary Creature — Human Cleric","BG","No",0,0,0,0,"Near Mint (NM)",0.42,0.7,""
"Vanille, Cheerful l'Cie","","=IMAGE(""https://cards.scryfall.io/normal/front/6/c/6c752ee2-81b0-468a-a54b-740c22f2334e.jpg?1783906471"", 1)","FIN","0475","Basic/Non-foil","Non-Foil, Traditional Foil","Extended Art","FF13","Uncommon","Legendary Creature — Human Cleric","BG","No",0,0,0,0,"Near Mint (NM)",1.09,18.18,""
"Vanille, Cheerful l'Cie","","=IMAGE(""https://cards.scryfall.io/normal/front/f/1/f1083637-7c43-44e0-8029-ad56cca8cc19.jpg?1783906443"", 1)","FIN","0537","Surge Foil","Surge Foil","Borderless","FF13","Uncommon","Legendary Creature — Human Cleric","BG","No",0,0,0,0,"Near Mint (NM)","",6.73,""
"Vanquish the Horde","","=IMAGE(""https://cards.scryfall.io/normal/front/5/b/5bb0f6ec-6448-40bd-a819-b828b85b2118.jpg?1783906281"", 1)","FIC","0260","Surge Foil","Surge Foil","Standard","FF7","Rare","Sorcery","W","No",0,0,0,0,"Near Mint (NM)",0.28,"",""
"Ardyn Izunia","Varragoth, Bloodsky Sire","=IMAGE(""https://cards.scryfall.io/normal/front/e/6/e6628dee-54b1-4e04-90b2-3b327a2de090.jpg?1783906384"", 1)","FCA","0037","Basic/Non-foil","Non-Foil, Traditional Foil","Borderless","FF15","Rare","Legendary Creature — Demon Rogue","B","No",0,0,0,0,"Near Mint (NM)",3.35,11.87,""
"Vayne's Treachery","","=IMAGE(""https://cards.scryfall.io/normal/front/6/d/6de6d23b-7d42-41c1-be1c-010fe43ee586.jpg?1783906610"", 1)","FIN","0124","Basic/Non-foil","Non-Foil, Traditional Foil","Standard","FF12","Common","Instant","B","No",0,0,0,0,"Near Mint (NM)",0.1,0.22,""
"Vector, Imperial Capital","","=IMAGE(""https://cards.scryfall.io/normal/front/1/0/10e5648e-4884-41e3-95f8-c76f6bca01e2.jpg?1783906545"", 1)","FIN","0291","Basic/Non-foil","Non-Foil, Traditional Foil","Standard","FF6","Common","Land — Town","BR","No",0,0,0,0,"Near Mint (NM)",0.16,0.32,""
"Venat, Heart of Hydaelyn // Hydaelyn, the Mothercrystal","","=IMAGE(""https://cards.scryfall.io/normal/front/2/6/2625c00d-0a51-4481-bf36-cf13a2546242.jpg?1783906647"", 1)","FIN","0039","Basic/Non-foil","Non-Foil, Traditional Foil","Standard","FF14","Rare","Legendary Creature — Elder Wizard // Legendary Creature — God","W","No",0,0,0,0,"Near Mint (NM)",1.92,2.08,""
"Venat, Heart of Hydaelyn // Hydaelyn, the Mothercrystal","","=IMAGE(""https://cards.scryfall.io/normal/front/3/9/395e13e2-1884-4aee-971d-00692b429a88.jpg?1783906199"", 1)","PFIN","39s","Promo","Traditional Foil, Promo","Standard","FF14","Rare","Legendary Creature — Elder Wizard // Legendary Creature — God","W","No",0,0,0,0,"Near Mint (NM)","",7.41,""
"Venat, Heart of Hydaelyn // Hydaelyn, the Mothercrystal","","=IMAGE(""https://cards.scryfall.io/normal/front/a/9/a9a432dc-6e53-48d2-8fbe-b01bd2cab6dd.jpg?1783906536"", 1)","FIN","0329","Basic/Non-foil","Non-Foil, Traditional Foil","Borderless","FF14","Rare","Legendary Creature — Elder Wizard // Legendary Creature — God","W","No",0,0,0,0,"Near Mint (NM)",7.68,11.25,""
"Venat, Heart of Hydaelyn // Hydaelyn, the Mothercrystal","","=IMAGE(""https://cards.scryfall.io/normal/front/7/9/790d1050-025a-4792-8e89-24b14278eec5.jpg?1783906492"", 1)","FIN","0434","Basic/Non-foil","Non-Foil, Traditional Foil","Extended Art","FF14","Rare","Legendary Creature — Elder Wizard // Legendary Creature — God","W","No",0,0,0,0,"Near Mint (NM)",3.42,14.51,""
"Master Xande","Venser, Shaper Savant","=IMAGE(""https://cards.scryfall.io/normal/front/d/9/d9aa060d-8682-4803-9ab9-052250e3d794.jpg?1783906394"", 1)","FCA","0006","Basic/Non-foil","Non-Foil, Traditional Foil","Borderless","FF3","Rare","Legendary Creature — Human Wizard","U","No",0,0,0,0,"Near Mint (NM)",1.54,11.81,""
"Clive Rosfield","Vial Smasher the Fierce","=IMAGE(""https://cards.scryfall.io/normal/front/9/5/958077e8-a226-4cb5-839f-35557051c953.jpg?1783906376"", 1)","FCA","0059","Basic/Non-foil","Non-Foil, Traditional Foil","Borderless","FF16","Mythic","Legendary Creature — Goblin Berserker","BR","No",0,0,0,0,"Near Mint (NM)",10.29,67.26,""
"Vincent's Limit Break","","=IMAGE(""https://cards.scryfall.io/normal/front/0/5/0502c426-5271-4989-8598-5bc159afe79c.jpg?1783906608"", 1)","FIN","0126","Basic/Non-foil","Non-Foil, Traditional Foil","Standard","FF7","Common","Instant","B","No",0,0,0,0,"Near Mint (NM)",0.19,0.27,""
"Vincent Valentine // Galian Beast","","=IMAGE(""https://cards.scryfall.io/normal/front/0/2/028ef608-acfe-4e9d-90db-eca4411ba78a.jpg?1783906613"", 1)","FIN","0125","Basic/Non-foil","Non-Foil, Traditional Foil","Standard","FF7","Rare","Legendary Creature — Assassin // Legendary Creature — Werewolf Beast","B","No",0,0,0,0,"Near Mint (NM)",1.53,1.62,""
"Vincent Valentine // Galian Beast","","=IMAGE(""https://cards.scryfall.io/normal/front/4/2/4287bbc3-df6b-453f-8d60-a929be013f30.jpg?1783906185"", 1)","PFIN","125s","Promo","Traditional Foil, Promo","Standard","FF7","Rare","Legendary Creature — Assassin // Legendary Creature — Werewolf Beast","B","No",0,0,0,0,"Near Mint (NM)","",12.6,""
"Vincent Valentine // Galian Beast","","=IMAGE(""https://cards.scryfall.io/normal/front/2/2/221efaa7-ba6e-4f6e-99d1-e258b91091f7.jpg?1783906515"", 1)","FIN","0383","Basic/Non-foil","Non-Foil, Traditional Foil","Borderless","FF7","Rare","Legendary Creature — Assassin // Legendary Creature — Werewolf Beast","B","No",0,0,0,0,"Near Mint (NM)",7.87,9.53,""
"Vincent Valentine // Galian Beast","","=IMAGE(""https://cards.scryfall.io/normal/front/2/b/2b2a676e-901f-4e0e-87c6-69820f319d7f.jpg?1783906483"", 1)","FIN","0454","Basic/Non-foil","Non-Foil, Traditional Foil","Extended Art","FF7","Rare","Legendary Creature — Assassin // Legendary Creature — Werewolf Beast","B","No",0,0,0,0,"Near Mint (NM)",5.42,25.7,""
"Vincent Valentine // Galian Beast","","=IMAGE(""https://cards.scryfall.io/normal/front/1/5/15ea1113-7360-462d-91b8-22d5110cbf5a.jpg?1783906452"", 1)","FIN","0528","Surge Foil","Surge Foil","Borderless","FF7","Rare","Legendary Creature — Assassin // Legendary Creature — Werewolf Beast","B","No",0,0,0,0,"Near Mint (NM)","",47.22,""
"Vincent, Vengeful Atoner","","=IMAGE(""https://cards.scryfall.io/normal/front/9/e/9e53d0b2-eeb0-4d54-86e5-723e05aaf6da.jpg?1783906353"", 1)","FIC","0064","Surge Foil","Surge Foil","Standard","FF7","Rare","Legendary Creature — Assassin","R","No",0,0,0,0,"Near Mint (NM)",0.33,"",""
"Vincent, Vengeful Atoner","","=IMAGE(""https://cards.scryfall.io/normal/front/9/6/96c957b1-ef31-4575-9003-fe4a649d303b.jpg?1783906320"", 1)","FIC","0157","Basic/Non-foil","Non-Foil, Traditional Foil","Extended Art","FF7","Rare","Legendary Creature — Assassin","R","No",0,0,0,0,"Near Mint (NM)",2.46,11.93,""
"Vindicate","","=IMAGE(""https://cards.scryfall.io/normal/front/1/b/1b2c1bf2-d03a-4cd5-ab51-26c928949497.jpg?1783906250"", 1)","FIC","0330","Surge Foil","Surge Foil","Standard","FF14","Rare","Sorcery","BW","No",0,0,0,0,"Near Mint (NM)",0.33,"",""
"Vineglimmer Snarl","","=IMAGE(""https://cards.scryfall.io/normal/front/3/5/353758ce-419f-4f6a-93f4-42a746c4a26d.jpg?1783906202"", 1)","FIC","0440","Surge Foil","Surge Foil","Standard","FF10","Rare","Land","GU","No",0,0,0,0,"Near Mint (NM)",0.2,"",""
"Vivi Ornitier","","=IMAGE(""https://cards.scryfall.io/normal/front/e/c/ecc1027a-8c07-44a0-bdde-fa2844cff694.jpg?1783906561"", 1)","FIN","0248","Basic/Non-foil","Non-Foil, Traditional Foil","Standard","FF9","Mythic","Legendary Creature — Wizard","RU","No",0,0,0,0,"Near Mint (NM)",37.84,49.18,""
"Vivi Ornitier","","=IMAGE(""https://cards.scryfall.io/normal/front/2/5/25ef2d44-c261-4511-b96f-85e7a291e318.jpg?1783904640"", 1)","FIN","0570","Wave Foil","Wave Foil","Borderless","FF9","Mythic","Legendary Creature — Wizard","RU","No",0,0,0,0,"Near Mint (NM)","",228.32,""
"Vivi Ornitier","","=IMAGE(""https://cards.scryfall.io/normal/front/2/b/2b675f4f-e329-4110-828a-f4d3e1358e15.jpg?1783906155"", 1)","PFIN","248s","Promo","Traditional Foil, Promo","Standard","FF9","Mythic","Legendary Creature — Wizard","RU","No",0,0,0,0,"Near Mint (NM)","",90.58,""
"Vivi Ornitier","","=IMAGE(""https://cards.scryfall.io/normal/front/a/d/ada6aeb6-8c9f-4498-9326-b4da0fcb19a3.jpg?1783906533"", 1)","FIN","0321","Basic/Non-foil","Non-Foil, Traditional Foil","Borderless","FF9","Mythic","Legendary Creature — Wizard","RU","No",0,0,0,0,"Near Mint (NM)",82.89,186.36,""
"Vivi Ornitier","","=IMAGE(""https://cards.scryfall.io/normal/front/0/c/0cfc4614-f6c1-4247-ab96-5bd41006ad85.jpg?1783906455"", 1)","FIN","0514","Basic/Non-foil","Non-Foil, Traditional Foil","Extended Art","FF9","Mythic","Legendary Creature — Wizard","RU","No",0,0,0,0,"Near Mint (NM)",57.33,140.89,""
"Vivi Ornitier // Vivi Ornitier","","=IMAGE(""https://cards.scryfall.io/normal/front/c/e/ce06b786-f407-46fc-920c-238363e18913.jpg?1783906417"", 1)","AFIN","0017","Basic/Non-foil","Non-Foil, Traditional Foil","Art Card","FF9","Common","Card // Card","Colorless","No",0,0,0,0,"Near Mint (NM)","","",""
"Vivi's Persistence","","=IMAGE(""https://cards.scryfall.io/normal/front/b/e/be6ba2e4-e657-4a2d-8f5f-255376d861b3.jpg?1783904652"", 1)","FIC","0458","Basic/Non-foil","Non-Foil, Traditional Foil","Borderless","FF9","Rare","Instant","R","No",0,0,0,0,"Near Mint (NM)",47.71,51.54,""
"Vivi's Persistence // Vivi's Persistence","","=IMAGE(""https://cards.scryfall.io/normal/front/8/2/82bfac4e-fb59-4463-832d-585e5d915564.jpg?1783904663"", 1)","AFIC","0017","Basic/Non-foil","Non-Foil, Traditional Foil","Art Card","FF9","Common","Card // Card","Colorless","No",0,0,0,0,"Near Mint (NM)","","",""
"Void Rend","","=IMAGE(""https://cards.scryfall.io/normal/front/b/1/b1fe4252-f5f8-405a-82c4-2c7b35e7e7fb.jpg?1783906248"", 1)","FIC","0331","Surge Foil","Surge Foil","Standard","FF14","Rare","Instant","BUW","No",0,0,0,0,"Near Mint (NM)",0.36,"",""
"Wakka, Devoted Guardian","","=IMAGE(""https://cards.scryfall.io/normal/front/9/f/9f7fcef4-99fc-4df2-b0f5-4398f71b2fcf.jpg?1783906341"", 1)","FIC","0097","Surge Foil","Surge Foil","Standard","FF10","Rare","Legendary Creature — Human Warrior","GW","No",0,0,0,0,"Near Mint (NM)",0.26,"",""
"Wakka, Devoted Guardian","","=IMAGE(""https://cards.scryfall.io/normal/front/8/e/8e036ebd-1749-4c41-9840-8dc5f69d6c86.jpg?1783904644"", 1)","FIC","0477","Wave Foil","Wave Foil","Borderless","FF10","Rare","Legendary Creature — Human Warrior","GW","No",0,0,0,0,"Near Mint (NM)","",31.79,""
"Wakka, Devoted Guardian","","=IMAGE(""https://cards.scryfall.io/normal/front/c/9/c959214d-1a61-4995-b477-46d9298ae692.jpg?1783906308"", 1)","FIC","0190","Basic/Non-foil","Non-Foil, Traditional Foil","Extended Art","FF10","Rare","Legendary Creature — Human Warrior","GW","No",0,0,0,0,"Near Mint (NM)",0.77,3.43,""
"Walking Ballista","","=IMAGE(""https://cards.scryfall.io/normal/front/5/0/50507ec0-72ff-4110-a73c-b6f256ac2e35.jpg?1783906229"", 1)","FIC","0371","Surge Foil","Surge Foil","Standard","FF10","Rare","Artifact Creature — Construct","Colorless","No",0,0,0,0,"Near Mint (NM)",7.62,"",""
"The Imperial City of Archades","Wall of Omens","=IMAGE(""https://cards.scryfall.io/normal/front/a/e/ae94ab2a-5a6b-4358-ad7f-bdc9a98a9ac0.jpg?1783906386"", 1)","FCA","0027","Basic/Non-foil","Non-Foil, Traditional Foil","Borderless","FF12","Uncommon","Creature — Wall","W","No",0,0,0,0,"Near Mint (NM)",0.29,0.77,""
"Warrior's Resolve","","=IMAGE(""https://cards.scryfall.io/normal/front/7/2/7263ef64-dc8d-4a58-91b9-ff4f718e53ae.jpg?1783904648"", 1)","FIC","0465","Basic/Non-foil","Non-Foil, Traditional Foil","Borderless","FF15","Rare","Enchantment","W","No",0,0,0,0,"Near Mint (NM)",2.7,1.58,""
"Warrior's Resolve // Warrior's Resolve","","=IMAGE(""https://cards.scryfall.io/normal/front/5/4/54e12165-f09b-49b1-b834-9cb4ee096a48.jpg?1783904662"", 1)","AFIC","0024","Basic/Non-foil","Non-Foil, Traditional Foil","Art Card","FF15","Common","Card // Card","Colorless","No",0,0,0,0,"Near Mint (NM)","","",""
"Warrior's Sword","","=IMAGE(""https://cards.scryfall.io/normal/front/c/b/cb98a7dd-542e-4448-b3bb-ff5d67a36535.jpg?1783906593"", 1)","FIN","0169","Basic/Non-foil","Non-Foil, Traditional Foil","Standard","FF1","Common","Artifact — Equipment","R","No",0,0,0,0,"Near Mint (NM)",0.16,0.16,""
"Wastes","","=IMAGE(""https://cards.scryfall.io/normal/front/c/6/c61feafd-ef09-437c-a12c-fd7d6cb8c15a.jpg?1783906539"", 1)","FIN","0309","Basic/Non-foil","Non-Foil, Traditional Foil","Standard","FF16","Common","Basic Land","Colorless","No",0,0,0,0,"Near Mint (NM)",1.21,1.27,""
"Wayfarer's Bauble","","=IMAGE(""https://cards.scryfall.io/normal/front/6/9/69dd3fa7-5498-4b88-bc98-6de8ca5fe007.jpg?1783906229"", 1)","FIC","0372","Surge Foil","Surge Foil","Standard","FF6","Common","Artifact","Colorless","No",0,0,0,0,"Near Mint (NM)",0.34,"",""
"Weapons Vendor","","=IMAGE(""https://cards.scryfall.io/normal/front/c/9/c9e6b374-3e44-4df7-b0a3-4ef98dc08267.jpg?1783906642"", 1)","FIN","0040","Basic/Non-foil","Non-Foil, Traditional Foil","Standard","FF7","Common","Creature — Human Artificer","W","No",0,0,0,0,"Near Mint (NM)",0.21,0.27,""
"White Auracite","","=IMAGE(""https://cards.scryfall.io/normal/front/2/d/2df6f515-9d21-4769-b1c4-c219611bccbb.jpg?1783906641"", 1)","FIN","0041","Basic/Non-foil","Non-Foil, Traditional Foil","Standard","FF14","Common","Artifact","W","No",0,0,0,0,"Near Mint (NM)",0.16,0.3,""
"White Auracite","","=IMAGE(""https://cards.scryfall.io/normal/front/b/8/b8921d64-fdd3-4cdd-9687-983c8d6e0f72.jpg?1783906431"", 1)","FIN","0579","Surge Foil","Surge Foil","Standard","FF14","Common","Artifact","W","No",0,0,0,0,"Near Mint (NM)","",3.28,""
"White Mage's Staff","","=IMAGE(""https://cards.scryfall.io/normal/front/3/0/30db372e-0b4c-4e16-9667-bf3fda666f72.jpg?1783906642"", 1)","FIN","0042","Basic/Non-foil","Non-Foil, Traditional Foil","Standard","FF1","Common","Artifact — Equipment","W","No",0,0,0,0,"Near Mint (NM)",0.23,0.28,""
"Windurst, Federation Center","","=IMAGE(""https://cards.scryfall.io/normal/front/c/7/c74024bd-b383-468d-9cf5-d112a29f6457.jpg?1783906545"", 1)","FIN","0292","Basic/Non-foil","Non-Foil, Traditional Foil","Standard","FF11","Common","Land — Town","GW","No",0,0,0,0,"Near Mint (NM)",0.2,0.31,""
"Bartz Klauser","Winota, Joiner of Forces","=IMAGE(""https://cards.scryfall.io/normal/front/6/e/6e1a948f-2d7f-4398-9f56-90dac6897c69.jpg?1783906389"", 1)","FCA","0019","Basic/Non-foil","Non-Foil, Traditional Foil","Borderless","FF5","Rare","Legendary Creature — Human Warrior","RW","No",0,0,0,0,"Near Mint (NM)",2.15,13.34,""
"Wizard","","=IMAGE(""https://cards.scryfall.io/normal/front/1/8/187fe54c-7d0c-4225-9d46-3affbead897d.jpg?1783906133"", 1)","TFIN","0014","Basic/Non-foil","Non-Foil, Traditional Foil","Standard","FF9","Common","Token Creature — Wizard","B","No",0,0,0,0,"Near Mint (NM)","","",""
"Wizard","","=IMAGE(""https://cards.scryfall.io/normal/front/e/2/e27f28ec-d5e7-4415-96cc-b666cdecae08.jpg?1783906133"", 1)","TFIN","0015","Basic/Non-foil","Non-Foil, Traditional Foil","Standard","FF14","Common","Token Creature — Wizard","B","No",0,0,0,0,"Near Mint (NM)","","",""
"Wizard","","=IMAGE(""https://cards.scryfall.io/normal/front/0/4/04ae24bf-0b24-4996-afae-7bf9f9d7471c.jpg?1783906124"", 1)","TFIN","0035","Surge Foil","Surge Foil","Standard","FF14","Common","Token Creature — Wizard","B","No",0,0,0,0,"Near Mint (NM)","","",""
"Wooded Ridgeline","","=IMAGE(""https://cards.scryfall.io/normal/front/6/7/672b6ef0-a21a-4bf0-9058-58d9a353ed57.jpg?1783906201"", 1)","FIC","0441","Surge Foil","Surge Foil","Standard","FF7","Common","Land — Mountain Forest","GR","No",0,0,0,0,"Near Mint (NM)",0.26,"",""
"World Map","","=IMAGE(""https://cards.scryfall.io/normal/front/7/0/70d9ab99-ec8a-402e-ba1d-ffa6c4c84a3f.jpg?1783906553"", 1)","FIN","0270","Basic/Non-foil","Non-Foil, Traditional Foil","Standard","FF1","Common","Artifact","Colorless","No",0,0,0,0,"Near Mint (NM)",0.26,0.32,""
"Wrecking Ball Arm","","=IMAGE(""https://cards.scryfall.io/normal/front/e/1/e1f16620-08d6-49bd-9f75-d89ae46bfd1f.jpg?1783906340"", 1)","FIC","0100","Surge Foil","Surge Foil","Standard","FF7","Rare","Legendary Artifact — Equipment","Colorless","No",0,0,0,0,"Near Mint (NM)",0.41,"",""
"Wrecking Ball Arm","","=IMAGE(""https://cards.scryfall.io/normal/front/c/9/c934a62e-d327-44ce-9155-7dc424daec36.jpg?1783906329"", 1)","FIC","0128","Basic/Non-foil","Non-Foil, Traditional Foil","Extended Art","FF7","Rare","Legendary Artifact — Equipment","Colorless","No",0,0,0,0,"Near Mint (NM)",1.09,1.92,""
"Xande, Dark Mage","","=IMAGE(""https://cards.scryfall.io/normal/front/1/c/1caed9a8-b73b-470e-b9d8-8c3b7cac3eee.jpg?1783906432"", 1)","FIN","0561","Promo","Non-Foil","Standard","FF3","Rare","Legendary Creature — Human Wizard","BU","No",0,0,0,0,"Near Mint (NM)",0.24,"",""
"Xande, Dark Mage","","=IMAGE(""https://cards.scryfall.io/normal/front/e/1/e11df7e8-e154-4fe2-b8d6-a452d0e0d7d5.jpg?1783906452"", 1)","FIN","0516","Basic/Non-foil","Non-Foil, Traditional Foil","Extended Art","FF3","Rare","Legendary Creature — Human Wizard","BU","No",0,0,0,0,"Near Mint (NM)",1.22,6.41,""
"The Emperor, Hell Tyrant","Yawgmoth, Thran Physician","=IMAGE(""https://cards.scryfall.io/normal/front/6/e/6ed83401-0b7e-48c7-b1a4-8e97aec29960.jpg?1783906392"", 1)","FCA","0011","Basic/Non-foil","Non-Foil, Traditional Foil","Borderless","FF2","Mythic","Legendary Creature — Human Cleric","B","No",0,0,0,0,"Near Mint (NM)",26.45,138.21,""
"Yiazmat, Ultimate Mark // Yiazmat, Ultimate Mark","","=IMAGE(""https://cards.scryfall.io/normal/front/1/c/1cc61bfc-45e0-43aa-9bc2-039fada63281.jpg?1783906423"", 1)","AFIN","0007","Basic/Non-foil","Non-Foil, Traditional Foil","Art Card","FF12","Common","Card // Card","Colorless","No",0,0,0,0,"Near Mint (NM)","","",""
"You're Not Alone","","=IMAGE(""https://cards.scryfall.io/normal/front/1/8/1867b5cb-2bb0-4f49-b302-036fdffa2344.jpg?1783906640"", 1)","FIN","0044","Basic/Non-foil","Non-Foil, Traditional Foil","Standard","FF9","Common","Instant","W","No",0,0,0,0,"Near Mint (NM)",0.16,0.22,""
"Y'shtola, Night's Blessed","","=IMAGE(""https://cards.scryfall.io/normal/front/c/7/c7f2c2d5-e052-49e8-b5de-712858c2ea78.jpg?1783906373"", 1)","FIC","0007","Basic/Non-foil","Non-Foil, Traditional Foil","Standard","FF14","Mythic","Legendary Creature — Cat Warlock","BUW","No",0,0,0,0,"Near Mint (NM)",3.26,3.65,""
"Y'shtola, Night's Blessed","","=IMAGE(""https://cards.scryfall.io/normal/front/0/b/0bda4de9-d0ec-4d27-b92b-8a76779747cf.jpg?1783906309"", 1)","FIC","0191","Basic/Non-foil","Non-Foil, Traditional Foil","Extended Art","FF14","Mythic","Legendary Creature — Cat Warlock","BUW","No",0,0,0,0,"Near Mint (NM)",15.56,34.39,""
"Y'shtola, Night's Blessed","","=IMAGE(""https://cards.scryfall.io/normal/front/5/1/514ad860-dff2-45f2-ad5c-77c776c1cf74.jpg?1783906302"", 1)","FIC","0207","Basic/Non-foil","Non-Foil, Traditional Foil","Borderless","FF14","Mythic","Legendary Creature — Cat Warlock","BUW","No",0,0,0,0,"Near Mint (NM)",198.54,318.17,""
"Y'shtola, Night's Blessed","","=IMAGE(""https://cards.scryfall.io/normal/front/5/8/58cca3dc-eac8-4ef6-a2c0-d46d9240d06b.jpg?1783906299"", 1)","FIC","0215","Surge Foil","Surge Foil","Borderless","FF14","Mythic","Legendary Creature — Cat Warlock","BUW","No",0,0,0,0,"Near Mint (NM)","",997.43,""
"Y'shtola, Night's Blessed","","=IMAGE(""https://cards.scryfall.io/normal/front/e/8/e8df6177-e14d-4dc9-bfc6-5e5f31c2834d.jpg?1783906296"", 1)","FIC","0226","Surge Foil","Surge Foil","Standard","FF14","Mythic","Legendary Creature — Cat Warlock","BUW","No",0,0,0,0,"Near Mint (NM)","",8.74,""
"Y'shtola, Night's Blessed // Y'shtola, Night's Blessed","","=IMAGE(""https://cards.scryfall.io/normal/front/6/e/6ebeaadd-5c7a-4047-a009-c9e0fa5993be.jpg?1783906416"", 1)","AFIN","0021","Basic/Non-foil","Non-Foil, Traditional Foil","Art Card","FF14","Common","Card // Card","Colorless","No",0,0,0,0,"Near Mint (NM)","","",""
"Y'shtola, Night's Blessed // Y'shtola, Night's Blessed","","=IMAGE(""https://cards.scryfall.io/normal/front/c/4/c4a45167-f115-4573-bfa3-22cb9ec8ca60.jpg?1783906400"", 1)","AFIN","0053","Basic/Non-foil","Non-Foil, Traditional Foil","Art Card","FF14","Common","Card // Card","Colorless","No",0,0,0,0,"Near Mint (NM)","","",""
"Y'shtola Rhul","","=IMAGE(""https://cards.scryfall.io/normal/front/a/e/aef218fa-13a4-4653-95d6-6b3ef1b33a92.jpg?1783906625"", 1)","FIN","0086","Basic/Non-foil","Non-Foil, Traditional Foil","Standard","FF14","Mythic","Legendary Creature — Cat Druid","U","No",0,0,0,0,"Near Mint (NM)",4.24,7.17,""
"Y'shtola Rhul","","=IMAGE(""https://cards.scryfall.io/normal/front/0/1/01eee1b7-286c-4df7-aeaf-ada01882e662.jpg?1783906184"", 1)","PFIN","86s","Promo","Traditional Foil, Promo","Standard","FF14","Mythic","Legendary Creature — Cat Druid","U","No",0,0,0,0,"Near Mint (NM)","",23.67,""
"Y'shtola Rhul","","=IMAGE(""https://cards.scryfall.io/normal/front/a/1/a1d3d33d-4cd9-4009-82c9-adb2e1ec45cb.jpg?1783906483"", 1)","FIN","0443","Basic/Non-foil","Non-Foil, Traditional Foil","Extended Art","FF14","Mythic","Legendary Creature — Cat Druid","U","No",0,0,0,0,"Near Mint (NM)",11.05,25.67,""
"Y'shtola Rhul","","=IMAGE(""https://cards.scryfall.io/normal/front/6/d/6d24956c-b123-4682-9f89-6821ae45fc00.jpg?1783906430"", 1)","FIN","0577","Basic/Non-foil","Non-Foil, Traditional Foil","Borderless","FF14","Mythic","Legendary Creature — Cat Druid","U","No",0,0,0,0,"Near Mint (NM)",29.3,49.0,""
"Yuffie, Materia Hunter","","=IMAGE(""https://cards.scryfall.io/normal/front/1/1/117bb5db-4a1c-4704-b0b5-c67b45ac2f52.jpg?1783906353"", 1)","FIC","0065","Surge Foil","Surge Foil","Standard","FF7","Rare","Legendary Creature — Human Ninja","R","No",0,0,0,0,"Near Mint (NM)",0.25,"",""
"Yuffie, Materia Hunter","","=IMAGE(""https://cards.scryfall.io/normal/front/f/8/f8417267-c953-4d58-8a9e-af3d0da01509.jpg?1783904647"", 1)","FIC","0470","Wave Foil","Wave Foil","Borderless","FF7","Rare","Legendary Creature — Human Ninja","R","No",0,0,0,0,"Near Mint (NM)","",80.11,""
"Yuffie, Materia Hunter","","=IMAGE(""https://cards.scryfall.io/normal/front/3/5/3504bbeb-b4f0-4b43-9ab9-ff456f080b7f.jpg?1783906319"", 1)","FIC","0158","Basic/Non-foil","Non-Foil, Traditional Foil","Extended Art","FF7","Rare","Legendary Creature — Human Ninja","R","No",0,0,0,0,"Near Mint (NM)",1.12,5.33,""
"Yuna, Grand Summoner","","=IMAGE(""https://cards.scryfall.io/normal/front/9/3/930da933-4263-40ff-96af-4bd9e797249e.jpg?1783906371"", 1)","FIC","0008","Basic/Non-foil","Non-Foil, Traditional Foil","Standard","FF10","Mythic","Legendary Creature — Human Cleric","GUW","No",0,0,0,0,"Near Mint (NM)",3.16,0.68,""
"Yuna, Grand Summoner","","=IMAGE(""https://cards.scryfall.io/normal/front/b/b/bbd454a8-b8d0-4755-bd60-321d51589904.jpg?1783906307"", 1)","FIC","0192","Basic/Non-foil","Non-Foil, Traditional Foil","Extended Art","FF10","Mythic","Legendary Creature — Human Cleric","GUW","No",0,0,0,0,"Near Mint (NM)",4.22,11.4,""
"Yuna, Grand Summoner","","=IMAGE(""https://cards.scryfall.io/normal/front/e/5/e562a30c-038e-44bb-ae07-0c3d0e8a1393.jpg?1783906301"", 1)","FIC","0208","Basic/Non-foil","Non-Foil, Traditional Foil","Borderless","FF10","Mythic","Legendary Creature — Human Cleric","GUW","No",0,0,0,0,"Near Mint (NM)",42.9,63.81,""
"Yuna, Grand Summoner","","=IMAGE(""https://cards.scryfall.io/normal/front/2/8/2819652e-c944-4c5d-a098-2d15e232366e.jpg?1783906298"", 1)","FIC","0216","Surge Foil","Surge Foil","Borderless","FF10","Mythic","Legendary Creature — Human Cleric","GUW","No",0,0,0,0,"Near Mint (NM)","",325.54,""
"Yuna, Grand Summoner","","=IMAGE(""https://cards.scryfall.io/normal/front/a/8/a8d64705-c6ce-4bfa-a444-aa06ea9ee122.jpg?1783906295"", 1)","FIC","0227","Surge Foil","Surge Foil","Standard","FF10","Mythic","Legendary Creature — Human Cleric","GUW","No",0,0,0,0,"Near Mint (NM)","",3.87,""
"Yuna, Grand Summoner // Yuna, Grand Summoner","","=IMAGE(""https://cards.scryfall.io/normal/front/4/5/452907b1-edc1-45eb-bd48-d46474d2c3a5.jpg?1783906414"", 1)","AFIN","0022","Basic/Non-foil","Non-Foil, Traditional Foil","Art Card","FF10","Common","Card // Card","Colorless","No",0,0,0,0,"Near Mint (NM)","","",""
"Yuna, Hope of Spira","","=IMAGE(""https://cards.scryfall.io/normal/front/3/5/35b613ad-86f0-431b-af93-147d21041fde.jpg?1783906559"", 1)","FIN","0250","Basic/Non-foil","Non-Foil, Traditional Foil","Standard","FF10","Mythic","Legendary Creature — Human Cleric","GW","No",0,0,0,0,"Near Mint (NM)",4.02,5.38,""
"Yuna, Hope of Spira","","=IMAGE(""https://cards.scryfall.io/normal/front/d/9/d9228c15-06d1-4701-8619-1ad08d63275a.jpg?1783904639"", 1)","FIN","0571","Wave Foil","Wave Foil","Borderless","FF10","Mythic","Legendary Creature — Human Cleric","GW","No",0,0,0,0,"Near Mint (NM)","",183.22,""
"Yuna, Hope of Spira","","=IMAGE(""https://cards.scryfall.io/normal/front/7/c/7ceec16c-f536-447c-b62a-24873475fcf2.jpg?1783906153"", 1)","PFIN","250s","Promo","Traditional Foil, Promo","Standard","FF10","Mythic","Legendary Creature — Human Cleric","GW","No",0,0,0,0,"Near Mint (NM)","",23.26,""
"Yuna, Hope of Spira","","=IMAGE(""https://cards.scryfall.io/normal/front/8/f/8f861d59-f2ce-457f-99f4-48b12ae34fa2.jpg?1783906499"", 1)","FIN","0404","Basic/Non-foil","Non-Foil, Traditional Foil","Borderless","FF10","Mythic","Legendary Creature — Human Cleric","GW","No",0,0,0,0,"Near Mint (NM)",17.97,24.2,""
"Yuna, Hope of Spira","","=IMAGE(""https://cards.scryfall.io/normal/front/c/f/cf41b2a8-0f8f-48fd-a430-056a2f669615.jpg?1783906452"", 1)","FIN","0517","Basic/Non-foil","Non-Foil, Traditional Foil","Extended Art","FF10","Mythic","Legendary Creature — Human Cleric","GW","No",0,0,0,0,"Near Mint (NM)",10.3,22.78,""
"Yuna, Hope of Spira","","=IMAGE(""https://cards.scryfall.io/normal/front/e/d/ed59c09c-b972-4470-bcae-c79866825941.jpg?1783906437"", 1)","FIN","0549","Surge Foil","Surge Foil","Borderless","FF10","Mythic","Legendary Creature — Human Cleric","GW","No",0,0,0,0,"Near Mint (NM)","",157.99,""
"Yuna, Hope of Spira // Yuna, Hope of Spira","","=IMAGE(""https://cards.scryfall.io/normal/front/0/7/070d99d0-29c4-4bd6-9c7a-6635122d84b9.jpg?1783906401"", 1)","AFIN","0048","Basic/Non-foil","Non-Foil, Traditional Foil","Art Card","FF10","Common","Card // Card","Colorless","No",0,0,0,0,"Near Mint (NM)","","",""
"Yuna's Decision","","=IMAGE(""https://cards.scryfall.io/normal/front/5/0/5044eedb-f7d9-4b65-aa5b-fb494d00facd.jpg?1783906349"", 1)","FIC","0074","Surge Foil","Surge Foil","Standard","FF10","Rare","Sorcery","G","No",0,0,0,0,"Near Mint (NM)",0.24,"",""
"Yuna's Decision","","=IMAGE(""https://cards.scryfall.io/normal/front/5/9/599bea5b-ec99-441b-99d4-08dd1ec97f1c.jpg?1783906332"", 1)","FIC","0125","Basic/Non-foil","Non-Foil, Traditional Foil","Extended Art","FF10","Rare","Sorcery","G","No",0,0,0,0,"Near Mint (NM)",0.96,1.65,""
"Yuna's Whistle","","=IMAGE(""https://cards.scryfall.io/normal/front/8/e/8e591a23-15c3-4a65-a9d2-d1ce0f83552c.jpg?1783906349"", 1)","FIC","0075","Surge Foil","Surge Foil","Standard","FF10","Rare","Instant","G","No",0,0,0,0,"Near Mint (NM)",0.21,"",""
"Yuna's Whistle","","=IMAGE(""https://cards.scryfall.io/normal/front/7/6/76c0645f-d44c-4ad3-9e90-9d6187e44eb4.jpg?1783906332"", 1)","FIC","0126","Basic/Non-foil","Non-Foil, Traditional Foil","Extended Art","FF10","Rare","Instant","G","No",0,0,0,0,"Near Mint (NM)",0.48,1.14,""
"Yuffie Kisaragi","Yuriko, the Tiger's Shadow","=IMAGE(""https://cards.scryfall.io/normal/front/6/b/6b26622f-7bf5-4a07-b109-4bcb13fdb010.jpg?1783906375"", 1)","FCA","0060","Basic/Non-foil","Non-Foil, Traditional Foil","Borderless","FF7","Rare","Legendary Creature — Human Ninja","BU","No",0,0,0,0,"Near Mint (NM)",3.6,24.27,""
"Zack Fair","","=IMAGE(""https://cards.scryfall.io/normal/front/f/2/f21f9161-5945-40da-8da0-446f6a4a1c23.jpg?1783906640"", 1)","FIN","0045","Basic/Non-foil","Non-Foil, Traditional Foil","Standard","FF7","Uncommon","Legendary Creature — Human Soldier","W","No",0,0,0,0,"Near Mint (NM)",0.25,0.34,""
"Zack Fair","","=IMAGE(""https://cards.scryfall.io/normal/front/9/0/90ab9143-23e0-437e-bc51-a46f3497c195.jpg?1783906429"", 1)","FIN","0580","Surge Foil","Surge Foil","Standard","FF7","Uncommon","Legendary Creature — Human Soldier","W","No",0,0,0,0,"Near Mint (NM)","",9.12,""
"Zack Fair","","=IMAGE(""https://cards.scryfall.io/normal/front/f/9/f99f3a14-3a7c-4c1c-b747-c6b1144ef1f1.jpg?1783906487"", 1)","FIN","0435","Basic/Non-foil","Non-Foil, Traditional Foil","Extended Art","FF7","Uncommon","Legendary Creature — Human Soldier","W","No",0,0,0,0,"Near Mint (NM)",4.9,47.98,""
"Zanarkand, Ancient Metropolis // Lasting Fayth","","=IMAGE(""https://cards.scryfall.io/normal/front/8/8/881e4c00-3b9a-47a1-bf66-1badda994c88.jpg?1783906545"", 1)","FIN","0293","Basic/Non-foil","Non-Foil, Traditional Foil","Standard","FF10","Rare","Land — Town // Sorcery — Adventure","G","No",0,0,0,0,"Near Mint (NM)",0.49,0.85,""
"Zanarkand, Ancient Metropolis // Lasting Fayth","","=IMAGE(""https://cards.scryfall.io/normal/front/4/2/42788e7f-6db5-4a62-882d-0f8f74a94e32.jpg?1783906147"", 1)","PFIN","293s","Promo","Traditional Foil, Promo","Standard","FF10","Rare","Land — Town // Sorcery — Adventure","G","No",0,0,0,0,"Near Mint (NM)","",10.55,""
"Zanarkand, Ancient Metropolis // Lasting Fayth","","=IMAGE(""https://cards.scryfall.io/normal/front/c/6/c64bb94b-c1a7-4dd3-b2dc-b87d306d62ad.jpg?1783906537"", 1)","FIN","0314","Basic/Non-foil","Non-Foil, Traditional Foil","Borderless","FF10","Rare","Land — Town // Sorcery — Adventure","G","No",0,0,0,0,"Near Mint (NM)",2.12,3.43,""
"Zell Dincht","","=IMAGE(""https://cards.scryfall.io/normal/front/1/3/135d6b27-9168-4513-9d7d-56edae048857.jpg?1783906593"", 1)","FIN","0170","Basic/Non-foil","Non-Foil, Traditional Foil","Standard","FF8","Rare","Legendary Creature — Human Monk","R","No",0,0,0,0,"Near Mint (NM)",0.38,0.58,""
"Zell Dincht","","=IMAGE(""https://cards.scryfall.io/normal/front/2/8/284b33d2-aefd-41dd-867f-9106a3f89698.jpg?1783906173"", 1)","PFIN","170s","Promo","Traditional Foil, Promo","Standard","FF8","Rare","Legendary Creature — Human Monk","R","No",0,0,0,0,"Near Mint (NM)","",8.76,""
"Zell Dincht","","=IMAGE(""https://cards.scryfall.io/normal/front/2/5/25d28011-f0a6-4d7b-ab87-aae0fe354d9e.jpg?1783906475"", 1)","FIN","0468","Basic/Non-foil","Non-Foil, Traditional Foil","Extended Art","FF8","Rare","Legendary Creature — Human Monk","R","No",0,0,0,0,"Near Mint (NM)",2.0,18.76,""
"Zenos yae Galvus // Shinryu, Transcendent Rival","","=IMAGE(""https://cards.scryfall.io/normal/front/b/6/b65ffce4-bb58-418a-9bad-81533a5f2ba2.jpg?1783906617"", 1)","FIN","0127","Basic/Non-foil","Non-Foil, Traditional Foil","Standard","FF14","Rare","Legendary Creature — Human Noble Warrior // Legendary Creature — Dragon","B","No",0,0,0,0,"Near Mint (NM)",0.4,0.49,""
"Zenos yae Galvus // Shinryu, Transcendent Rival","","=IMAGE(""https://cards.scryfall.io/normal/front/6/c/6c6f6035-32e0-4ea2-b281-79c8e00708a0.jpg?1783906187"", 1)","PFIN","127s","Promo","Traditional Foil, Promo","Standard","FF14","Rare","Legendary Creature — Human Noble Warrior // Legendary Creature — Dragon","B","No",0,0,0,0,"Near Mint (NM)","",8.74,""
"Zenos yae Galvus // Shinryu, Transcendent Rival","","=IMAGE(""https://cards.scryfall.io/normal/front/5/9/59fc74c0-9a97-44d5-a62e-a2b68880cfac.jpg?1783906513"", 1)","FIN","0384","Basic/Non-foil","Non-Foil, Traditional Foil","Borderless","FF14","Rare","Legendary Creature — Human Noble Warrior // Legendary Creature — Dragon","B","No",0,0,0,0,"Near Mint (NM)",4.32,5.79,""
"Zenos yae Galvus // Shinryu, Transcendent Rival","","=IMAGE(""https://cards.scryfall.io/normal/front/4/0/40658fd0-78a6-44e5-9351-512e6bdcf637.jpg?1783906484"", 1)","FIN","0455","Basic/Non-foil","Non-Foil, Traditional Foil","Extended Art","FF14","Rare","Legendary Creature — Human Noble Warrior // Legendary Creature — Dragon","B","No",0,0,0,0,"Near Mint (NM)",2.21,19.59,""
"Zenos yae Galvus // Shinryu, Transcendent Rival","","=IMAGE(""https://cards.scryfall.io/normal/front/8/e/8e3b09a9-631d-4174-8390-a82db0a3d68d.jpg?1783906451"", 1)","FIN","0529","Surge Foil","Surge Foil","Borderless","FF14","Rare","Legendary Creature — Human Noble Warrior // Legendary Creature — Dragon","B","No",0,0,0,0,"Near Mint (NM)","",27.27,""
"Zidane, Tantalus Thief","","=IMAGE(""https://cards.scryfall.io/normal/front/e/4/e42c7d9d-8685-415b-8c5d-6ab2165863b9.jpg?1783906559"", 1)","FIN","0251","Basic/Non-foil","Non-Foil, Traditional Foil","Standard","FF9","Uncommon","Legendary Creature — Human Mutant Scout","RW","No",0,0,0,0,"Near Mint (NM)",0.21,0.27,""
"Zidane, Tantalus Thief","","=IMAGE(""https://cards.scryfall.io/normal/front/8/d/8dca28e1-21f1-4ed7-b294-df2e0c5c9503.jpg?1783906499"", 1)","FIN","0405","Basic/Non-foil","Non-Foil, Traditional Foil","Borderless","FF9","Uncommon","Legendary Creature — Human Mutant Scout","RW","No",0,0,0,0,"Near Mint (NM)",0.53,0.42,""
"Zidane, Tantalus Thief","","=IMAGE(""https://cards.scryfall.io/normal/front/2/e/2eaffe7a-0e04-4c19-942b-695a0c350ef0.jpg?1783906452"", 1)","FIN","0518","Basic/Non-foil","Non-Foil, Traditional Foil","Extended Art","FF9","Uncommon","Legendary Creature — Human Mutant Scout","RW","No",0,0,0,0,"Near Mint (NM)",1.3,11.53,""
"Zidane, Tantalus Thief","","=IMAGE(""https://cards.scryfall.io/normal/front/4/3/439b31a8-d6e2-4db4-bac3-c02e2eb11719.jpg?1783906437"", 1)","FIN","0550","Surge Foil","Surge Foil","Borderless","FF9","Uncommon","Legendary Creature — Human Mutant Scout","RW","No",0,0,0,0,"Near Mint (NM)","",3.34,""
"Zidane, Tantalus Thief // Zidane, Tantalus Thief","","=IMAGE(""https://cards.scryfall.io/normal/front/2/c/2c5af371-8841-4e29-9a12-06f03f5541e8.jpg?1783906400"", 1)","AFIN","0049","Basic/Non-foil","Non-Foil, Traditional Foil","Art Card","FF9","Common","Card // Card","Colorless","No",0,0,0,0,"Near Mint (NM)","","",""
"Zodiark, Umbral God","","=IMAGE(""https://cards.scryfall.io/normal/front/9/b/9ba292d5-5139-42ea-950d-0a638445277f.jpg?1783906608"", 1)","FIN","0128","Basic/Non-foil","Non-Foil, Traditional Foil","Standard","FF14","Rare","Legendary Creature — God","B","No",0,0,0,0,"Near Mint (NM)",0.67,0.92,""
"Zodiark, Umbral God","","=IMAGE(""https://cards.scryfall.io/normal/front/6/2/627a0899-e206-4dc0-bc07-6d04d63792df.jpg?1783906181"", 1)","PFIN","128s","Promo","Traditional Foil, Promo","Standard","FF14","Rare","Legendary Creature — God","B","No",0,0,0,0,"Near Mint (NM)","",14.07,""
"Zodiark, Umbral God","","=IMAGE(""https://cards.scryfall.io/normal/front/2/e/2eb50ecd-d32f-482b-8e6f-57f68179241b.jpg?1783906528"", 1)","FIN","0336","Basic/Non-foil","Non-Foil, Traditional Foil","Borderless","FF14","Rare","Legendary Creature — God","B","No",0,0,0,0,"Near Mint (NM)",3.36,4.51,""
"Zodiark, Umbral God","","=IMAGE(""https://cards.scryfall.io/normal/front/f/7/f7f9977f-b2dc-46bb-b961-097675cdcb45.jpg?1783906478"", 1)","FIN","0456","Basic/Non-foil","Non-Foil, Traditional Foil","Extended Art","FF14","Rare","Legendary Creature — God","B","No",0,0,0,0,"Near Mint (NM)",2.1,6.85,""
"Zombie","","=IMAGE(""https://cards.scryfall.io/normal/front/4/c/4cecd5c6-d6c8-4cd5-97a3-cddaf051af15.jpg?1783906142"", 1)","TFIC","0006","Surge Foil","Surge Foil","Standard","FF14","Common","Token Creature — Zombie","B","No",0,0,0,0,"Near Mint (NM)","","",""
